temperature,humidity,wind_speed,wind_direction,cloud_cover,pressure,visibility,precipitation,uv_index,dew_point,weather
10.6,82.6,27.2,254.9,98.1,1001.7,7.1,6.1,1.5,12.7,Rainy
7.3,80.2,21.6,143.9,88.0,1003.9,3.0,13.9,2.0,13.1,Rainy
16.2,87.6,36.0,246.3,93.5,989.8,3.7,11.3,1.5,17.1,Thunderstorm
16.6,81.7,9.3,196.8,91.7,1011.2,4.0,1.7,2.8,10.4,Rainy
25.4,54.2,10.2,59.5,27.4,1014.8,11.2,0.0,3.8,17.7,Partly Cloudy
20.7,62.9,14.3,41.7,79.0,1015.9,6.6,1.7,1.9,9.4,Cloudy
11.7,71.4,5.7,349.8,87.8,1012.8,10.2,0.8,2.2,12.5,Cloudy
14.1,65.9,16.2,113.2,85.8,1010.1,6.4,0.0,2.2,15.2,Cloudy
20.8,73.0,9.2,38.0,85.7,1001.1,7.3,3.4,2.8,10.7,Cloudy
28.2,28.0,8.7,82.1,20.2,1016.5,7.0,0.2,7.2,10.8,Sunny
12.3,75.9,27.4,145.4,78.3,1004.9,5.9,11.3,0.9,9.7,Rainy
32.3,30.6,9.7,124.2,21.5,1023.3,7.5,0.7,12.3,16.9,Sunny
12.7,58.3,17.2,354.0,91.8,1017.3,6.8,1.3,3.4,18.8,Cloudy
18.3,82.1,23.2,6.0,56.4,1010.4,4.8,2.7,2.1,17.6,Cloudy
26.9,59.3,10.8,194.9,48.1,1009.9,14.2,0.0,5.2,18.0,Partly Cloudy
30.8,44.6,5.7,304.8,7.7,1023.3,17.6,0.9,9.1,11.3,Sunny
39.3,39.7,5.2,256.4,15.3,1014.2,11.6,0.4,10.5,13.7,Sunny
34.7,41.3,22.2,229.1,14.3,1010.5,15.0,0.2,7.7,15.5,Sunny
35.7,85.7,23.9,260.1,94.8,989.4,5.0,13.4,2.1,19.9,Thunderstorm
17.7,55.5,14.4,96.7,47.2,1008.4,11.3,1.5,3.6,9.8,Cloudy
21.6,39.7,19.4,49.2,34.6,1017.2,17.3,0.3,2.5,16.6,Partly Cloudy
9.3,84.1,55.8,287.4,100.0,1011.9,6.5,8.7,0.8,7.5,Rainy
32.6,43.2,10.4,353.5,34.5,1015.7,12.4,1.4,2.2,17.9,Partly Cloudy
13.0,84.4,14.8,30.7,90.4,1000.4,10.3,10.5,-0.0,12.6,Rainy
23.5,15.1,6.6,66.4,16.7,1017.3,12.6,0.0,8.3,11.5,Sunny
12.5,92.9,6.2,186.0,58.2,1021.6,0.8,0.6,1.7,6.6,Foggy
16.8,86.2,17.6,177.0,89.5,995.9,5.8,0.0,0.7,16.6,Rainy
30.3,50.0,18.8,194.2,51.7,1022.7,13.0,1.9,5.9,18.1,Partly Cloudy
15.5,86.1,22.1,139.0,75.9,1011.7,6.1,1.7,2.5,11.2,Cloudy
18.4,71.7,35.6,337.2,89.3,1001.5,6.1,10.0,3.7,6.4,Rainy
17.9,66.2,25.7,122.7,67.9,1019.3,6.7,1.4,3.3,13.0,Cloudy
34.7,41.8,8.8,140.1,7.8,1014.9,20.7,0.5,4.4,10.2,Sunny
22.8,37.7,17.3,348.7,13.2,1022.4,16.5,0.0,8.1,6.2,Sunny
28.1,40.6,13.5,29.3,0.0,1011.0,12.8,0.0,8.6,17.9,Sunny
14.8,53.3,8.5,145.9,69.9,1019.5,9.4,3.0,3.5,15.5,Cloudy
19.5,79.1,28.2,102.9,87.3,1008.2,6.1,11.9,2.5,12.2,Rainy
23.1,44.4,10.5,265.4,58.3,1014.3,10.2,0.7,3.9,15.9,Partly Cloudy
20.8,42.4,10.6,129.7,36.1,1006.7,17.2,0.0,4.0,12.4,Partly Cloudy
21.0,79.8,22.2,311.8,73.4,1017.1,6.6,0.0,4.4,12.7,Cloudy
23.0,67.2,15.1,192.4,78.8,1011.2,12.8,2.9,2.4,17.1,Cloudy
16.7,84.0,46.8,82.3,97.6,1006.5,7.1,9.2,1.3,19.0,Thunderstorm
16.1,89.4,6.8,293.9,76.2,1018.7,0.0,0.2,2.6,12.6,Foggy
16.3,61.6,7.6,157.5,92.3,1008.4,10.2,4.3,3.1,17.9,Cloudy
12.5,74.7,21.9,165.4,80.5,1013.5,3.4,3.8,3.4,8.9,Cloudy
19.5,55.6,14.9,322.8,62.3,1022.3,7.0,1.3,2.5,10.6,Cloudy
19.2,96.8,80.7,128.2,88.9,988.7,3.9,8.7,1.6,25.9,Thunderstorm
21.4,58.8,13.6,75.4,82.0,1008.3,1.1,0.0,4.4,17.9,Cloudy
9.3,96.3,5.9,269.9,52.5,1003.7,2.3,0.3,2.3,5.1,Foggy
26.8,24.2,16.7,284.1,17.1,1013.6,15.0,1.2,10.0,10.2,Sunny
24.3,49.8,11.2,323.9,58.0,1013.6,1.8,2.0,2.4,9.2,Cloudy
18.2,81.2,39.4,295.5,89.4,1007.0,9.6,13.0,1.9,9.3,Rainy
17.6,76.3,22.5,219.8,95.1,993.4,5.9,3.2,1.3,12.1,Rainy
33.3,30.6,8.0,246.4,42.8,1026.9,10.2,0.8,5.2,15.8,Partly Cloudy
27.6,53.7,12.0,337.8,45.9,1022.9,11.6,1.1,4.1,16.4,Partly Cloudy
19.5,94.3,6.3,326.8,50.6,1016.1,0.3,0.2,3.9,10.7,Foggy
23.5,92.4,32.3,181.0,96.6,996.2,5.7,0.0,1.7,21.1,Thunderstorm
10.5,57.4,23.5,60.0,88.1,1009.9,6.9,2.7,4.6,15.9,Cloudy
33.6,35.7,8.1,274.5,7.2,1022.1,18.9,0.0,7.1,9.8,Sunny
20.3,96.0,30.7,297.6,100.0,1004.2,6.7,6.4,0.5,14.4,Rainy
19.0,51.8,28.2,220.1,41.3,1018.6,13.4,1.2,3.8,15.9,Partly Cloudy
12.5,78.5,22.4,59.6,86.2,1007.9,5.2,3.1,0.9,13.6,Rainy
23.2,27.0,12.6,283.6,2.7,1019.2,18.2,0.0,7.9,15.2,Sunny
16.7,81.7,16.4,50.7,57.0,1010.0,4.0,3.2,2.8,16.2,Cloudy
4.5,88.6,3.7,185.5,69.4,1014.1,3.1,0.6,0.7,9.4,Foggy
25.6,18.9,15.4,125.8,7.4,1029.3,13.3,0.5,7.2,5.4,Sunny
20.8,78.9,2.0,158.7,90.0,997.6,7.0,1.4,1.6,10.7,Cloudy
14.2,92.6,4.5,198.6,85.4,1008.1,1.4,1.8,2.1,11.4,Foggy
10.5,52.8,22.3,35.8,84.8,1004.4,8.7,2.4,4.6,10.0,Cloudy
13.5,78.7,48.5,264.9,91.4,1000.6,5.7,18.7,1.7,12.0,Thunderstorm
29.6,46.7,14.5,299.0,54.2,1011.6,14.8,0.6,4.5,15.0,Partly Cloudy
19.5,91.8,4.3,8.1,90.2,1013.5,0.3,0.0,2.7,9.5,Foggy
14.3,88.8,34.2,296.1,100.0,1005.9,4.5,8.0,1.9,4.3,Rainy
16.0,87.9,38.3,63.1,98.1,1003.9,7.6,9.5,0.0,11.0,Rainy
15.8,78.2,34.7,329.6,96.0,1015.5,5.7,10.2,0.2,11.6,Rainy
16.1,77.8,28.0,170.7,81.6,996.1,3.3,14.6,1.3,9.2,Rainy
27.2,70.0,21.2,250.1,82.5,1000.6,5.8,1.6,2.9,14.9,Cloudy
19.3,81.0,31.5,237.2,94.9,1010.8,6.9,7.7,0.3,13.3,Rainy
25.8,58.2,15.7,12.2,27.0,1020.3,11.9,1.7,5.0,14.1,Partly Cloudy
33.8,53.4,8.6,201.8,57.0,1020.1,11.8,0.0,6.9,19.8,Partly Cloudy
20.5,55.4,11.9,265.6,0.0,1021.6,14.3,0.5,8.5,11.9,Sunny
18.3,75.7,14.9,172.8,91.9,1015.5,8.9,0.0,1.2,10.4,Cloudy
21.2,46.4,16.2,307.0,83.0,1019.7,9.4,1.6,2.0,12.2,Cloudy
17.3,56.7,31.9,60.1,67.0,1011.0,9.5,2.4,5.5,11.1,Cloudy
22.9,54.7,17.5,226.7,41.2,1007.5,13.9,3.5,5.2,7.2,Partly Cloudy
21.7,54.7,12.2,80.6,47.6,1026.8,14.8,0.2,5.2,12.5,Partly Cloudy
17.3,75.2,24.8,306.8,89.4,1003.7,6.3,8.9,1.0,9.4,Rainy
12.7,87.2,3.3,79.3,69.9,1009.4,2.2,0.5,3.2,16.6,Foggy
22.9,68.7,19.1,195.8,44.9,1018.2,15.3,1.1,4.0,12.1,Partly Cloudy
24.2,27.6,6.3,317.4,14.8,1017.8,16.7,0.0,9.3,18.3,Sunny
16.4,81.5,25.4,227.5,96.0,995.5,9.0,8.9,2.3,10.8,Rainy
29.7,47.6,9.1,271.3,35.2,1012.2,13.5,1.5,4.1,13.1,Partly Cloudy
15.5,89.6,5.3,313.8,61.6,1013.9,3.6,0.5,1.4,14.6,Foggy
12.0,91.8,7.6,107.4,71.6,1014.3,2.6,0.3,1.6,3.5,Foggy
22.7,47.6,16.8,76.7,40.9,1013.9,14.9,0.7,5.8,13.9,Partly Cloudy
19.5,86.1,4.3,286.8,70.3,1014.6,1.7,1.3,3.5,10.1,Foggy
22.1,39.4,6.0,117.3,0.0,1027.8,20.9,0.0,8.7,11.7,Sunny
13.1,86.5,5.7,14.3,77.2,1007.2,2.0,0.5,0.8,13.5,Foggy
28.5,50.6,11.1,317.7,23.4,1009.5,14.8,1.6,5.2,12.9,Partly Cloudy
24.8,78.8,8.8,336.7,85.3,1010.9,9.6,2.8,4.3,19.3,Cloudy
14.2,90.8,28.7,173.1,100.0,1001.8,9.5,12.3,4.4,10.7,Rainy
20.1,59.3,17.9,199.9,100.0,1004.4,10.3,0.3,3.6,11.5,Cloudy
31.1,31.6,11.4,345.9,19.1,1016.6,19.2,0.4,8.1,18.3,Sunny
25.9,60.5,23.4,175.2,34.5,1006.8,10.3,1.8,5.3,16.1,Partly Cloudy
15.7,80.6,50.9,257.7,96.6,995.7,0.7,14.6,1.4,22.2,Thunderstorm
26.6,37.8,4.7,143.7,18.6,1026.6,19.6,0.0,6.9,13.7,Sunny
9.1,92.4,2.4,121.3,66.1,1018.2,2.6,0.0,1.2,10.6,Foggy
20.6,67.2,29.0,281.4,72.8,1001.7,9.6,8.7,3.1,10.5,Rainy
10.1,92.2,3.6,337.2,81.0,1011.6,2.1,0.0,2.9,10.0,Foggy
26.4,63.6,24.6,72.7,62.5,1011.7,6.0,3.6,2.8,14.6,Cloudy
21.3,49.0,14.9,87.9,42.2,1015.8,10.8,1.3,5.9,14.6,Partly Cloudy
14.9,86.3,5.6,359.8,58.7,1017.0,1.7,0.7,3.4,10.7,Foggy
23.8,91.3,42.9,316.0,98.9,994.9,1.1,8.7,0.4,22.7,Thunderstorm
23.6,18.6,6.5,161.5,22.4,1014.8,11.0,0.8,10.0,9.2,Sunny
27.0,71.2,18.4,305.0,55.4,1011.0,0.8,1.2,4.6,14.0,Cloudy
18.0,82.2,25.8,21.7,89.5,1003.7,7.1,7.9,1.0,9.4,Rainy
14.1,65.6,22.6,209.1,78.1,1007.1,8.9,1.9,3.1,16.9,Cloudy
15.4,69.3,20.2,204.2,92.6,1014.8,5.8,5.7,2.1,13.4,Rainy
10.4,92.2,5.1,82.1,77.5,1005.5,3.1,0.3,1.7,11.3,Foggy
21.6,39.4,18.5,241.7,45.5,1017.9,14.0,0.8,3.3,12.2,Partly Cloudy
12.7,77.2,28.6,34.5,90.4,1004.0,7.9,16.8,1.4,7.9,Rainy
25.3,74.2,35.7,160.5,100.0,1006.3,3.0,3.5,2.3,18.7,Thunderstorm
16.0,75.3,16.9,81.6,85.3,1003.6,4.5,8.1,1.4,14.1,Rainy
25.2,74.1,28.6,164.5,98.7,986.0,1.3,14.9,1.6,21.5,Thunderstorm
17.8,40.1,18.1,192.9,38.7,1010.5,9.8,2.2,6.6,16.4,Partly Cloudy
8.4,85.0,5.1,303.1,81.7,1023.6,2.4,0.6,1.7,9.4,Foggy
9.5,90.5,4.2,123.0,47.0,1006.0,2.1,0.0,1.4,11.4,Foggy
26.6,74.9,15.0,357.2,50.1,1013.1,13.4,0.6,6.7,16.3,Partly Cloudy
17.4,75.6,32.8,8.2,86.5,1001.2,6.2,10.2,2.1,14.1,Rainy
34.3,82.9,35.2,180.9,97.6,989.5,3.4,10.7,1.4,18.2,Thunderstorm
17.1,80.5,9.2,158.2,92.3,999.4,7.1,2.9,1.0,13.3,Rainy
12.7,67.8,17.5,271.5,57.2,1001.0,10.6,0.2,2.7,10.7,Cloudy
12.8,92.2,35.8,82.4,84.1,1000.1,7.0,3.9,2.5,14.2,Rainy
21.4,91.9,37.4,149.1,89.1,1002.3,5.5,11.0,0.0,15.8,Thunderstorm
24.0,78.0,44.5,197.3,100.0,996.7,3.9,8.5,1.1,14.5,Thunderstorm
19.4,84.3,33.1,141.3,92.6,1007.0,4.5,7.2,1.6,11.7,Rainy
22.8,84.9,64.7,139.1,87.5,995.8,3.8,21.8,1.5,19.0,Thunderstorm
27.5,89.0,8.5,166.3,95.9,989.4,0.4,23.8,1.7,17.5,Thunderstorm
12.1,81.4,27.0,82.0,88.3,1004.2,5.9,10.3,1.7,14.1,Rainy
20.8,94.4,31.0,236.3,94.7,1002.4,4.3,3.8,0.0,18.2,Rainy
6.7,93.6,4.7,243.4,65.2,1012.0,2.7,0.3,2.3,4.0,Foggy
20.8,96.3,52.4,279.5,98.7,989.7,5.0,17.3,1.5,17.6,Thunderstorm
14.7,75.8,29.7,182.1,94.0,1010.1,10.6,12.3,0.1,12.2,Rainy
22.0,67.1,10.8,200.9,72.2,1013.6,10.3,1.5,3.6,13.7,Cloudy
24.2,52.6,8.0,263.9,25.6,1017.2,15.6,0.4,4.8,14.1,Partly Cloudy
26.2,53.2,18.9,272.3,53.5,1014.5,15.7,0.0,5.0,20.3,Partly Cloudy
20.0,52.2,19.7,140.9,60.2,1011.2,15.5,0.4,5.3,10.7,Partly Cloudy
22.2,80.6,23.2,253.1,87.5,1004.9,4.7,14.4,3.6,9.0,Rainy
23.9,88.9,37.6,187.3,90.5,995.6,2.2,20.5,1.0,17.3,Thunderstorm
15.8,84.6,39.9,282.8,81.4,1003.4,4.1,6.5,3.1,17.7,Rainy
37.7,38.6,10.2,59.5,15.7,1026.4,20.0,0.4,6.8,6.8,Sunny
8.4,79.4,47.3,227.2,96.7,998.8,4.3,11.7,1.2,20.9,Thunderstorm
29.1,34.0,9.2,94.2,12.8,1016.9,12.5,0.0,7.4,18.3,Sunny
18.4,81.6,60.8,124.5,100.0,1006.6,2.5,13.9,1.3,19.4,Thunderstorm
30.4,84.2,35.9,93.7,99.0,988.0,4.6,5.5,1.9,17.9,Thunderstorm
11.8,77.5,21.6,90.3,85.7,1006.4,8.3,3.9,2.1,13.3,Rainy
33.5,37.4,15.7,220.6,14.4,1015.8,11.7,0.0,5.8,14.6,Sunny
15.5,39.9,18.1,22.4,64.7,1022.0,12.2,0.4,4.9,11.5,Partly Cloudy
25.0,81.6,30.7,272.4,87.8,998.8,3.3,18.6,1.8,17.9,Thunderstorm
32.3,70.2,13.7,101.7,31.6,1021.3,10.6,0.2,1.8,10.7,Partly Cloudy
21.0,72.2,48.0,285.4,100.0,1006.6,3.1,24.0,1.6,21.4,Thunderstorm
33.1,31.7,16.9,130.7,26.6,1027.7,12.5,0.9,4.5,17.1,Partly Cloudy
24.8,99.4,29.0,30.0,96.0,999.9,5.0,15.0,1.7,17.8,Thunderstorm
17.4,93.2,32.1,247.3,96.8,994.0,5.1,17.1,1.4,13.0,Thunderstorm
7.0,100.0,5.7,113.2,89.8,1011.4,0.0,0.2,3.3,8.9,Foggy
8.5,81.3,20.2,325.9,100.0,999.5,7.2,3.4,4.0,16.7,Rainy
17.1,83.2,24.8,228.3,93.0,999.5,8.4,3.5,1.6,13.6,Rainy
18.5,84.4,12.0,11.9,66.9,1016.2,4.0,3.1,3.7,9.4,Cloudy
34.2,31.2,5.4,136.6,5.4,1011.4,14.3,0.0,7.8,17.6,Sunny
28.9,39.2,8.3,327.9,16.0,1021.7,16.8,0.0,10.2,9.9,Sunny
18.2,82.7,19.8,194.7,88.2,1002.6,6.0,6.8,2.8,7.2,Rainy
21.0,56.1,14.1,315.8,76.8,1007.9,10.4,2.8,5.3,11.5,Cloudy
18.2,80.6,34.3,22.9,92.8,1013.1,6.5,10.6,2.7,20.1,Rainy
14.7,87.0,21.9,59.3,82.9,1015.0,5.5,13.6,3.1,10.9,Rainy
13.0,97.4,23.6,342.2,100.0,1009.3,10.6,8.4,1.9,11.4,Rainy
30.5,30.3,9.2,169.1,12.4,1010.9,7.2,0.0,12.6,6.8,Sunny
16.8,33.0,10.0,2.8,7.5,1014.2,16.0,0.7,4.2,12.5,Sunny
12.5,89.1,6.7,191.4,61.4,1013.0,3.0,0.5,1.4,13.4,Foggy
18.5,90.4,68.0,111.4,92.6,999.2,7.2,21.3,1.3,14.4,Thunderstorm
11.4,77.5,37.2,25.6,86.1,1003.4,4.7,8.7,2.4,8.7,Rainy
23.6,65.6,33.3,50.0,80.4,1003.6,8.6,4.5,3.6,15.8,Cloudy
14.5,64.9,20.6,44.3,90.7,991.3,7.5,11.4,3.3,13.4,Rainy
28.4,42.6,14.2,195.3,43.1,1020.3,10.3,0.0,8.3,8.5,Partly Cloudy
20.9,28.1,2.7,216.4,19.4,1023.2,18.4,0.0,7.2,7.6,Sunny
28.9,25.4,8.3,9.2,20.5,1025.0,13.3,0.0,4.6,8.8,Sunny
10.3,98.0,5.5,201.5,87.4,1012.1,2.4,0.0,0.5,6.5,Foggy
19.8,88.9,40.6,41.8,94.5,999.8,4.5,21.3,0.3,12.1,Thunderstorm
6.4,92.7,8.5,274.3,100.0,1010.9,3.2,-0.0,1.1,5.2,Foggy
11.5,81.4,35.1,59.5,92.6,1002.5,7.3,5.4,1.1,15.2,Rainy
15.9,97.6,4.1,14.2,50.9,1025.2,0.5,0.6,2.5,12.3,Foggy
22.5,87.3,69.4,20.8,93.2,1013.7,4.0,19.6,1.7,16.6,Thunderstorm
4.7,98.3,3.2,274.2,60.2,1013.2,0.0,1.9,1.7,12.6,Foggy
13.7,79.1,36.1,358.6,78.9,1011.7,4.4,3.7,2.9,14.4,Rainy
13.4,96.7,3.5,107.8,76.1,1017.7,1.5,0.1,1.3,7.4,Foggy
21.4,72.3,21.1,266.6,80.1,1006.4,10.1,3.8,3.6,14.3,Cloudy
24.1,41.3,10.2,247.5,51.7,1025.5,14.4,2.7,6.0,15.6,Partly Cloudy
34.0,49.6,10.0,254.6,0.0,1014.2,12.7,0.0,9.7,11.2,Sunny
27.8,87.0,22.8,12.1,96.3,994.7,1.2,10.1,2.0,20.7,Thunderstorm
26.6,68.0,21.2,25.8,26.7,1018.9,14.5,1.6,5.4,19.5,Partly Cloudy
16.6,75.9,24.8,102.3,75.8,1007.3,4.1,5.5,2.0,14.9,Rainy
20.9,29.3,12.9,338.6,38.0,1015.7,15.2,1.2,6.3,14.6,Partly Cloudy
21.4,63.6,20.3,32.1,73.8,1009.6,13.9,4.4,1.7,14.6,Cloudy
17.9,80.9,32.5,46.7,97.0,999.3,3.6,2.8,1.5,14.1,Thunderstorm
14.7,88.9,27.3,277.5,83.3,1006.5,3.3,14.5,1.4,14.8,Rainy
9.0,90.6,5.7,244.0,46.7,1016.1,2.4,0.0,1.1,12.4,Foggy
15.6,77.3,44.7,30.7,82.1,1005.8,5.4,10.1,2.6,9.2,Rainy
25.4,47.7,10.0,177.4,49.3,1003.0,11.8,1.0,5.8,13.8,Partly Cloudy
20.6,75.6,11.4,79.1,87.4,999.7,6.3,1.9,0.6,11.2,Rainy
15.6,93.7,32.6,80.4,99.8,1013.4,7.8,20.5,2.3,18.5,Thunderstorm
20.7,71.8,4.4,109.0,63.8,1009.4,3.1,1.7,4.7,13.1,Cloudy
15.9,73.0,30.0,261.2,96.7,1006.8,5.1,11.5,2.9,12.2,Rainy
19.5,84.1,23.8,261.0,93.3,1000.1,6.1,12.5,3.1,12.0,Rainy
33.9,24.1,9.4,344.9,0.0,1018.9,21.1,0.0,7.6,10.6,Sunny
10.8,99.8,4.7,201.9,50.3,1011.7,3.1,0.7,2.7,1.9,Foggy
17.4,67.2,28.7,157.3,84.3,1006.1,6.3,8.2,2.5,10.3,Rainy
23.4,55.1,21.2,348.1,73.5,1016.3,7.0,0.9,4.0,12.3,Cloudy
22.3,37.3,5.2,277.8,7.5,1018.0,11.2,0.3,9.8,10.2,Sunny
14.6,56.8,23.3,0.2,72.4,1031.0,3.6,5.4,2.7,12.7,Cloudy
22.3,61.9,12.0,90.4,16.4,1019.5,8.4,1.7,5.0,10.2,Partly Cloudy
14.8,72.5,11.5,155.3,83.5,1013.0,13.1,0.0,2.2,12.5,Cloudy
25.7,48.1,19.6,280.9,35.7,997.6,13.2,0.0,4.2,9.9,Partly Cloudy
2.2,93.0,5.9,119.6,76.1,1017.2,2.7,0.0,2.4,9.3,Foggy
19.2,76.0,24.3,46.0,95.5,987.1,4.5,3.9,1.0,9.8,Rainy
22.4,55.9,11.5,273.3,96.8,1015.1,8.7,1.1,3.7,11.2,Cloudy
16.5,72.1,13.5,195.3,70.8,1003.8,12.5,1.2,1.3,13.4,Cloudy
16.0,47.1,15.7,46.8,45.9,1022.3,12.9,0.2,5.8,13.8,Partly Cloudy
26.8,60.8,20.0,166.2,42.8,1017.5,14.0,1.4,6.3,11.5,Partly Cloudy
20.2,81.8,30.9,42.8,97.3,1003.9,6.3,26.4,0.0,17.3,Thunderstorm
7.1,85.6,31.8,138.4,89.5,1008.2,7.5,4.0,2.2,16.0,Rainy
18.3,48.5,9.3,42.7,0.0,1018.9,15.7,0.5,11.0,15.9,Sunny
27.2,28.5,13.1,225.0,19.7,1019.3,13.9,0.1,4.4,13.6,Sunny
16.5,52.2,17.3,316.1,83.4,1001.4,9.8,1.0,2.8,16.7,Cloudy
13.4,63.4,14.7,340.0,91.6,1016.9,4.4,2.8,4.5,11.5,Cloudy
11.1,72.3,27.8,24.3,89.6,995.7,6.2,14.1,1.4,10.1,Rainy
24.8,57.0,18.2,218.0,95.5,1010.7,10.4,5.2,2.2,14.3,Cloudy
15.8,62.3,28.0,233.5,91.1,1017.1,11.0,0.0,3.9,15.0,Cloudy
14.3,100.0,30.3,76.7,98.0,1008.4,3.0,14.0,0.4,24.2,Thunderstorm
33.5,35.7,12.9,222.2,2.8,1013.8,17.1,-0.0,12.2,8.7,Sunny
19.7,82.5,26.5,156.2,86.5,993.8,9.5,13.5,0.7,14.1,Rainy
17.3,71.0,17.2,77.5,75.0,1016.2,9.3,2.1,0.9,11.2,Rainy
18.6,80.6,30.9,72.1,100.0,1009.8,6.3,14.8,1.8,10.1,Rainy
33.0,29.1,13.4,329.5,6.9,1015.9,19.1,0.2,9.8,12.0,Sunny
30.1,55.4,15.9,23.0,33.4,1019.3,10.8,1.0,5.0,6.3,Partly Cloudy
19.6,84.8,34.8,256.7,90.5,997.8,3.7,25.4,1.6,21.2,Thunderstorm
20.2,61.7,14.3,111.5,76.2,1000.0,1.6,2.8,4.0,11.6,Cloudy
27.5,40.7,12.2,227.6,14.9,1010.9,12.7,0.0,5.8,10.1,Sunny
35.2,39.2,13.4,301.6,13.4,1021.0,21.2,0.0,8.9,8.3,Sunny
18.2,95.3,3.6,266.6,92.9,998.8,6.2,10.3,2.3,9.8,Thunderstorm
11.7,88.5,2.5,37.9,71.6,1004.4,0.6,0.8,1.9,7.2,Foggy
22.8,57.1,19.6,149.3,75.5,1013.2,9.1,0.7,4.7,10.7,Cloudy
27.6,60.2,13.8,227.3,27.8,1015.4,9.2,1.3,3.7,12.4,Partly Cloudy
20.9,50.3,18.7,278.3,53.3,1020.1,13.0,0.1,7.6,12.9,Partly Cloudy
26.5,52.8,23.8,301.0,44.3,1016.7,5.7,0.8,4.6,19.7,Partly Cloudy
16.6,77.2,16.0,147.5,74.9,1004.6,6.0,2.0,2.4,14.7,Cloudy
12.0,82.9,25.3,162.2,92.3,1005.1,5.9,5.7,2.2,11.2,Rainy
14.5,79.6,15.3,126.0,73.4,1008.9,10.0,2.5,3.3,17.3,Cloudy
19.4,52.7,22.6,23.9,45.5,1022.3,14.1,1.8,5.1,19.6,Partly Cloudy
26.0,50.1,5.1,140.7,20.5,1015.6,12.9,0.0,12.0,14.1,Sunny
24.1,77.8,51.0,170.6,90.1,1005.5,2.7,7.9,0.9,15.3,Thunderstorm
11.2,95.3,5.8,210.5,94.1,1011.2,0.9,0.8,1.9,13.7,Foggy
19.2,36.0,9.8,229.1,0.6,1013.5,16.8,0.0,8.9,6.5,Sunny
9.5,98.5,6.5,54.2,82.2,1011.1,0.5,0.2,0.4,11.9,Foggy
11.1,85.2,4.4,185.1,63.4,1020.2,1.3,0.6,2.7,10.8,Foggy
25.8,89.3,29.7,8.1,93.8,1007.7,2.8,2.3,2.0,13.2,Thunderstorm
12.1,86.8,7.2,47.8,66.9,1012.0,1.9,0.8,0.3,4.6,Foggy
22.1,76.1,14.2,214.9,85.6,1007.6,1.8,10.5,2.9,10.2,Rainy
18.5,60.6,24.4,310.9,68.8,1010.9,8.5,2.1,3.1,10.8,Cloudy
36.2,51.9,12.3,163.9,3.0,1022.8,16.4,0.3,10.7,15.4,Sunny
11.5,94.9,5.5,230.1,87.8,1013.5,1.4,0.6,1.6,9.7,Foggy
14.8,63.5,23.6,317.8,78.1,1003.2,9.9,2.9,2.2,15.7,Cloudy
15.5,59.0,14.2,248.8,94.5,1018.4,6.9,0.7,1.0,9.2,Cloudy
29.0,27.5,9.3,96.7,0.0,1009.5,13.6,0.0,10.1,7.9,Sunny
12.0,76.4,33.7,127.3,96.8,1015.5,5.8,3.1,1.3,15.0,Rainy
17.4,75.4,17.8,257.5,77.3,1004.8,3.8,1.2,1.9,13.7,Cloudy
30.1,30.9,13.2,193.7,7.8,1022.2,14.9,0.0,7.9,18.8,Sunny
19.4,90.3,26.6,44.4,87.9,1000.0,9.4,11.7,2.0,17.2,Rainy
15.3,97.8,23.7,82.7,73.2,1011.0,4.2,9.6,0.7,12.9,Rainy
9.9,97.9,6.7,217.4,67.1,1019.8,4.0,1.1,1.4,8.1,Foggy
21.0,69.0,20.8,63.0,61.8,1014.1,9.2,1.5,2.8,10.3,Cloudy
28.7,96.6,42.8,83.5,92.3,1001.1,0.7,10.5,0.8,18.6,Thunderstorm
20.3,67.9,16.9,168.5,94.1,1008.8,7.9,0.2,4.9,8.8,Cloudy
19.4,94.7,39.2,11.0,96.9,993.2,1.8,31.9,1.7,18.1,Thunderstorm
26.4,70.4,70.9,302.1,87.2,995.6,4.5,8.7,0.8,15.8,Thunderstorm
23.7,39.6,10.4,234.5,4.9,1019.4,10.7,0.1,8.4,11.2,Sunny
11.9,99.7,5.3,84.4,67.1,1011.7,2.1,0.6,1.9,9.6,Foggy
24.5,40.5,13.5,215.9,0.0,1007.0,15.3,0.0,9.3,19.8,Sunny
27.6,43.8,15.9,356.4,1.3,1011.6,14.7,0.0,6.4,7.0,Sunny
33.2,33.1,11.3,54.2,0.8,1017.7,16.5,0.0,8.0,20.3,Sunny
23.5,36.9,19.3,63.8,32.2,1013.3,15.3,0.9,6.3,10.1,Partly Cloudy
29.5,38.9,10.9,66.5,32.7,1010.8,6.3,1.2,7.6,13.7,Partly Cloudy
17.6,54.2,11.8,227.6,18.3,1021.9,10.8,0.9,3.6,14.8,Partly Cloudy
25.6,73.1,16.7,117.6,85.3,1009.3,8.3,0.3,5.4,17.5,Cloudy
17.4,87.9,27.5,80.3,92.3,1007.6,6.8,14.4,1.5,7.4,Rainy
4.3,87.7,4.2,81.5,98.3,1004.9,2.7,0.0,3.0,10.3,Foggy
11.3,92.7,5.4,57.0,71.2,1008.8,2.3,0.4,2.7,8.3,Foggy
15.8,52.0,20.9,138.5,80.5,998.8,6.8,2.3,3.4,11.5,Cloudy
22.2,77.3,32.7,235.5,87.3,1006.7,2.6,9.7,2.7,18.3,Thunderstorm
19.1,90.8,30.9,338.5,81.3,1004.2,5.4,11.6,1.9,11.8,Rainy
17.1,93.9,18.1,236.9,88.7,1000.2,5.2,6.6,0.8,11.1,Rainy
19.3,87.0,31.8,301.1,89.4,997.6,2.7,4.4,0.7,16.0,Thunderstorm
9.2,100.0,5.7,154.2,81.6,1014.8,2.2,0.4,3.2,9.4,Foggy
10.8,90.1,0.0,89.8,70.3,1003.4,2.4,0.4,2.2,9.5,Foggy
29.0,49.1,17.1,262.2,55.7,1009.1,16.0,0.5,5.1,12.7,Partly Cloudy
7.8,93.8,2.4,110.6,78.6,1000.8,3.3,0.3,1.7,13.5,Foggy
8.6,96.7,7.2,122.6,63.1,1007.2,2.0,0.5,0.9,6.3,Foggy
8.2,91.5,5.2,141.4,62.2,1012.4,1.6,0.5,2.0,3.8,Foggy
14.5,83.3,5.7,255.4,77.1,1010.7,2.8,0.0,1.9,7.2,Foggy
8.6,89.2,2.7,31.5,57.1,1012.7,1.5,-0.0,1.0,12.6,Foggy
10.0,56.7,22.0,120.4,95.4,988.4,6.5,3.3,2.6,14.1,Rainy
21.7,82.7,16.6,45.2,76.1,1007.7,5.2,0.9,2.9,10.1,Rainy
12.2,94.6,4.3,322.4,55.0,1008.2,0.5,0.2,3.0,10.5,Foggy
25.2,36.1,10.5,192.7,7.0,1019.2,6.1,0.6,6.6,21.1,Sunny
22.6,82.4,67.5,160.7,100.0,1006.8,8.5,15.1,1.5,16.5,Thunderstorm
32.8,59.3,9.2,177.2,0.0,1020.8,11.7,0.3,9.3,13.1,Sunny
28.0,74.0,20.7,116.8,85.8,1020.1,12.9,3.4,1.3,18.5,Cloudy
12.1,91.7,7.3,234.8,51.0,1015.8,0.7,0.3,1.7,7.0,Foggy
26.4,53.7,8.8,148.1,54.3,1017.4,11.8,2.2,6.0,18.4,Partly Cloudy
12.8,73.0,26.8,18.2,90.6,1006.3,7.9,8.0,4.9,7.0,Rainy
29.2,39.3,13.6,257.3,42.7,1005.7,13.8,1.3,6.0,18.2,Partly Cloudy
20.2,94.7,31.7,29.4,83.5,1003.4,7.1,7.3,0.9,12.3,Rainy
28.9,41.7,17.8,123.4,3.9,1019.4,19.6,0.0,7.2,13.1,Sunny
24.2,36.8,10.5,292.4,17.4,1025.8,11.7,0.0,3.2,8.8,Sunny
17.3,64.1,23.9,115.2,51.2,1008.5,11.4,1.9,4.7,15.4,Cloudy
25.4,38.3,16.9,252.2,15.6,1020.7,16.1,0.9,8.0,7.3,Sunny
16.8,74.0,33.4,177.1,84.9,1009.9,6.6,2.0,0.2,12.6,Rainy
21.7,57.5,24.1,351.2,80.6,1005.5,7.9,1.9,2.8,13.1,Cloudy
21.0,54.1,23.0,110.8,85.0,1011.4,9.0,3.9,2.2,17.1,Cloudy
22.0,72.5,20.8,190.7,73.0,1011.9,8.5,2.9,3.2,9.4,Cloudy
19.3,81.7,17.2,349.0,85.2,1003.8,6.2,0.0,2.5,9.1,Rainy
31.5,34.7,6.8,142.9,27.7,1006.6,11.4,0.0,8.8,9.9,Sunny
27.5,49.5,17.2,144.5,3.3,1016.2,11.6,0.0,6.3,14.7,Sunny
21.9,47.4,13.4,106.4,33.8,1024.9,13.0,0.0,5.4,18.2,Partly Cloudy
15.7,83.9,43.9,114.9,92.2,981.6,4.8,4.0,0.6,9.0,Rainy
24.2,67.3,55.2,242.0,95.6,1009.0,3.8,10.9,2.2,17.3,Thunderstorm
10.7,78.2,22.9,165.4,92.9,1006.6,5.1,9.9,0.6,11.2,Rainy
19.6,75.5,35.2,227.3,91.7,1008.3,8.7,10.1,1.9,18.8,Rainy
18.6,79.9,22.3,7.6,93.5,1008.0,4.6,11.7,2.2,15.7,Rainy
24.6,42.0,13.1,72.8,35.0,1012.3,11.6,1.3,1.3,4.5,Partly Cloudy
23.6,50.2,9.1,22.3,41.5,1011.3,15.0,1.2,5.8,14.3,Partly Cloudy
16.8,48.5,13.6,163.5,0.0,1021.6,14.8,0.4,10.2,16.4,Sunny
34.6,31.7,6.0,199.7,19.2,1024.9,14.1,0.0,7.3,11.7,Sunny
32.6,35.6,9.9,61.0,1.8,1018.7,13.4,0.2,5.3,10.7,Sunny
12.0,78.5,22.1,126.0,94.0,1002.6,5.0,10.4,0.5,6.9,Rainy
11.5,89.3,7.4,151.2,56.8,1018.0,2.3,0.7,2.3,9.5,Foggy
23.5,44.5,25.4,243.3,53.7,1024.9,12.5,0.4,2.4,21.5,Partly Cloudy
28.8,76.8,5.6,128.8,92.4,1010.0,7.7,14.3,0.5,26.4,Thunderstorm
31.4,48.2,6.7,15.6,27.5,1021.1,10.4,2.5,5.1,8.4,Partly Cloudy
16.4,84.7,37.0,215.7,87.2,983.2,4.2,15.0,1.3,22.0,Thunderstorm
17.5,80.2,40.3,46.3,91.6,998.9,2.2,12.7,2.1,12.8,Thunderstorm
34.7,36.8,15.0,154.7,13.1,1019.6,15.6,0.0,8.6,8.7,Sunny
22.4,55.2,5.8,211.7,63.0,1008.9,12.2,0.0,4.0,10.3,Partly Cloudy
19.9,66.9,33.0,111.2,87.5,997.8,4.2,10.6,0.1,15.0,Rainy
30.0,50.6,15.4,6.8,30.0,1018.4,13.0,0.1,4.4,13.4,Partly Cloudy
7.5,88.4,9.1,86.1,70.0,1016.0,2.8,0.1,0.3,10.7,Foggy
10.6,96.3,4.4,54.5,63.3,1007.5,1.9,0.7,3.4,11.4,Foggy
15.3,47.2,25.7,83.6,84.2,1000.7,6.1,2.9,2.4,12.3,Cloudy
33.7,46.2,7.0,51.5,19.9,1024.9,14.2,0.2,7.3,22.0,Sunny
33.9,30.7,11.6,52.8,14.4,1019.7,15.4,0.0,10.5,20.9,Sunny
25.0,42.0,9.7,22.9,30.0,1014.5,8.7,1.8,6.4,11.2,Partly Cloudy
30.2,36.7,10.9,225.0,4.8,1011.0,18.0,-0.0,7.9,14.0,Sunny
23.1,36.6,16.1,259.3,69.8,1016.3,15.8,0.8,5.8,17.4,Partly Cloudy
7.7,80.0,5.9,51.1,73.3,1008.1,1.6,0.0,2.9,7.5,Foggy
17.2,75.7,26.7,97.4,87.0,1005.6,4.9,1.5,3.0,12.2,Cloudy
23.6,36.1,9.4,12.0,0.0,1016.9,12.0,0.0,6.7,1.5,Sunny
23.0,19.5,17.0,152.0,5.0,1020.9,16.5,0.5,5.6,2.7,Sunny
29.9,58.0,19.3,93.5,34.4,1011.0,19.9,1.7,9.3,17.3,Partly Cloudy
19.2,87.3,47.5,155.0,95.2,989.7,1.5,4.6,2.7,21.2,Thunderstorm
31.4,36.7,9.0,270.1,7.0,1021.9,10.7,-0.0,6.4,15.5,Sunny
27.6,93.0,45.4,311.8,96.4,997.8,4.6,14.9,0.8,21.3,Thunderstorm
28.8,44.2,8.3,192.5,15.2,1015.9,17.6,0.0,8.3,9.3,Sunny
14.6,65.4,15.2,315.3,89.9,1011.4,4.6,6.8,0.9,8.8,Rainy
12.7,94.3,5.5,102.1,76.7,1011.5,0.7,0.2,2.4,6.6,Foggy
13.9,65.7,15.3,336.5,38.0,1016.1,9.0,-0.0,2.9,7.6,Partly Cloudy
16.4,85.7,3.1,161.0,79.2,1014.4,3.0,1.4,1.1,8.3,Foggy
14.2,52.4,7.2,14.3,73.4,1012.5,9.7,1.8,3.4,11.4,Cloudy
41.9,36.6,0.7,276.5,0.0,1025.2,19.2,0.8,3.0,14.9,Sunny
27.2,68.9,18.4,333.5,53.7,1017.1,13.5,2.9,4.3,7.9,Partly Cloudy
14.9,54.8,25.1,250.6,95.1,1016.5,6.6,1.8,1.6,11.4,Cloudy
17.0,59.4,29.1,71.8,84.2,1004.0,8.2,9.0,1.2,16.1,Rainy
18.4,83.6,38.2,32.3,91.1,989.5,3.9,18.3,1.3,20.7,Thunderstorm
18.0,72.9,38.3,29.1,96.8,1002.9,5.6,3.7,1.7,17.4,Thunderstorm
23.9,84.0,54.3,317.1,100.0,985.7,3.6,17.1,1.6,10.6,Thunderstorm
11.4,88.9,28.3,68.5,90.8,1010.8,4.8,1.0,3.1,9.2,Rainy
28.0,45.0,15.6,289.8,15.7,1016.3,18.3,0.0,6.9,9.8,Sunny
31.7,100.0,34.8,172.9,89.3,1003.3,4.5,8.5,1.1,17.9,Thunderstorm
11.5,59.3,25.5,254.6,97.6,1002.6,2.8,6.9,1.7,14.9,Rainy
16.8,85.2,28.5,337.9,100.0,1004.5,5.5,12.4,2.4,11.5,Rainy
9.0,88.1,5.8,141.7,88.5,1017.8,1.9,0.9,1.6,9.3,Foggy
17.4,53.4,23.5,298.0,84.9,1014.1,8.5,0.0,3.7,14.5,Cloudy
11.2,96.4,6.2,258.9,68.7,1012.2,2.8,0.2,2.4,9.9,Foggy
7.4,88.3,33.1,323.4,82.0,1006.5,6.7,5.5,1.5,9.0,Rainy
23.5,81.4,36.9,120.4,61.5,1001.5,8.3,1.2,3.5,12.6,Cloudy
7.5,94.1,6.2,289.8,66.3,1016.3,3.0,0.0,2.2,9.4,Foggy
11.8,90.8,5.1,266.6,65.9,1007.7,2.0,0.5,2.5,4.9,Foggy
33.0,27.4,9.5,38.2,6.1,1021.2,15.1,0.0,6.0,12.8,Sunny
19.2,31.2,22.4,197.1,30.5,1013.9,9.5,2.0,5.5,19.2,Partly Cloudy
6.1,88.6,4.4,132.0,73.3,1010.4,2.3,1.0,0.9,12.0,Foggy
13.4,75.1,14.1,61.1,65.1,1009.0,5.4,0.1,3.2,12.5,Cloudy
16.3,66.9,24.9,185.3,73.7,1012.4,5.8,2.3,3.5,13.6,Cloudy
15.9,71.9,21.0,316.7,100.0,1010.2,6.6,4.2,2.3,9.0,Rainy
12.5,70.5,33.4,66.3,88.7,1016.3,7.1,2.7,1.9,11.3,Rainy
20.1,82.9,54.5,153.2,91.5,995.1,4.1,14.6,1.1,18.3,Thunderstorm
15.3,59.5,26.1,228.4,82.7,1007.0,4.7,0.0,3.9,8.8,Rainy
33.0,29.1,9.5,139.4,10.6,1013.1,11.7,0.6,7.0,16.2,Sunny
24.3,52.9,23.3,235.3,47.7,1007.2,8.7,1.0,3.8,10.0,Partly Cloudy
12.0,72.2,16.1,42.6,80.7,1017.6,7.6,10.5,0.4,12.4,Rainy
9.8,91.4,4.2,352.5,71.0,998.4,2.3,0.7,3.3,10.1,Foggy
11.9,38.7,20.3,251.0,73.9,1005.4,7.9,0.0,4.3,12.3,Cloudy
11.0,88.8,5.2,349.9,42.1,1012.6,3.1,0.5,1.0,7.2,Foggy
15.5,92.6,7.3,2.6,63.4,1002.1,1.5,0.5,1.4,6.7,Foggy
12.9,54.3,18.4,346.1,90.3,1013.9,10.0,1.8,1.2,11.9,Cloudy
24.4,59.4,6.5,140.1,71.7,1020.5,7.3,0.0,5.9,15.0,Partly Cloudy
6.7,95.4,8.3,295.4,54.3,1001.3,1.2,1.2,3.8,8.3,Foggy
12.4,82.7,5.1,5.1,78.4,1010.3,0.4,1.0,2.9,15.0,Foggy
24.1,75.9,22.6,106.4,92.1,1000.5,6.4,0.0,1.4,15.3,Rainy
12.0,74.2,11.3,3.3,90.3,1006.2,10.4,10.0,1.9,15.2,Rainy
31.1,45.6,10.8,209.9,3.3,1025.1,14.7,0.0,10.0,10.9,Sunny
10.8,87.1,6.6,248.4,100.0,1009.6,2.9,0.2,1.2,8.1,Foggy
13.3,77.8,26.9,269.0,90.7,1016.2,6.2,14.1,3.2,13.8,Rainy
9.8,80.0,5.0,355.1,66.3,1008.4,0.5,1.0,2.6,3.8,Foggy
15.0,77.1,8.8,196.1,70.4,1005.9,5.8,1.0,4.6,10.8,Cloudy
13.4,65.3,9.4,109.2,49.7,1004.7,12.1,1.3,1.4,13.7,Cloudy
20.1,94.8,29.3,112.6,95.8,995.3,4.0,14.2,2.5,13.7,Thunderstorm
20.6,48.3,16.3,354.2,43.6,1020.7,19.5,0.0,3.6,21.3,Partly Cloudy
10.8,44.4,16.1,208.6,77.0,1015.7,9.0,5.4,1.0,12.8,Cloudy
31.7,26.5,9.7,199.4,4.9,1016.0,9.5,0.0,6.3,6.0,Sunny
12.7,87.2,9.0,14.0,93.9,1012.0,2.8,0.2,2.7,7.4,Foggy
9.6,88.0,5.8,48.0,42.9,1017.0,2.6,0.0,4.0,9.9,Foggy
18.1,87.7,36.3,231.5,100.0,985.9,3.4,4.7,2.4,16.4,Thunderstorm
24.6,90.7,49.9,99.0,92.3,986.8,6.4,17.2,1.4,21.1,Thunderstorm
11.5,94.4,7.1,233.0,75.3,1007.6,1.5,0.5,3.1,7.6,Foggy
19.8,82.7,24.1,282.3,99.1,1009.7,5.7,10.6,1.7,13.7,Rainy
27.9,40.1,19.6,113.6,44.2,1010.8,12.3,0.5,2.3,5.1,Partly Cloudy
24.0,89.3,86.6,49.4,95.2,996.6,5.1,28.5,1.0,13.2,Thunderstorm
7.6,94.8,6.4,17.6,66.8,1017.9,2.6,0.0,2.2,8.0,Foggy
25.2,87.8,39.0,341.2,88.8,990.3,3.5,8.1,1.6,10.9,Thunderstorm
19.4,72.5,26.4,209.1,85.1,1017.0,6.3,0.3,3.9,14.3,Cloudy
30.1,26.8,4.8,216.8,0.5,1023.4,12.9,0.1,6.9,14.3,Sunny
19.1,76.3,31.1,230.6,91.6,1004.4,6.2,6.2,2.5,9.5,Rainy
20.2,52.2,17.9,5.3,67.4,1006.0,6.1,0.8,3.8,13.5,Cloudy
28.7,64.7,17.7,111.4,14.0,1009.0,9.1,0.0,2.6,15.7,Partly Cloudy
20.2,61.5,20.9,80.3,59.8,1021.5,9.4,2.1,1.6,10.7,Cloudy
9.8,91.1,3.2,286.4,52.8,1014.7,3.3,0.0,4.0,10.2,Foggy
9.4,86.1,24.6,320.8,85.6,1013.5,6.5,12.4,3.2,8.7,Rainy
18.2,72.8,19.1,308.6,88.3,1014.2,3.0,7.8,2.1,9.7,Rainy
25.5,48.9,10.6,24.2,50.2,1017.1,11.3,2.4,6.3,17.5,Partly Cloudy
17.2,76.8,60.8,164.8,94.2,999.5,4.2,11.1,1.4,15.0,Thunderstorm
37.3,35.1,7.6,97.8,7.6,1015.8,18.5,0.0,6.7,12.1,Sunny
30.5,40.4,11.1,49.6,13.2,1013.4,17.6,0.3,6.4,7.8,Sunny
30.9,81.8,33.5,130.0,97.7,993.1,4.4,18.8,0.0,18.0,Thunderstorm
10.5,90.0,6.8,140.5,55.3,1016.2,1.7,0.5,0.7,11.6,Foggy
12.1,87.8,5.1,58.5,39.7,1010.7,3.0,0.2,2.4,5.5,Foggy
34.1,49.8,14.5,258.5,60.0,1012.9,14.0,0.4,3.0,15.7,Partly Cloudy
18.3,84.3,72.6,266.0,100.0,998.3,3.1,15.8,1.3,18.3,Thunderstorm
39.5,31.0,7.2,312.8,22.6,1021.4,12.8,0.1,6.6,8.8,Sunny
11.1,91.3,9.4,195.5,78.4,1010.4,1.1,0.6,1.2,13.4,Foggy
16.9,64.5,14.1,307.1,71.5,1004.4,12.0,0.0,2.4,18.1,Cloudy
32.4,24.4,13.3,279.7,2.3,1023.2,19.7,0.0,6.4,15.6,Sunny
13.4,94.0,7.0,15.0,58.0,1010.6,0.9,1.0,1.7,12.2,Foggy
24.2,81.4,37.7,224.1,95.6,990.1,1.1,19.7,2.0,20.3,Thunderstorm
19.5,89.2,5.0,29.0,88.1,1017.5,0.9,0.2,1.5,10.8,Foggy
11.2,93.8,5.2,17.9,69.4,1012.6,0.8,1.4,3.0,9.1,Foggy
16.9,66.2,14.7,123.0,85.3,1013.5,5.6,2.5,2.3,15.0,Cloudy
32.0,25.4,10.5,220.7,9.1,1014.0,15.1,0.0,9.4,14.1,Sunny
24.5,89.4,51.0,187.5,100.0,1002.4,2.2,7.7,1.6,18.7,Thunderstorm
16.6,74.7,27.0,128.2,83.5,1000.3,7.4,2.9,2.7,14.0,Rainy
31.9,21.9,2.7,16.0,6.7,1009.1,14.6,0.0,8.5,16.4,Sunny
33.2,35.2,0.7,305.4,16.3,1001.6,12.5,0.6,7.9,10.6,Sunny
35.8,36.3,11.0,330.4,11.6,1022.0,22.8,0.6,8.4,10.8,Sunny
12.5,82.3,44.2,195.9,94.3,981.6,5.5,18.5,1.5,12.4,Thunderstorm
26.5,17.1,9.9,263.2,11.8,1015.1,14.8,0.0,10.0,8.2,Sunny
25.3,79.4,49.6,126.9,93.8,990.5,6.3,14.8,0.4,20.7,Thunderstorm
24.2,19.5,12.9,13.7,42.6,1023.7,11.3,0.8,6.6,12.5,Partly Cloudy
30.3,49.9,6.8,102.5,6.3,1024.8,13.0,0.0,8.2,14.7,Sunny
17.4,63.4,26.4,130.2,68.3,1012.9,0.1,5.8,3.5,13.4,Cloudy
12.5,80.5,19.6,301.0,93.3,1001.7,4.3,5.3,0.6,11.8,Rainy
21.6,38.1,4.5,233.8,7.0,1008.7,12.5,0.0,4.3,15.1,Sunny
20.4,83.3,53.8,107.0,98.1,1006.0,6.7,9.0,1.9,20.5,Thunderstorm
27.6,36.2,12.0,0.5,10.4,1022.9,17.6,0.0,7.9,15.2,Sunny
8.3,91.4,2.9,144.3,69.9,1018.0,1.3,0.3,2.4,4.9,Foggy
22.7,28.9,14.9,146.3,6.3,1024.0,15.1,0.0,7.6,12.0,Sunny
13.3,71.0,28.4,234.3,98.0,1016.6,6.6,10.3,3.4,13.3,Rainy
13.0,81.0,18.0,321.1,82.2,996.6,5.5,4.4,1.9,15.1,Rainy
10.0,98.1,7.0,126.0,49.0,1023.0,3.2,0.0,2.8,12.1,Foggy
13.4,73.0,26.5,183.2,88.7,1000.7,3.8,7.3,2.1,9.2,Rainy
20.5,48.5,17.6,115.1,38.5,1011.7,11.3,0.1,6.7,12.8,Partly Cloudy
23.8,54.4,20.5,203.6,71.0,1010.0,11.7,0.0,4.8,12.6,Cloudy
23.4,84.0,53.5,233.2,100.0,998.7,3.3,36.1,2.0,15.3,Thunderstorm
24.1,37.7,20.6,245.7,35.7,1017.5,11.8,1.2,4.2,7.6,Partly Cloudy
7.9,94.6,4.7,103.1,49.6,1015.7,0.7,1.0,2.5,6.8,Foggy
9.6,100.0,3.5,96.6,65.7,1019.5,2.6,0.5,1.8,10.6,Foggy
23.7,73.0,31.3,227.6,84.9,1000.0,6.0,8.8,2.7,13.3,Rainy
6.3,95.7,6.1,348.4,73.5,1016.5,1.5,0.5,1.7,4.2,Foggy
10.8,92.0,6.5,153.6,62.2,1018.5,2.9,0.0,2.4,14.9,Foggy
10.7,58.4,6.6,308.5,83.7,1012.1,9.0,1.6,1.8,9.6,Cloudy
27.2,79.1,35.8,68.2,92.0,995.0,2.5,16.9,1.8,21.3,Thunderstorm
12.0,91.9,5.6,21.0,63.4,1003.9,1.2,0.9,3.6,11.0,Foggy
17.8,48.3,19.1,239.7,66.8,1012.9,7.6,2.6,3.7,10.0,Cloudy
18.4,80.7,21.6,194.1,89.9,1008.5,6.2,5.1,0.2,9.9,Rainy
8.1,92.7,3.1,246.7,81.4,1021.5,1.9,0.3,3.0,6.3,Foggy
20.9,67.5,18.5,257.0,75.4,1014.8,8.2,0.5,3.2,10.0,Cloudy
20.4,32.7,14.7,301.2,19.0,1012.4,9.7,1.2,4.5,11.6,Partly Cloudy
15.1,82.7,30.9,9.3,98.4,992.5,3.5,14.9,1.6,18.4,Thunderstorm
16.7,66.4,21.1,287.7,80.1,1000.5,8.2,2.7,3.7,10.9,Cloudy
22.4,50.9,16.2,326.8,51.1,1019.5,11.3,0.3,4.4,16.1,Partly Cloudy
17.5,62.9,22.5,165.6,78.9,1002.7,9.3,1.9,1.2,13.4,Cloudy
14.7,73.0,12.9,270.1,72.9,998.0,4.9,0.7,3.6,11.9,Cloudy
25.0,29.5,5.4,128.2,12.0,1020.7,20.4,0.0,4.3,11.5,Sunny
10.0,94.2,2.9,350.9,80.0,1011.0,4.1,0.5,0.0,9.3,Foggy
26.8,34.6,12.2,163.4,5.3,1013.5,10.4,0.2,9.2,9.7,Sunny
13.6,82.4,26.6,160.7,95.3,1005.5,6.2,2.1,0.3,11.5,Rainy
17.9,80.5,31.1,275.1,86.8,1007.0,5.0,5.9,0.8,17.4,Rainy
10.0,90.0,0.0,194.7,63.6,1014.1,2.6,1.0,3.8,10.5,Foggy
18.8,78.1,17.5,219.5,65.9,1006.6,3.5,0.4,3.7,17.8,Cloudy
21.3,73.8,16.8,322.7,84.8,1012.5,5.1,1.2,2.5,8.6,Cloudy
26.7,66.7,20.7,139.7,33.8,1011.8,14.9,2.3,4.3,17.5,Partly Cloudy
9.7,69.3,30.8,199.9,100.0,1007.6,7.0,6.5,3.1,8.7,Rainy
18.6,42.2,9.8,287.6,47.7,1013.2,15.9,0.0,3.5,21.2,Partly Cloudy
29.3,46.2,7.9,106.1,22.6,1020.3,10.5,0.0,10.6,11.3,Sunny
25.5,26.8,7.3,179.4,0.7,1010.8,14.1,0.2,6.4,11.2,Sunny
21.9,49.0,11.5,6.2,19.0,1018.8,14.5,-0.0,7.9,11.3,Sunny
20.0,87.9,16.0,275.1,88.5,1009.0,6.9,9.8,2.7,11.5,Rainy
22.0,48.9,13.8,200.8,68.5,1008.5,8.8,3.8,2.2,11.5,Cloudy
16.7,100.0,9.8,95.1,76.5,1012.5,0.2,1.1,2.4,11.4,Foggy
18.2,65.1,4.3,215.6,31.8,1007.3,12.6,2.1,2.4,10.3,Partly Cloudy
8.5,72.8,10.5,346.2,87.8,1000.6,5.4,5.2,2.0,11.3,Rainy
16.7,79.6,19.1,294.5,59.7,1011.6,11.2,2.9,2.3,13.0,Cloudy
14.4,94.8,28.6,347.7,90.2,1009.3,4.9,5.7,1.4,9.3,Rainy
31.7,50.2,10.6,330.7,56.2,1007.4,8.0,0.0,4.0,14.6,Partly Cloudy
17.1,38.2,19.4,38.6,59.4,1023.7,12.2,0.0,4.1,14.8,Partly Cloudy
26.0,31.1,16.6,141.4,43.7,1008.7,12.0,1.6,5.3,11.1,Partly Cloudy
6.4,87.2,2.3,174.8,68.6,1017.8,2.1,1.6,1.8,-0.4,Foggy
20.8,78.6,5.8,322.6,83.8,992.6,4.6,5.5,2.1,11.0,Rainy
15.3,77.5,23.1,135.8,67.3,1002.6,12.6,3.2,2.8,10.2,Cloudy
10.2,93.6,2.2,221.6,68.5,1009.6,3.3,1.0,0.6,12.3,Foggy
15.8,85.3,43.8,17.8,91.8,982.3,6.3,9.4,2.3,21.8,Thunderstorm
24.4,78.4,21.8,317.6,93.6,999.7,6.6,7.2,1.9,9.3,Rainy
17.5,63.0,34.5,344.2,98.3,988.3,7.5,8.5,2.4,9.9,Rainy
8.8,87.3,4.6,27.2,98.0,1017.0,1.5,0.9,1.6,5.7,Foggy
15.7,68.9,21.1,154.6,96.7,996.5,5.8,4.9,1.2,17.4,Rainy
21.4,73.8,21.4,85.1,62.0,1019.7,12.3,0.5,1.4,9.5,Cloudy
23.5,80.3,50.5,255.3,89.3,996.1,4.7,8.9,2.4,19.7,Thunderstorm
25.9,86.2,40.2,222.1,92.0,1004.2,2.6,29.8,1.2,20.6,Thunderstorm
30.2,76.7,66.8,7.3,91.3,997.5,1.1,15.5,2.3,17.9,Thunderstorm
12.3,97.0,4.8,163.8,38.2,1018.2,1.7,0.5,1.5,3.9,Foggy
23.4,78.0,45.0,55.7,92.3,994.2,1.8,28.8,0.6,18.0,Thunderstorm
26.0,36.9,14.1,3.2,5.3,1010.4,9.5,0.0,8.2,10.2,Sunny
11.9,74.5,19.3,45.8,81.0,1016.7,2.8,2.6,2.7,13.3,Cloudy
16.8,78.8,9.2,239.1,94.0,1005.2,4.2,10.8,2.3,10.0,Rainy
26.5,85.3,54.9,326.7,100.0,998.8,1.9,13.4,2.3,14.9,Thunderstorm
29.8,22.1,9.7,270.8,10.9,1022.3,19.8,0.1,9.7,15.0,Sunny
19.4,60.3,19.2,259.2,73.7,1005.3,10.1,5.1,2.0,12.0,Cloudy
23.2,82.8,53.1,296.2,80.8,1008.9,5.5,2.8,1.0,24.3,Thunderstorm
3.4,79.8,37.5,47.5,100.0,999.3,7.9,12.4,1.5,9.7,Rainy
20.6,85.1,22.8,84.1,100.0,994.4,2.5,20.1,1.6,21.0,Thunderstorm
27.8,28.7,13.2,291.5,16.4,1016.4,16.6,0.0,5.0,15.6,Sunny
21.4,47.6,17.5,176.6,58.5,1013.2,13.9,0.9,4.6,14.8,Partly Cloudy
23.4,86.0,36.8,108.8,93.1,997.2,5.2,14.8,1.3,18.2,Thunderstorm
12.6,98.8,20.6,312.8,83.8,1018.3,6.2,3.9,2.9,13.2,Rainy
23.0,40.6,21.1,334.6,37.4,1008.3,16.9,0.3,6.6,12.6,Partly Cloudy
13.7,89.8,2.6,174.5,49.5,1006.5,2.1,0.7,1.9,7.9,Foggy
21.8,68.9,12.9,37.6,41.7,1015.4,15.1,1.3,5.4,6.1,Partly Cloudy
12.0,91.9,3.0,57.9,36.0,1011.0,1.1,0.7,0.3,7.5,Foggy
27.3,37.1,13.5,172.8,2.1,1012.5,14.1,0.8,7.4,8.3,Sunny
31.3,37.1,3.5,173.6,6.9,1018.9,13.3,0.0,6.4,14.4,Sunny
14.5,100.0,5.1,298.7,52.6,1007.3,0.1,1.3,3.0,9.9,Foggy
14.4,92.0,3.8,196.0,77.7,1008.8,2.3,0.4,1.6,14.5,Foggy
10.1,76.4,19.3,308.0,93.8,998.2,6.1,8.8,3.9,10.0,Rainy
13.5,68.0,55.3,212.0,94.3,991.3,7.7,19.2,1.0,16.9,Thunderstorm
15.6,48.3,17.3,291.7,75.4,999.4,8.9,2.5,3.7,15.0,Cloudy
15.3,100.0,5.3,184.7,38.6,1011.7,0.1,0.1,0.1,9.5,Foggy
7.5,83.3,17.9,248.4,95.0,995.3,2.4,0.0,1.5,11.1,Rainy
22.5,37.6,19.8,165.6,33.2,1012.0,10.0,0.3,4.0,12.5,Partly Cloudy
23.9,65.0,17.9,273.8,45.5,1016.7,11.0,1.1,2.8,21.8,Partly Cloudy
16.2,50.2,28.0,81.1,73.3,999.9,10.1,1.7,1.6,8.7,Cloudy
22.5,85.7,52.7,104.9,99.3,987.9,1.8,15.4,1.2,21.2,Thunderstorm
26.8,47.8,15.1,34.2,40.3,1014.7,12.7,0.6,5.8,12.6,Partly Cloudy
17.5,88.7,31.9,217.3,91.5,1006.9,4.0,14.2,1.9,19.9,Thunderstorm
30.0,36.6,5.7,340.7,0.0,1013.7,17.0,0.1,10.4,13.6,Sunny
21.5,82.6,19.7,259.6,98.7,1007.3,6.2,4.2,2.9,11.3,Rainy
27.8,83.0,38.9,180.1,97.5,1004.7,2.8,23.2,0.2,12.0,Thunderstorm
31.6,73.0,16.1,346.1,6.0,1010.1,14.3,0.1,9.2,12.7,Sunny
11.3,80.8,34.3,91.9,93.8,1018.7,6.8,2.1,0.6,15.8,Rainy
21.5,82.4,27.5,268.7,95.7,1011.2,5.2,16.7,1.9,14.0,Thunderstorm
38.1,46.9,14.1,176.1,0.0,1015.2,16.2,0.6,9.3,11.7,Sunny
24.7,87.1,30.0,208.9,97.6,995.7,5.3,7.8,1.9,12.0,Thunderstorm
13.4,87.3,3.9,324.7,48.5,1009.1,0.1,0.2,3.1,8.4,Foggy
23.3,81.9,64.8,134.2,89.4,995.7,1.8,16.3,0.7,18.1,Thunderstorm
8.3,91.4,4.4,224.4,40.5,1009.1,0.4,0.3,2.5,6.3,Foggy
8.2,86.9,3.6,53.1,72.3,1016.1,2.8,1.0,3.2,15.6,Foggy
20.2,77.6,27.7,241.6,93.5,1007.4,2.7,18.7,1.5,19.3,Thunderstorm
25.2,57.2,13.2,33.7,68.7,1018.8,14.5,0.0,3.4,12.6,Partly Cloudy
17.1,71.9,26.8,166.3,97.2,997.9,9.6,10.2,1.4,15.3,Rainy
10.7,99.9,2.4,161.0,60.1,1013.3,2.0,0.9,2.1,8.5,Foggy
14.5,81.5,33.2,50.8,77.8,1005.7,6.2,2.3,1.9,14.0,Cloudy
21.2,29.1,21.6,320.2,37.3,1028.5,14.4,1.2,5.1,18.8,Partly Cloudy
32.4,95.7,33.3,237.4,87.8,1004.6,2.4,13.2,1.5,25.3,Thunderstorm
19.8,90.4,55.5,269.9,100.0,1003.8,3.8,5.1,2.2,12.5,Thunderstorm
12.7,97.4,4.4,180.1,55.5,1020.0,2.7,0.6,1.6,7.9,Foggy
8.5,88.9,3.6,38.5,64.8,1015.6,2.4,0.4,1.1,9.3,Foggy
8.7,92.0,34.7,25.3,93.7,1005.9,9.6,9.4,3.1,12.5,Rainy
14.4,83.5,17.9,72.2,91.1,995.6,5.2,17.0,1.1,9.2,Rainy
14.6,84.7,4.0,262.8,75.9,1008.0,1.5,0.8,0.7,11.2,Foggy
14.8,64.9,10.6,83.3,77.3,1002.9,5.3,5.8,0.9,18.9,Rainy
32.5,35.3,13.3,139.9,58.3,1012.4,12.1,0.1,4.6,25.4,Partly Cloudy
16.1,52.0,12.6,54.2,55.3,1018.5,8.1,1.3,0.1,14.4,Cloudy
34.0,20.2,2.9,146.9,18.7,1014.6,14.6,0.8,7.8,11.2,Sunny
32.9,45.5,8.1,244.7,23.1,1024.8,16.7,0.0,2.8,8.8,Sunny
16.2,70.8,15.9,228.0,92.1,999.2,4.2,12.7,1.0,11.6,Rainy
13.0,92.7,11.6,230.8,93.0,990.0,3.3,24.9,2.1,17.4,Thunderstorm
16.2,88.1,30.5,297.5,93.8,1015.2,7.3,8.6,1.8,11.6,Rainy
16.0,85.4,46.7,263.4,95.9,990.7,5.3,19.7,0.7,16.7,Thunderstorm
19.2,59.2,12.6,107.2,29.4,1016.9,13.7,1.3,6.7,22.3,Partly Cloudy
21.5,43.2,19.4,37.6,38.8,1019.8,15.4,0.0,6.5,10.8,Partly Cloudy
21.4,66.6,15.5,303.5,81.4,995.3,3.2,0.8,2.4,15.5,Cloudy
15.0,87.8,28.2,147.8,93.7,1001.6,3.2,5.9,2.6,16.2,Rainy
15.4,69.7,30.7,39.3,89.1,1005.6,7.4,6.2,2.1,11.9,Rainy
33.4,34.3,13.1,97.7,14.9,1027.2,14.3,0.0,7.7,14.1,Sunny
23.3,80.5,63.5,66.0,88.1,1007.2,0.0,6.0,1.1,20.3,Thunderstorm
26.6,43.2,14.0,101.7,33.8,1023.4,13.2,1.8,5.1,13.4,Partly Cloudy
16.8,77.9,23.5,245.9,93.2,1006.0,10.2,2.5,2.0,13.3,Rainy
21.1,90.6,37.7,89.1,96.6,1002.8,5.4,18.5,1.4,12.6,Thunderstorm
23.7,50.0,22.8,109.9,20.9,1011.7,9.3,1.8,5.2,8.9,Partly Cloudy
22.0,46.9,18.6,11.6,34.0,1028.4,14.4,0.0,9.0,12.4,Partly Cloudy
19.3,69.4,17.4,194.0,67.2,1007.8,10.9,4.0,3.5,12.6,Cloudy
23.6,43.2,12.0,87.0,54.9,1009.8,13.8,1.0,7.8,16.9,Partly Cloudy
25.3,62.8,11.9,173.1,57.2,1002.0,8.4,1.5,1.7,12.2,Cloudy
10.5,84.5,30.9,327.5,80.4,1002.2,7.4,2.2,2.1,8.3,Rainy
10.2,83.3,18.9,43.3,84.6,996.5,7.0,14.0,2.6,17.4,Rainy
9.3,87.4,4.3,340.9,92.3,1017.3,1.9,0.1,3.4,10.0,Foggy
12.3,82.5,26.3,289.5,86.0,1000.3,4.0,6.1,2.4,12.2,Rainy
10.8,82.2,3.6,159.4,65.1,1013.8,1.8,1.1,2.9,14.7,Foggy
16.1,69.4,9.8,328.8,59.8,1020.7,6.8,2.9,3.0,13.6,Cloudy
15.9,95.0,68.3,123.3,99.4,1002.7,9.1,15.5,2.9,10.6,Thunderstorm
22.9,29.6,7.5,9.1,16.7,1021.0,14.0,0.1,8.6,14.7,Sunny
17.0,80.1,21.4,68.2,91.6,1009.1,6.9,14.2,3.3,9.9,Rainy
12.5,89.4,4.0,121.6,74.2,998.6,0.2,0.4,2.1,7.9,Foggy
24.3,56.5,12.3,195.7,27.4,1010.3,14.0,2.2,6.5,17.6,Partly Cloudy
10.4,90.6,2.5,45.6,40.1,1018.5,1.2,0.2,3.1,4.2,Foggy
25.9,62.9,14.3,348.5,24.1,1018.6,13.8,1.0,4.2,18.2,Partly Cloudy
19.9,64.6,25.6,274.5,69.4,1016.1,7.8,3.5,2.6,16.1,Cloudy
14.4,96.5,5.5,310.7,71.2,1008.5,1.9,1.5,1.8,11.4,Foggy
34.2,38.6,13.1,81.7,18.8,1023.7,8.1,1.1,6.4,15.7,Partly Cloudy
15.7,95.4,2.9,169.3,85.4,1002.7,3.0,0.9,1.4,4.7,Foggy
16.8,82.1,59.9,299.7,93.8,1007.0,0.0,17.2,1.2,20.9,Thunderstorm
15.6,69.4,8.6,82.1,80.5,1005.8,6.9,1.6,2.7,11.0,Cloudy
15.5,77.5,12.2,8.0,81.2,1017.6,4.3,5.3,1.0,17.4,Rainy
14.3,89.0,32.9,322.7,90.3,1008.9,5.6,9.4,2.0,16.4,Thunderstorm
24.4,90.8,35.5,358.4,93.0,985.3,0.3,16.3,1.1,11.1,Thunderstorm
23.3,88.4,48.8,281.5,100.0,995.3,1.8,8.0,1.5,11.0,Thunderstorm
14.9,62.3,19.0,185.0,67.2,1006.7,7.1,2.4,3.7,12.8,Cloudy
14.1,52.7,11.5,8.0,72.3,1010.9,11.2,3.0,3.2,16.8,Cloudy
13.2,90.8,5.9,66.8,89.7,1016.7,0.9,1.1,1.9,11.4,Foggy
21.8,76.2,54.1,38.8,100.0,1013.4,3.8,0.0,2.0,19.4,Thunderstorm
22.5,74.9,19.5,207.7,93.5,995.3,5.7,23.6,1.3,18.8,Thunderstorm
11.2,74.8,21.0,304.5,81.3,1009.3,9.1,2.0,3.2,8.9,Cloudy
17.4,78.8,72.0,347.5,100.0,1003.2,3.1,13.4,0.0,17.5,Thunderstorm
29.6,41.0,8.1,101.1,5.9,1023.9,11.2,0.0,6.6,10.1,Sunny
11.5,78.4,13.0,169.3,92.8,1008.4,10.1,8.6,2.8,11.4,Rainy
17.3,59.0,27.9,296.4,74.8,1009.8,11.1,1.0,3.2,9.4,Cloudy
29.8,43.2,9.3,357.5,8.0,1016.2,15.0,0.0,5.0,14.9,Sunny
13.2,67.2,12.2,322.1,88.4,1007.8,6.1,9.0,3.3,12.0,Rainy
20.7,76.7,20.2,153.0,63.6,1004.6,0.9,4.5,2.1,12.6,Cloudy
22.0,71.5,16.9,158.7,90.0,1011.7,5.9,10.1,1.9,13.4,Rainy
17.9,65.0,14.7,199.5,96.2,1013.0,6.3,0.9,2.8,9.6,Cloudy
35.3,49.9,13.5,325.6,27.1,1013.7,14.8,0.2,7.6,8.6,Partly Cloudy
29.2,45.6,15.1,284.7,26.5,1003.3,15.7,0.0,5.9,18.7,Partly Cloudy
21.8,80.2,18.9,260.5,90.0,1000.7,7.8,4.7,3.8,17.8,Rainy
23.3,93.1,60.8,261.6,100.0,1007.0,5.3,7.0,0.6,17.0,Thunderstorm
23.8,33.7,15.9,140.8,39.5,1023.5,16.6,0.0,2.1,14.1,Partly Cloudy
26.6,22.6,11.8,90.5,6.7,1020.7,11.8,0.0,7.2,12.0,Sunny
18.9,90.3,53.1,25.2,87.5,1005.1,4.2,14.8,2.5,18.2,Thunderstorm
8.4,95.7,3.6,122.0,86.0,1005.6,0.9,1.8,3.8,8.9,Foggy
20.4,79.5,45.2,225.9,97.7,987.0,1.8,15.0,1.2,13.1,Thunderstorm
21.7,79.5,57.8,173.1,93.6,1007.2,3.5,12.8,2.4,16.7,Thunderstorm
5.5,96.3,5.3,113.1,66.1,1004.2,1.8,0.0,2.9,8.3,Foggy
16.7,93.5,46.8,210.0,95.9,993.9,1.5,22.6,2.2,15.4,Thunderstorm
22.5,80.8,38.6,315.5,97.9,999.6,5.1,11.0,1.4,17.8,Thunderstorm
34.1,33.1,17.8,44.8,25.3,1023.8,19.0,0.0,8.6,16.0,Sunny
12.3,94.6,4.6,249.1,49.0,1018.9,2.9,0.4,1.8,9.4,Foggy
21.3,62.2,14.0,134.5,79.9,1001.7,6.5,1.9,4.0,11.3,Cloudy
17.3,36.3,13.0,62.9,25.4,1012.7,14.4,1.1,8.8,5.9,Partly Cloudy
26.3,50.5,15.4,272.0,59.3,1021.8,16.0,2.4,5.4,14.1,Partly Cloudy
24.0,52.3,15.4,264.6,44.0,1017.2,15.0,2.8,5.0,12.4,Partly Cloudy
22.0,51.4,14.8,61.7,87.6,1019.6,5.9,2.4,2.8,15.6,Cloudy
23.6,42.9,12.0,77.4,49.6,1006.4,13.3,0.0,4.5,17.0,Partly Cloudy
25.6,92.8,24.5,306.5,100.0,1000.6,4.3,2.9,1.3,17.9,Thunderstorm
33.3,41.0,4.6,153.2,11.1,1027.6,16.6,0.0,11.1,9.0,Sunny
12.9,89.6,17.5,231.8,99.4,999.6,8.6,13.6,1.7,12.1,Rainy
18.4,84.1,26.1,165.1,100.0,1014.7,8.2,16.2,3.0,10.4,Rainy
20.0,94.2,26.6,157.0,78.3,1013.3,7.4,1.1,4.7,11.8,Rainy
9.8,95.9,6.3,32.4,73.7,1014.9,3.3,0.0,2.8,12.1,Foggy
17.6,64.5,23.8,186.4,98.8,990.9,2.3,4.3,1.1,16.2,Rainy
30.1,30.8,15.3,252.9,0.0,1016.9,11.7,0.0,4.7,11.5,Sunny
32.5,89.1,46.4,186.0,96.0,1008.5,3.9,13.7,2.0,18.4,Thunderstorm
25.5,52.6,18.3,339.9,19.8,1018.0,14.3,0.2,5.8,11.8,Partly Cloudy
18.2,82.5,28.8,152.2,71.6,1007.1,7.7,10.8,2.8,14.8,Rainy
35.1,43.6,12.6,158.8,16.3,1021.8,19.2,0.2,8.8,11.5,Sunny
13.2,73.0,18.7,252.8,98.7,1005.3,5.0,7.0,1.8,13.8,Rainy
8.1,97.3,3.6,104.9,76.2,1013.6,1.6,0.9,1.1,9.1,Foggy
20.7,66.2,15.4,202.5,95.4,1003.1,3.2,2.5,1.6,7.2,Cloudy
25.1,96.3,50.8,90.0,95.8,1013.4,4.7,7.0,2.2,23.3,Thunderstorm
26.6,44.3,20.9,338.0,68.5,1019.2,8.6,2.9,3.9,14.1,Partly Cloudy
33.1,70.6,9.4,178.6,39.9,1014.7,11.8,1.2,6.0,9.8,Partly Cloudy
38.4,23.8,7.3,178.8,12.2,1009.2,12.3,0.0,7.1,5.4,Sunny
17.4,90.5,33.1,212.5,100.0,1002.2,5.2,6.1,4.0,11.7,Rainy
20.1,79.5,34.8,74.2,91.2,1013.9,6.9,3.2,3.0,11.3,Rainy
12.7,99.6,40.9,285.1,90.1,1010.8,6.3,6.7,1.9,13.3,Rainy
10.0,72.7,14.0,228.4,46.9,1014.3,10.6,1.2,3.1,3.8,Cloudy
17.0,73.7,17.0,44.1,95.6,1009.5,10.3,0.8,4.4,18.9,Cloudy
24.8,60.9,20.4,253.4,50.4,1014.9,3.1,0.4,4.1,10.1,Partly Cloudy
9.7,85.6,33.2,117.8,84.0,1000.4,5.0,6.2,2.3,13.4,Rainy
5.8,55.0,14.8,275.5,79.0,1018.5,7.7,2.4,3.7,9.8,Cloudy
7.2,98.2,5.7,8.5,42.9,1011.2,1.2,0.5,2.2,11.1,Foggy
20.9,97.9,20.4,286.3,89.7,1008.5,2.9,16.3,3.1,16.4,Rainy
9.2,89.7,7.4,181.9,69.7,1009.0,2.4,0.9,1.1,7.6,Foggy
16.9,94.3,30.7,132.4,90.4,999.0,3.0,23.3,2.5,21.5,Thunderstorm
24.9,74.2,14.9,26.8,43.3,1009.2,7.5,1.1,6.4,12.6,Partly Cloudy
17.2,86.5,45.9,111.8,100.0,994.4,6.4,16.0,1.8,21.6,Thunderstorm
16.7,57.0,16.5,28.2,78.8,1013.2,9.4,2.3,2.8,13.6,Cloudy
25.9,83.0,20.4,18.0,67.8,1014.4,4.9,5.1,4.0,14.0,Cloudy
21.8,95.7,74.0,332.1,99.0,1004.4,7.0,18.8,2.3,15.8,Thunderstorm
9.4,88.1,7.9,2.9,69.7,1010.8,1.6,0.5,0.9,12.1,Foggy
14.0,79.0,18.7,252.6,91.5,1009.4,5.4,13.0,2.7,12.6,Rainy
21.0,88.6,25.7,135.1,91.6,998.7,4.7,13.7,2.6,13.1,Thunderstorm
6.8,86.7,3.2,0.3,81.4,1007.9,2.5,0.4,1.6,7.6,Foggy
5.7,70.6,15.8,161.5,81.9,1007.5,6.7,6.8,1.3,7.8,Rainy
23.1,80.9,15.3,164.8,85.4,1005.0,2.0,8.2,2.3,16.0,Thunderstorm
26.6,89.9,50.2,74.5,92.2,995.5,3.3,10.6,2.5,19.8,Thunderstorm
27.1,65.5,24.3,61.0,62.8,1011.6,11.6,-0.0,3.4,12.8,Cloudy
18.1,85.2,50.6,342.0,95.5,994.0,3.1,9.5,1.1,20.4,Thunderstorm
22.1,78.0,6.0,116.0,95.4,1009.3,6.3,5.8,2.2,14.9,Rainy
14.6,76.3,16.5,262.6,84.2,1000.0,6.1,6.9,3.0,16.9,Rainy
21.8,58.1,9.5,162.3,53.4,1004.0,11.8,2.7,2.8,15.2,Cloudy
9.8,95.4,25.4,211.3,92.7,1018.4,2.9,3.4,2.9,12.8,Rainy
28.2,46.9,9.4,121.4,5.8,1022.9,17.6,0.2,4.6,10.6,Sunny
6.3,95.5,7.4,160.5,81.1,1007.5,1.2,0.7,2.0,11.7,Foggy
21.7,74.1,61.0,8.1,92.7,993.1,3.1,14.3,2.4,13.4,Thunderstorm
9.2,69.0,19.0,260.0,72.0,1002.0,7.5,1.0,2.3,17.3,Cloudy
16.7,78.4,11.2,328.8,87.4,1015.2,6.1,2.3,3.7,14.7,Cloudy
33.0,28.4,11.1,182.8,7.7,1012.2,16.0,0.0,9.2,12.1,Sunny
26.9,52.3,18.9,330.3,37.0,1014.3,12.8,2.0,4.6,18.8,Partly Cloudy
21.6,42.1,6.1,281.8,24.8,1015.9,11.7,0.0,10.9,4.7,Sunny
15.1,73.9,25.8,8.6,73.5,1011.6,4.9,0.5,4.0,9.0,Rainy
13.8,68.1,13.4,114.9,66.5,1013.9,8.2,3.4,2.8,10.2,Cloudy
30.2,20.7,12.5,180.8,12.1,1018.0,18.4,0.0,7.1,8.1,Sunny
32.4,47.9,0.0,77.4,30.7,1012.3,14.8,1.8,7.7,12.7,Partly Cloudy
18.4,81.5,54.8,207.1,85.2,997.0,1.8,20.1,1.1,21.6,Thunderstorm
16.0,81.1,23.4,6.6,87.4,1001.5,9.3,3.3,3.9,9.7,Cloudy
13.5,98.9,2.3,280.6,88.7,1013.3,2.0,0.4,1.9,9.6,Foggy
19.0,83.3,50.0,228.3,97.7,992.7,2.0,11.5,2.6,16.5,Thunderstorm
25.7,50.1,23.2,131.5,22.8,1022.9,9.4,1.1,6.1,13.1,Partly Cloudy
18.6,65.9,17.2,210.4,74.8,1006.6,10.1,2.6,2.8,14.5,Cloudy
16.6,62.2,21.9,284.3,97.6,1014.4,12.2,2.0,3.3,15.4,Cloudy
22.1,53.3,17.3,8.0,18.6,1015.1,15.9,1.9,4.9,18.5,Partly Cloudy
10.4,78.9,23.0,217.3,63.5,1012.5,6.5,0.7,2.7,16.6,Cloudy
13.6,84.6,29.3,30.5,100.0,1006.4,5.9,12.4,1.1,10.7,Rainy
22.4,93.4,24.9,327.9,93.4,993.6,2.3,2.9,1.6,19.8,Thunderstorm
15.4,66.2,43.2,280.3,97.6,1010.8,4.5,23.9,0.8,23.7,Thunderstorm
15.9,69.6,19.9,356.6,85.2,1009.4,7.5,2.3,2.4,13.2,Rainy
33.1,24.8,8.5,201.0,8.5,1021.7,16.9,0.0,8.4,8.7,Sunny
27.7,28.2,9.4,326.8,14.0,1020.1,9.4,0.0,7.2,6.9,Sunny
17.6,90.8,33.5,279.5,95.2,992.4,5.7,10.0,2.5,15.8,Rainy
16.8,89.3,29.0,328.9,93.9,1018.2,1.8,15.4,2.1,22.6,Thunderstorm
12.7,89.2,17.5,288.6,95.4,1010.0,8.7,4.9,0.8,13.1,Rainy
9.7,88.6,4.9,298.9,49.6,1012.7,2.5,1.1,0.3,10.8,Foggy
16.9,51.7,21.1,172.5,60.8,1017.1,8.5,0.8,3.0,15.0,Cloudy
6.0,89.6,2.0,63.4,53.1,1009.4,4.4,1.1,2.7,10.3,Foggy
16.2,77.9,45.3,11.6,80.2,1017.8,2.0,14.7,2.1,13.3,Rainy
19.2,72.7,19.8,124.1,83.9,1008.1,9.8,0.6,3.1,13.9,Cloudy
12.1,51.7,21.6,0.3,72.9,1018.2,7.4,3.3,0.8,20.3,Cloudy
24.4,81.8,46.1,262.0,99.3,1000.2,2.1,12.0,3.0,20.0,Thunderstorm
13.6,87.8,25.1,337.1,94.1,1013.1,4.3,5.4,1.3,11.7,Rainy
36.5,26.0,8.2,6.1,21.6,1015.0,15.5,0.1,6.4,7.7,Sunny
9.7,82.4,27.5,137.8,100.0,1009.5,4.7,6.0,2.1,13.0,Rainy
15.3,82.0,13.2,195.0,93.8,1006.8,6.9,31.5,0.2,12.5,Thunderstorm
33.5,37.4,6.6,33.9,13.7,1016.5,13.9,0.1,7.9,17.3,Sunny
5.9,90.5,4.7,44.4,55.8,1023.7,1.7,0.8,3.0,8.5,Foggy
20.0,90.6,44.1,143.1,100.0,1002.6,4.2,25.5,1.2,22.1,Thunderstorm
24.6,36.8,0.0,194.0,17.9,1011.3,8.0,0.0,4.7,19.4,Partly Cloudy
24.2,26.1,12.2,329.6,37.4,1010.0,11.9,0.0,6.9,2.7,Partly Cloudy
17.4,49.5,24.5,195.2,72.3,1008.1,13.8,0.0,1.0,16.1,Cloudy
18.3,49.8,4.7,178.1,8.4,1017.1,10.7,0.5,9.9,15.2,Sunny
21.3,55.3,10.0,306.4,80.4,1013.1,7.8,3.3,4.3,12.5,Cloudy
22.0,81.5,17.1,326.3,94.4,1013.9,6.9,0.3,2.3,10.1,Rainy
20.0,61.6,20.0,170.3,86.2,1016.0,12.8,0.0,1.7,17.0,Cloudy
11.0,69.8,17.7,30.2,63.4,999.1,8.1,0.0,4.2,10.3,Cloudy
33.3,33.5,10.1,180.5,8.6,1023.8,18.5,0.2,8.3,2.4,Sunny
22.3,61.2,12.5,220.2,48.7,1019.6,10.2,1.0,4.1,14.4,Partly Cloudy
17.2,71.5,18.6,333.2,88.7,996.6,2.1,16.7,0.9,18.3,Thunderstorm
6.5,93.0,6.9,127.4,77.8,1015.0,0.8,0.6,2.8,6.4,Foggy
17.2,66.7,20.8,84.8,78.1,1008.4,9.8,2.4,4.8,8.4,Cloudy
29.4,37.3,4.6,91.2,5.0,1014.3,10.7,0.0,10.2,11.9,Sunny
5.3,98.1,4.5,52.9,68.6,1008.4,2.9,1.3,1.4,8.9,Foggy
17.0,78.9,32.0,175.7,90.3,1010.5,11.4,6.3,1.3,13.0,Rainy
26.2,33.9,7.8,36.1,20.1,1022.4,15.9,0.6,7.1,17.1,Sunny
8.3,69.5,26.8,47.2,100.0,1013.4,6.8,11.7,0.1,9.5,Rainy
16.9,67.5,21.9,88.6,53.6,1018.3,8.0,3.0,3.0,11.7,Cloudy
34.6,35.4,18.8,177.1,5.7,1014.0,13.8,0.0,9.2,5.8,Sunny
26.0,47.9,18.1,26.1,41.0,1010.4,10.2,0.0,6.5,15.7,Partly Cloudy
7.0,90.9,2.3,216.4,86.5,1008.6,1.5,1.0,1.7,9.7,Foggy
18.5,95.3,28.3,296.2,93.9,999.5,5.3,8.3,1.2,14.4,Thunderstorm
25.7,32.3,18.0,357.8,8.6,1024.7,12.9,0.0,8.0,10.4,Sunny
20.0,84.8,45.2,250.6,93.2,1014.1,1.9,18.4,2.2,17.2,Thunderstorm
19.2,48.1,14.6,175.4,24.6,1011.3,15.1,1.7,5.3,16.3,Partly Cloudy
26.7,63.0,9.9,183.4,53.0,1013.8,16.9,2.3,5.7,11.1,Partly Cloudy
30.3,19.8,1.2,184.6,2.0,1022.7,15.5,0.0,6.7,4.4,Sunny
41.9,33.8,16.7,254.1,12.5,1027.9,16.1,0.0,10.1,17.8,Sunny
16.1,82.5,15.3,312.3,76.1,1006.7,7.1,3.6,4.0,11.1,Cloudy
18.8,83.1,31.5,37.6,100.0,1009.6,5.4,17.0,1.7,20.2,Thunderstorm
29.4,26.7,8.0,156.7,21.5,1008.7,19.6,0.3,6.1,12.1,Sunny
25.2,46.6,15.7,188.9,40.1,1003.8,14.7,0.0,3.8,11.9,Partly Cloudy
16.8,57.2,13.7,324.3,41.8,1014.1,12.3,1.0,8.9,8.7,Partly Cloudy
15.8,84.4,28.7,316.0,91.5,1019.9,2.4,27.1,2.4,16.5,Thunderstorm
10.0,100.0,6.9,32.8,49.2,1011.4,2.6,0.0,1.8,11.4,Foggy
27.0,49.1,18.7,92.3,43.8,1015.8,14.1,0.6,6.9,14.0,Partly Cloudy
12.3,96.1,2.0,325.0,71.5,1013.5,2.1,1.1,2.1,4.6,Foggy
5.9,100.0,7.2,305.1,52.7,1014.1,2.2,1.0,2.8,8.1,Foggy
24.0,41.8,9.8,77.2,13.5,1018.9,16.0,0.2,4.1,16.6,Sunny
15.7,69.5,32.6,299.7,82.6,1012.0,7.9,15.4,2.1,17.5,Rainy
21.2,58.2,9.9,35.7,39.2,1015.5,10.4,0.5,5.4,17.8,Partly Cloudy
11.8,91.8,6.7,158.2,56.4,1010.0,0.2,0.9,1.1,9.6,Foggy
21.1,80.9,50.9,47.9,94.1,997.2,6.2,12.0,2.4,14.4,Thunderstorm
18.0,54.5,10.6,4.0,32.5,1018.9,8.6,1.1,2.6,15.4,Partly Cloudy
27.7,55.2,11.3,188.8,40.5,1016.8,12.2,0.7,5.5,12.3,Partly Cloudy
33.2,28.2,3.8,70.3,9.4,1020.4,13.3,0.1,4.9,20.9,Sunny
9.6,77.0,28.1,185.6,97.1,998.3,8.3,4.3,3.0,9.5,Rainy
27.3,42.8,21.3,17.2,28.3,1023.2,9.8,1.7,4.0,18.8,Partly Cloudy
38.9,35.0,10.2,277.7,17.1,1011.9,13.6,0.2,7.4,0.3,Sunny
28.4,50.0,20.2,30.6,51.5,1010.4,15.9,0.4,6.7,13.1,Partly Cloudy
23.0,89.1,29.3,90.9,89.6,1012.1,5.3,15.3,2.9,22.1,Thunderstorm
12.9,73.1,37.1,115.6,91.7,995.9,4.5,3.9,2.4,14.9,Rainy
28.9,43.2,15.0,343.7,44.7,1011.3,10.6,1.0,2.7,14.6,Partly Cloudy
29.0,86.6,46.2,143.4,92.2,1008.3,3.2,33.9,2.5,22.7,Thunderstorm
13.6,91.7,8.7,308.6,68.2,1007.3,1.4,0.3,2.8,13.8,Foggy
20.2,66.3,13.5,182.3,71.3,996.5,9.3,2.3,2.4,8.1,Cloudy
27.5,41.3,19.1,300.1,45.7,1014.5,11.6,0.2,1.8,19.0,Partly Cloudy
22.7,81.1,24.2,294.9,88.4,1013.9,2.8,6.4,1.7,12.5,Rainy
20.1,49.4,10.8,178.1,3.3,1015.5,16.8,0.1,7.3,10.6,Sunny
16.3,89.0,82.0,99.0,94.5,1003.5,7.2,9.5,2.1,16.9,Thunderstorm
13.6,88.2,3.3,11.5,80.4,1003.6,2.4,0.5,2.1,7.2,Foggy
24.4,49.9,11.1,347.8,26.4,1012.6,15.2,0.0,3.8,8.6,Partly Cloudy
31.0,51.2,6.9,200.5,6.5,1022.2,9.6,1.4,9.6,10.8,Sunny
22.2,54.3,8.0,57.2,18.9,1020.8,8.9,1.8,3.8,6.9,Partly Cloudy
27.2,40.2,11.6,13.6,53.8,1021.4,15.2,1.3,6.6,13.8,Partly Cloudy
13.8,73.6,25.7,49.6,100.0,999.9,10.5,3.3,3.3,9.6,Cloudy
20.5,83.9,22.3,142.3,99.0,1004.3,3.2,8.4,1.5,12.6,Rainy
27.4,51.0,17.4,299.2,60.8,1015.1,9.9,2.2,3.6,13.7,Cloudy
17.4,59.4,15.9,339.3,52.1,1007.6,12.7,1.9,3.5,11.1,Cloudy
23.9,78.8,61.3,337.4,86.6,1002.2,2.4,12.8,1.7,19.1,Thunderstorm
23.6,76.7,54.7,29.5,90.0,992.2,0.0,20.2,2.6,16.9,Thunderstorm
18.7,43.6,16.0,358.6,37.1,1009.7,7.4,2.5,6.2,17.2,Partly Cloudy
24.1,52.4,13.2,247.9,50.5,1019.5,7.6,0.9,5.9,14.2,Partly Cloudy
11.6,95.9,5.7,130.4,77.0,1009.5,2.3,0.6,3.5,11.9,Foggy
12.8,83.6,7.4,315.6,75.6,1014.7,6.9,4.4,2.2,15.0,Cloudy
16.8,65.9,19.8,231.7,84.8,1010.1,10.8,3.5,2.7,12.5,Cloudy
24.9,89.4,40.5,247.7,93.2,1014.2,5.8,12.3,0.2,23.3,Thunderstorm
27.5,36.5,17.8,17.1,31.7,1019.4,12.5,1.0,4.5,17.9,Partly Cloudy
20.8,34.3,4.1,31.0,13.9,1021.8,15.4,0.2,8.2,14.7,Sunny
18.2,66.3,28.6,356.5,85.4,1011.6,6.1,3.3,1.6,9.8,Cloudy
16.3,72.5,27.5,95.5,86.1,1011.6,7.4,7.9,1.5,8.0,Rainy
9.9,91.1,3.9,328.1,64.8,1009.4,2.8,0.9,1.9,7.3,Foggy
18.3,52.1,15.7,148.9,60.5,1011.8,16.2,0.7,3.7,15.0,Partly Cloudy
16.1,65.6,5.6,195.8,49.2,1025.8,8.2,3.9,1.8,10.8,Cloudy
16.6,75.9,24.2,306.8,100.0,1001.4,4.7,14.1,1.4,16.9,Thunderstorm
27.9,34.1,10.7,121.7,20.4,1020.8,10.5,0.0,5.9,15.5,Sunny
23.5,85.9,32.2,41.0,92.9,991.9,5.5,4.2,2.0,20.7,Thunderstorm
11.3,87.9,5.6,80.0,82.3,1012.7,1.4,0.6,1.5,9.7,Foggy
24.3,66.8,17.0,15.2,39.7,1013.6,13.1,0.2,4.5,8.3,Partly Cloudy
11.0,81.0,22.1,38.9,91.4,983.0,7.6,10.0,3.4,5.7,Rainy
26.7,40.1,11.5,4.8,17.4,1025.0,16.3,0.0,9.8,7.6,Sunny
12.0,84.1,10.5,64.2,95.1,1003.0,8.1,3.3,1.6,14.9,Rainy
13.8,71.8,24.9,157.7,92.5,1012.9,4.3,10.4,1.9,13.4,Rainy
16.5,68.0,21.2,276.9,92.9,1019.1,6.7,-0.0,2.3,11.3,Cloudy
38.0,41.3,9.1,335.9,15.9,1014.8,17.4,0.0,11.3,10.7,Sunny
25.6,87.8,21.9,137.0,90.2,987.3,1.8,5.8,3.1,11.8,Thunderstorm
26.7,94.1,52.6,91.4,98.8,1006.6,5.0,1.4,1.4,13.4,Thunderstorm
26.5,60.2,20.0,304.3,39.7,1019.8,10.0,0.4,5.4,17.1,Partly Cloudy
25.0,66.9,27.6,253.5,90.3,1010.7,5.7,1.6,1.6,12.7,Cloudy
13.8,82.0,25.9,319.3,92.9,992.2,4.4,6.6,1.3,12.3,Rainy
19.6,63.1,23.4,6.4,72.4,1011.5,7.2,2.1,3.2,12.9,Cloudy
9.9,74.9,45.2,51.3,80.0,991.8,7.2,1.9,1.3,12.6,Rainy
24.3,77.8,55.0,308.7,90.5,1002.6,7.0,20.1,2.2,15.9,Thunderstorm
19.3,63.3,15.4,145.0,92.2,997.5,2.6,7.6,3.6,11.6,Rainy
26.2,46.2,16.6,125.1,39.9,1017.7,11.7,0.0,5.2,5.9,Partly Cloudy
7.6,90.5,5.0,181.0,79.8,1011.0,2.6,0.0,1.6,12.6,Foggy
19.6,90.3,51.7,246.9,95.6,992.2,3.1,17.0,1.7,22.8,Thunderstorm
31.4,31.3,5.2,127.0,4.8,1021.3,21.2,0.0,10.4,8.3,Sunny
24.6,22.0,9.7,152.6,48.2,1015.1,13.8,1.1,5.9,10.7,Partly Cloudy
29.9,83.5,22.1,121.6,95.7,982.0,3.8,6.4,0.5,22.1,Thunderstorm
13.4,85.6,65.8,260.7,93.2,997.2,4.2,19.3,1.5,10.2,Thunderstorm
26.8,47.2,19.4,239.0,56.5,1012.3,11.7,1.7,6.6,17.8,Partly Cloudy
29.7,40.9,12.8,95.7,13.7,1014.0,15.8,0.0,7.2,8.9,Sunny
16.1,77.0,14.4,60.2,89.0,1009.4,6.8,1.7,3.3,12.5,Cloudy
24.7,39.3,20.2,294.9,56.4,1024.6,6.8,0.7,1.5,7.2,Partly Cloudy
23.4,47.9,17.2,8.1,30.5,1017.2,14.4,1.6,5.7,14.4,Partly Cloudy
17.5,70.3,4.0,244.2,63.2,1004.9,8.1,0.0,2.4,12.7,Cloudy
33.9,30.7,12.5,127.9,15.2,1024.0,15.8,0.0,7.2,13.1,Sunny
24.2,37.9,13.4,41.7,17.6,1020.4,13.9,0.2,6.3,11.6,Partly Cloudy
10.2,91.3,7.4,100.7,50.3,1019.3,2.4,0.4,2.2,7.7,Foggy
6.9,67.8,44.8,354.4,100.0,1009.8,3.8,1.8,1.3,12.5,Rainy
35.3,37.9,11.4,147.2,4.3,1015.8,11.1,0.1,7.0,8.7,Sunny
20.6,58.1,18.9,21.6,45.9,1012.6,7.1,1.4,5.0,9.6,Partly Cloudy
24.9,87.0,35.6,316.4,99.2,1010.3,3.5,3.3,2.1,24.2,Thunderstorm
27.9,37.0,0.0,291.7,25.5,1018.5,15.5,0.0,7.2,5.8,Sunny
15.0,57.9,18.8,308.9,62.2,1002.9,11.1,4.6,3.5,15.7,Cloudy
19.9,81.8,33.3,154.7,98.8,1008.4,5.7,2.7,1.7,13.3,Rainy
22.1,59.6,19.6,322.5,25.3,1019.4,19.6,1.5,3.8,18.1,Partly Cloudy
11.8,76.1,19.9,185.6,78.4,1007.5,4.4,12.3,2.2,13.8,Rainy
13.7,82.1,18.6,315.9,83.6,1009.1,4.8,10.0,2.7,13.0,Rainy
12.8,92.2,4.7,319.2,61.4,1016.8,2.4,1.3,2.1,5.9,Foggy
12.3,86.9,33.9,254.7,93.4,1023.0,4.8,8.1,2.1,14.1,Rainy
26.4,73.4,30.0,224.8,93.4,1008.7,6.0,17.6,0.3,17.8,Thunderstorm
16.8,84.5,43.9,232.0,97.8,984.5,6.2,10.0,1.4,15.4,Thunderstorm
25.7,79.9,50.5,23.4,100.0,992.5,5.5,20.0,0.0,14.7,Thunderstorm
13.3,90.7,6.2,221.7,75.2,1012.4,1.4,0.9,1.1,5.6,Foggy
13.5,91.9,4.2,85.9,79.4,1021.0,0.8,0.3,1.6,13.1,Foggy
21.4,49.7,13.2,309.4,33.8,1008.9,9.3,2.7,5.6,14.4,Partly Cloudy
24.0,45.5,19.6,31.7,28.7,1021.9,12.8,-0.0,5.2,14.7,Partly Cloudy
18.5,73.4,22.7,139.4,84.9,997.5,6.8,7.4,3.1,11.8,Rainy
34.2,25.7,11.7,37.2,0.0,1025.1,16.4,-0.0,6.7,18.4,Sunny
16.5,78.7,33.8,28.8,79.5,1010.4,4.5,11.1,2.1,15.1,Rainy
21.0,82.9,48.4,334.0,92.3,1003.0,3.3,19.1,1.0,14.7,Thunderstorm
29.2,72.0,34.7,269.7,94.5,984.6,8.2,15.2,0.0,22.8,Thunderstorm
18.2,85.8,60.7,85.8,95.9,1007.2,5.0,6.3,2.3,16.3,Thunderstorm
18.3,62.0,11.4,38.9,83.8,1012.2,14.6,2.4,3.5,5.4,Cloudy
16.0,71.8,23.6,203.2,100.0,1011.9,5.8,10.9,1.6,14.5,Rainy
24.5,42.9,14.3,331.4,20.4,1019.5,15.7,2.9,4.0,14.3,Partly Cloudy
27.8,33.0,8.4,225.9,26.0,1023.9,9.9,0.2,6.9,10.4,Sunny
13.2,69.4,19.1,267.4,73.2,1004.0,13.2,1.0,4.0,14.4,Cloudy
33.0,39.7,9.7,343.5,14.8,1019.6,12.9,0.0,7.1,18.1,Sunny
7.9,98.2,9.5,350.6,53.6,1014.8,1.8,0.3,4.0,4.6,Foggy
27.9,54.5,13.4,300.9,45.6,1021.1,12.6,0.1,7.3,13.0,Partly Cloudy
32.8,82.3,39.4,154.6,92.2,988.9,3.9,21.5,2.8,17.3,Thunderstorm
22.1,32.3,22.6,340.7,48.9,1011.9,7.3,2.4,4.2,12.8,Partly Cloudy
13.3,93.9,4.4,141.1,50.9,1018.9,2.1,1.1,2.2,16.4,Foggy
24.2,86.3,39.3,253.0,96.1,1017.3,8.0,5.2,0.1,21.2,Thunderstorm
12.4,91.8,5.0,63.2,77.5,1015.7,2.9,0.9,0.6,12.4,Foggy
25.3,73.0,0.5,245.7,36.4,1011.5,11.8,0.0,4.9,20.0,Partly Cloudy
15.4,73.4,30.9,351.8,78.3,1003.5,5.4,10.0,2.0,12.9,Rainy
31.1,26.7,11.6,316.8,3.2,1018.1,17.0,0.6,6.9,7.0,Sunny
11.3,98.5,6.2,192.1,42.4,1019.3,1.5,0.6,1.7,7.8,Foggy
24.5,55.9,20.8,205.1,44.0,1013.4,13.3,2.2,5.2,15.9,Partly Cloudy
18.3,43.4,18.8,105.3,49.2,1005.6,7.4,1.0,5.4,15.9,Partly Cloudy
28.5,6.9,9.4,343.6,4.8,1013.0,11.7,0.0,8.6,11.9,Sunny
20.3,65.1,21.3,221.2,65.3,1003.3,12.0,3.7,1.9,11.8,Cloudy
15.0,91.2,43.7,321.8,94.3,995.8,7.4,19.7,1.2,18.6,Thunderstorm
29.4,38.5,15.8,54.1,10.0,1011.6,18.5,0.6,5.5,17.4,Sunny
17.4,70.6,11.5,307.8,65.2,1003.0,3.6,2.3,3.6,15.0,Cloudy
37.5,33.8,3.7,117.5,6.5,1018.0,12.5,0.2,7.3,17.9,Sunny
16.2,63.7,14.7,133.2,80.8,1008.5,8.7,4.7,2.7,14.9,Cloudy
24.1,46.0,5.4,5.7,64.5,1015.4,12.2,1.4,7.9,11.6,Partly Cloudy
23.9,95.9,53.4,1.3,96.3,984.6,8.4,18.7,1.8,10.5,Thunderstorm
16.3,69.7,19.1,44.2,92.9,993.4,6.9,2.0,2.8,13.4,Rainy
28.0,51.7,14.8,156.4,38.6,1009.1,14.8,1.5,8.5,9.9,Partly Cloudy
26.6,59.2,13.6,114.6,39.5,1008.1,7.6,0.4,4.4,9.2,Partly Cloudy
30.2,35.0,9.1,359.4,1.3,1023.5,15.9,0.2,6.4,10.2,Sunny
10.7,90.0,7.4,155.6,79.2,1003.4,3.1,1.1,1.2,4.6,Foggy
20.8,78.0,26.7,245.3,89.2,993.1,1.2,9.5,1.2,20.0,Thunderstorm
13.3,79.7,27.1,302.4,100.0,992.7,7.6,15.6,2.2,12.7,Rainy
11.9,92.4,27.0,302.4,94.2,997.5,6.2,7.9,2.3,12.3,Rainy
21.1,79.7,23.8,106.9,91.1,1000.6,5.8,12.8,2.1,21.8,Thunderstorm
14.7,80.4,23.1,4.6,85.9,1001.4,5.1,8.6,1.2,10.6,Rainy
22.8,75.4,49.8,222.0,98.8,986.3,5.8,24.3,1.2,16.8,Thunderstorm
7.3,75.5,37.6,189.1,97.8,995.1,8.8,9.6,3.0,9.6,Rainy
12.4,86.3,4.5,280.5,82.2,1011.1,2.1,-0.0,2.2,3.8,Foggy
27.2,86.1,31.7,34.5,100.0,995.0,6.9,22.3,3.1,19.6,Thunderstorm
23.6,91.0,26.1,27.1,85.4,1012.0,0.0,3.1,1.9,8.1,Thunderstorm
6.8,77.7,17.4,190.9,95.2,1006.0,4.9,9.7,2.9,15.1,Rainy
26.8,37.3,15.5,309.5,16.1,1012.6,12.6,0.3,7.5,18.4,Sunny
27.0,67.8,16.5,77.5,50.1,1018.0,16.5,0.5,7.5,10.4,Partly Cloudy
19.2,86.8,53.9,209.9,92.9,999.5,4.4,15.1,2.1,15.7,Thunderstorm
12.2,81.4,24.0,235.8,51.0,1005.8,9.5,3.0,2.3,12.1,Cloudy
27.9,99.6,59.7,237.5,93.4,992.1,4.9,11.9,1.2,21.9,Thunderstorm
9.6,96.1,5.1,230.3,77.9,1007.3,3.9,0.0,2.1,14.2,Foggy
26.5,38.6,7.6,140.5,6.7,1022.9,12.3,0.1,7.1,14.7,Sunny
21.2,63.0,26.5,118.2,71.3,1008.1,9.9,5.0,3.1,12.3,Cloudy
26.5,61.1,15.0,264.4,33.9,1013.5,10.8,0.0,4.0,18.5,Partly Cloudy
16.7,66.2,17.4,342.3,40.7,1012.7,10.0,2.3,6.6,25.5,Partly Cloudy
10.2,91.6,5.9,261.7,77.4,1015.1,3.1,1.1,3.2,2.2,Foggy
15.9,70.1,39.8,220.8,92.2,1016.0,7.2,8.7,1.0,7.9,Rainy
24.1,39.1,7.7,151.0,0.0,1017.4,19.8,0.3,8.6,10.4,Sunny
19.1,96.0,31.4,250.2,100.0,992.8,4.9,15.1,1.8,13.5,Thunderstorm
33.1,27.5,6.9,134.9,0.0,1015.9,10.4,0.8,7.6,9.6,Sunny
19.9,57.5,11.3,173.3,55.9,1014.3,3.1,3.1,3.1,12.5,Cloudy
16.9,58.2,26.3,52.1,80.8,1009.5,6.3,10.4,1.3,11.8,Rainy
24.0,39.5,12.6,134.4,19.7,1011.5,13.9,1.2,3.1,12.4,Partly Cloudy
8.6,81.1,26.7,344.4,100.0,1004.5,3.6,5.3,5.1,13.8,Rainy
35.3,14.4,11.4,74.8,14.0,1024.1,10.5,0.0,8.6,11.6,Sunny
19.6,87.6,40.5,262.8,100.0,1008.3,4.2,10.3,1.4,13.0,Thunderstorm
15.9,79.4,29.4,224.4,94.4,1018.9,7.3,5.0,2.2,16.1,Rainy
13.6,78.4,20.2,36.0,93.3,990.8,8.8,7.6,3.8,6.7,Rainy
21.2,49.5,17.5,292.7,12.3,1019.1,16.5,0.0,8.0,16.8,Sunny
17.3,61.9,26.3,232.4,93.2,1008.2,6.5,10.5,0.6,11.6,Rainy
17.9,71.9,6.8,317.3,78.1,1018.5,7.4,1.4,4.4,8.5,Cloudy
12.9,73.4,32.6,6.6,80.4,999.3,7.8,9.1,0.1,13.0,Rainy
17.0,61.0,18.5,42.8,68.4,998.9,9.5,4.5,0.6,18.1,Cloudy
19.9,74.5,56.4,85.5,100.0,1004.4,4.0,11.1,2.3,20.1,Thunderstorm
21.9,61.6,14.1,27.6,49.1,1013.6,10.9,0.3,5.3,20.0,Partly Cloudy
11.8,91.2,6.5,131.9,76.0,1013.3,0.7,1.2,2.8,12.0,Foggy
11.2,93.7,4.9,209.6,78.1,1021.7,1.5,0.2,1.1,5.8,Foggy
20.6,32.7,5.4,271.0,3.2,1024.9,12.5,1.0,4.1,13.7,Sunny
10.1,90.7,7.4,232.1,73.6,1005.6,2.0,0.7,1.8,11.1,Foggy
14.6,60.9,26.7,138.6,64.1,1012.8,3.4,0.2,2.7,14.4,Cloudy
26.0,47.2,3.3,219.6,16.7,1018.6,12.2,0.8,7.5,13.1,Sunny
13.9,76.0,16.4,128.3,96.7,1007.6,5.4,6.6,2.7,10.6,Rainy
29.3,37.4,13.0,128.2,34.6,1005.0,10.0,0.0,5.9,11.3,Partly Cloudy
15.4,96.0,37.3,189.2,92.0,996.9,2.3,19.9,3.6,20.0,Thunderstorm
10.0,70.6,19.6,180.6,62.2,1007.3,7.1,3.5,4.1,7.3,Cloudy
32.1,39.9,11.0,33.0,22.3,1016.7,10.3,1.1,5.9,17.8,Partly Cloudy
21.2,52.6,13.7,22.4,72.9,1009.1,15.0,3.4,2.1,13.3,Cloudy
22.8,94.7,66.3,237.7,100.0,1002.2,5.5,10.3,2.2,24.2,Thunderstorm
15.1,91.5,16.7,312.5,94.0,1002.3,3.7,10.1,1.6,17.9,Thunderstorm
8.7,97.2,5.2,201.1,58.7,1001.2,2.1,2.0,2.5,9.1,Foggy
23.3,75.6,20.4,53.4,80.1,1015.2,6.7,1.3,1.1,11.8,Cloudy
13.8,72.8,21.2,90.2,55.0,1015.1,6.6,0.4,3.3,10.4,Cloudy
27.7,60.5,19.7,242.7,28.1,1012.5,10.4,3.6,4.4,20.7,Partly Cloudy
14.2,58.2,15.3,124.9,71.9,1005.1,11.5,3.8,3.9,14.6,Cloudy
18.4,66.8,10.0,355.1,98.3,1004.4,11.4,1.6,3.2,15.0,Cloudy
19.4,78.0,14.3,200.7,94.9,993.8,4.5,8.8,0.4,12.4,Rainy
21.0,51.8,12.4,328.2,53.0,1013.1,14.0,0.0,7.0,18.5,Partly Cloudy
31.9,46.1,12.6,333.8,27.3,1018.1,17.3,0.0,4.2,14.0,Sunny
6.6,91.3,3.2,45.4,94.8,1009.8,0.9,1.0,2.5,9.6,Foggy
23.4,51.5,5.5,117.4,39.3,1015.5,6.1,0.8,6.6,16.5,Partly Cloudy
24.2,83.4,52.5,89.2,92.2,996.8,4.4,23.9,0.8,15.5,Thunderstorm
18.8,80.0,29.8,231.9,86.8,1002.3,7.4,5.2,0.6,8.1,Rainy
9.2,82.3,31.1,265.5,98.0,1021.6,6.6,13.8,1.6,13.6,Rainy
36.4,41.6,8.1,160.5,23.0,1022.4,10.3,0.2,5.7,7.4,Sunny
26.4,36.2,10.9,198.4,5.1,1024.5,13.2,0.8,9.5,6.0,Sunny
8.1,78.3,35.2,317.8,79.4,1007.8,5.3,6.9,1.6,11.8,Rainy
26.2,98.3,46.6,171.7,89.4,990.1,2.1,21.7,0.9,24.0,Thunderstorm
29.8,43.3,10.7,38.8,25.8,1014.2,13.0,0.0,5.7,13.6,Partly Cloudy
26.1,60.0,11.2,141.8,29.7,1018.4,14.0,2.3,4.7,19.3,Partly Cloudy
27.2,43.9,19.5,61.9,42.6,1021.0,11.1,2.3,3.9,17.7,Partly Cloudy
32.2,43.6,14.6,108.1,10.6,1024.7,12.2,0.0,5.4,13.2,Partly Cloudy
29.3,47.9,11.1,281.1,42.7,1015.1,12.7,0.0,6.1,18.5,Partly Cloudy
21.0,93.9,61.3,313.8,94.6,994.5,5.2,18.8,1.7,19.7,Thunderstorm
37.0,37.5,13.8,178.2,0.0,1009.9,22.3,0.0,8.4,9.6,Sunny
11.7,77.2,24.2,44.0,62.5,1008.7,8.9,1.6,1.4,8.7,Cloudy
28.1,53.2,11.6,338.6,44.8,1013.6,14.2,1.3,4.0,16.1,Partly Cloudy
19.2,52.6,15.6,273.2,75.4,1004.6,7.5,1.2,4.2,19.3,Cloudy
15.0,56.7,17.1,258.6,82.4,1000.9,10.4,3.9,4.3,10.4,Cloudy
25.8,50.3,15.4,55.3,36.3,1013.1,9.7,2.0,3.8,11.0,Partly Cloudy
12.8,100.0,4.0,230.3,67.5,1007.2,2.2,0.8,2.3,4.4,Foggy
19.9,80.3,5.6,319.9,65.1,1007.6,13.0,1.9,2.8,10.2,Cloudy
13.0,77.5,33.0,284.2,91.9,1012.0,9.2,13.9,-0.0,12.3,Rainy
26.6,82.8,69.0,220.6,95.7,1013.8,8.4,12.4,3.1,21.2,Thunderstorm
9.6,70.3,41.4,348.6,89.9,1009.8,2.8,16.6,3.8,9.7,Rainy
23.8,61.0,21.0,64.9,100.0,1018.2,7.4,1.8,3.8,15.4,Cloudy
28.7,30.0,10.2,134.4,13.5,1017.4,17.9,0.2,7.7,12.8,Sunny
25.8,39.3,10.0,140.3,53.5,1014.8,5.8,0.2,5.0,14.1,Partly Cloudy
21.1,42.6,20.0,179.8,50.5,1010.0,11.8,0.0,5.6,9.5,Partly Cloudy
13.9,71.0,16.0,82.1,81.6,1000.3,5.4,12.1,2.0,8.1,Rainy
19.4,88.6,35.6,114.5,89.4,991.4,5.2,12.3,1.3,23.1,Thunderstorm
30.2,42.2,4.6,309.8,35.4,1010.9,17.4,1.8,3.9,18.4,Partly Cloudy
17.7,57.9,12.7,167.3,45.5,1014.9,11.0,0.9,7.2,14.7,Partly Cloudy
18.0,79.3,67.9,191.2,93.5,1001.8,2.4,8.9,0.9,16.8,Thunderstorm
17.7,87.9,14.3,94.4,82.9,1010.1,4.1,8.8,1.7,8.8,Rainy
18.3,82.3,17.4,71.8,97.1,999.0,6.1,9.3,2.1,10.6,Rainy
28.6,25.3,6.3,44.4,1.8,1013.4,13.4,0.0,9.1,11.7,Sunny
13.5,96.1,25.8,339.5,89.3,999.0,9.6,20.6,0.9,25.4,Thunderstorm
17.4,77.6,14.4,184.4,79.6,1005.4,6.5,0.4,2.8,11.8,Cloudy
25.4,67.5,18.3,34.7,83.2,1007.6,0.5,3.0,1.9,9.9,Cloudy
26.4,55.9,20.3,92.6,47.3,1011.2,18.7,0.3,6.5,17.4,Partly Cloudy
19.3,58.1,14.3,326.6,64.2,1004.2,4.8,1.6,5.1,13.3,Cloudy
18.2,88.2,36.8,6.4,94.7,985.2,3.2,23.0,2.2,19.0,Thunderstorm
19.6,55.3,19.5,346.7,70.7,1006.7,9.3,3.8,3.1,16.7,Cloudy
16.4,70.4,23.7,170.5,77.3,1014.6,9.9,2.4,3.2,9.2,Cloudy
17.2,77.4,13.3,225.4,80.6,1009.5,7.6,2.1,1.8,14.8,Cloudy
25.2,52.1,17.8,274.8,28.2,1020.4,11.4,0.5,3.9,13.8,Partly Cloudy
21.6,84.2,50.0,68.3,97.3,1004.4,3.2,16.4,1.7,19.3,Thunderstorm
23.3,48.1,12.2,336.1,0.0,1010.8,15.3,0.8,8.5,12.7,Sunny
25.9,65.7,7.4,14.5,35.8,1016.1,9.4,0.8,5.3,18.9,Partly Cloudy
34.5,39.8,11.5,207.0,3.1,1016.5,14.5,0.0,7.9,6.3,Sunny
16.1,80.0,32.1,96.8,79.6,1008.0,6.2,8.9,0.9,15.8,Rainy
39.0,52.3,9.7,248.7,14.8,1011.8,15.9,0.5,12.6,25.7,Sunny
5.3,91.1,3.2,293.3,65.5,1014.3,3.5,0.7,1.3,4.1,Foggy
24.9,46.8,23.1,300.0,14.7,1022.2,15.4,0.0,6.3,16.3,Partly Cloudy
4.1,91.9,7.4,296.1,73.3,1011.8,0.0,1.3,2.5,10.0,Foggy
22.2,58.9,19.4,64.7,57.7,1013.4,7.4,2.6,2.0,10.1,Cloudy
18.9,55.9,30.3,226.3,64.0,1015.1,9.6,4.5,1.1,14.6,Cloudy
26.4,65.7,9.0,133.2,78.9,1002.7,6.6,13.1,1.1,8.7,Rainy
24.5,87.5,62.4,67.3,86.1,1000.7,1.7,5.6,1.5,17.3,Thunderstorm
12.7,78.5,25.1,248.6,85.8,1011.9,5.6,0.0,1.0,18.6,Cloudy
9.1,86.9,4.2,92.9,76.5,1020.3,2.1,0.0,4.5,10.7,Foggy
15.1,60.7,20.5,314.2,62.8,1002.9,7.0,3.0,3.5,13.8,Cloudy
28.7,62.5,20.2,242.6,58.8,1010.2,11.1,1.7,3.7,12.5,Partly Cloudy
13.5,86.1,19.0,92.8,91.2,1003.0,4.8,6.6,2.8,6.3,Rainy
25.1,64.9,11.5,165.9,68.8,1011.6,11.7,4.3,3.2,8.3,Cloudy
31.8,35.6,7.2,92.4,-0.0,1014.9,10.4,0.0,8.2,20.0,Sunny
22.0,84.0,17.3,355.1,85.3,993.4,16.1,4.3,2.7,13.0,Cloudy
24.9,46.8,17.4,113.4,21.9,1024.2,12.9,0.0,8.5,6.2,Sunny
14.3,78.3,34.1,273.1,86.4,1015.7,5.9,12.7,2.4,13.3,Rainy
15.9,79.2,34.9,170.4,87.9,1008.8,7.5,8.0,0.1,8.3,Rainy
28.6,29.5,7.7,67.3,21.5,1017.7,17.8,0.1,10.8,16.1,Sunny
30.0,88.3,13.1,352.1,97.8,1004.8,5.0,7.0,1.1,25.6,Thunderstorm
26.3,41.9,17.4,233.9,65.6,1013.3,11.1,0.7,4.0,11.1,Partly Cloudy
16.0,90.3,39.2,7.1,91.6,1007.9,6.4,12.7,1.5,11.6,Rainy
19.7,60.4,23.4,213.6,99.4,1012.9,6.8,4.4,3.1,13.4,Cloudy
10.7,92.2,3.6,116.8,37.4,1010.4,1.7,0.0,1.7,6.3,Foggy
9.0,88.8,6.6,209.5,64.2,1011.8,2.5,1.7,2.9,6.6,Foggy
17.2,79.1,28.3,120.7,86.6,1005.8,5.7,6.0,0.0,13.6,Rainy
16.7,86.9,40.7,301.1,97.5,1006.8,1.2,8.2,1.7,15.1,Thunderstorm
31.0,35.4,12.9,109.3,0.0,1019.0,17.6,0.0,6.4,8.0,Sunny
14.3,73.0,38.5,261.4,92.0,998.8,4.7,7.7,1.2,12.3,Rainy
22.3,89.4,34.8,137.0,96.5,1004.1,6.0,15.4,1.1,23.3,Thunderstorm
14.5,52.1,25.5,116.1,61.7,1008.6,6.6,3.5,3.9,12.3,Cloudy
17.6,52.2,17.5,133.8,78.6,1008.8,7.5,3.3,3.8,14.8,Cloudy
16.9,61.4,18.8,195.8,98.4,1010.9,7.3,0.4,3.2,16.0,Cloudy
25.5,46.6,12.2,86.2,43.7,1012.4,8.7,0.2,3.8,7.8,Partly Cloudy
35.0,31.9,16.1,124.6,22.9,1016.4,13.5,0.0,10.0,11.7,Sunny
16.6,68.7,17.0,309.2,67.8,1006.8,6.7,0.5,1.5,5.5,Cloudy
10.8,66.6,15.3,297.5,100.0,986.2,9.1,7.7,2.3,8.8,Rainy
15.2,93.4,48.5,100.1,98.1,1007.6,3.8,17.2,0.0,22.5,Thunderstorm
21.2,57.6,15.7,273.9,69.6,1013.9,7.9,0.0,5.1,14.3,Cloudy
35.9,33.6,12.2,125.0,21.4,1015.4,11.8,0.0,9.7,4.3,Sunny
10.0,82.8,16.1,123.0,81.1,1003.5,5.3,6.7,1.8,11.3,Rainy
9.9,89.1,7.8,127.8,63.8,1007.9,2.2,0.6,3.3,12.8,Foggy
24.8,47.9,10.2,67.2,36.3,1011.9,10.1,0.0,3.0,14.2,Partly Cloudy
15.6,92.6,7.2,243.8,64.7,1013.7,3.9,0.3,2.5,12.9,Foggy
8.3,96.0,1.6,244.6,67.4,1006.4,1.6,0.4,0.7,12.3,Foggy
8.1,94.9,6.7,66.4,94.1,1008.8,0.4,1.0,3.4,13.7,Foggy
25.7,58.9,13.6,342.2,39.2,1024.1,8.7,2.8,5.3,13.6,Partly Cloudy
37.3,25.5,15.0,244.1,9.3,1012.8,17.1,0.0,10.2,7.5,Sunny
25.4,45.4,12.4,330.6,36.0,1017.0,11.2,1.4,3.9,14.8,Partly Cloudy
23.0,64.3,15.4,8.0,52.9,1012.0,13.0,0.5,5.7,18.9,Partly Cloudy
15.1,61.5,11.4,303.9,80.8,1017.1,5.2,0.5,3.3,9.3,Cloudy
5.7,85.6,2.9,91.8,93.8,1018.3,1.6,0.5,2.3,9.5,Foggy
31.0,38.9,15.5,335.7,53.7,1007.1,11.2,0.3,5.5,13.3,Partly Cloudy
17.9,88.3,46.3,200.0,90.1,988.9,4.5,22.0,1.0,12.5,Thunderstorm
10.3,96.0,4.4,213.7,65.3,1018.6,1.8,0.0,4.2,3.5,Foggy
17.0,39.0,15.7,57.3,83.7,1011.4,7.2,2.0,4.6,15.8,Cloudy
6.5,91.8,4.5,333.4,61.2,1001.5,1.9,1.0,3.3,9.2,Foggy
11.5,97.0,5.3,345.5,71.2,1012.4,2.3,0.0,1.7,10.7,Foggy
21.3,79.0,46.2,333.4,84.4,992.5,6.9,22.6,1.9,16.2,Thunderstorm
17.7,68.2,17.2,68.1,77.4,1017.8,9.6,0.0,3.4,13.3,Cloudy
19.9,94.1,27.7,35.3,93.6,1002.4,2.4,20.0,2.6,18.0,Thunderstorm
10.6,72.3,17.1,182.8,87.7,1011.9,8.9,7.1,3.4,16.1,Rainy
15.3,75.4,39.1,150.4,84.7,1008.7,3.7,5.3,0.8,10.0,Rainy
25.0,89.4,20.1,300.8,100.0,1005.3,5.7,14.0,0.4,18.1,Thunderstorm
13.4,97.3,4.5,76.7,46.2,1007.2,1.5,0.1,1.1,12.4,Foggy
15.1,76.7,21.1,318.2,87.5,1008.6,5.0,7.1,2.0,13.9,Rainy
37.7,38.5,4.7,168.0,17.5,1017.0,12.7,0.0,7.3,19.8,Sunny
18.9,79.6,20.5,142.6,81.8,1010.4,6.3,5.3,1.8,8.7,Rainy
22.9,53.9,6.0,99.8,28.1,1015.7,11.6,1.3,4.7,16.2,Partly Cloudy
16.1,77.0,35.8,184.7,83.8,1007.9,6.5,8.3,2.8,6.8,Rainy
10.3,87.9,3.5,89.9,100.0,1017.2,1.8,0.9,2.2,10.8,Foggy
27.3,54.7,21.5,174.7,32.0,1013.4,11.2,0.1,4.4,7.1,Partly Cloudy
11.4,81.5,43.7,156.2,91.0,1012.3,3.3,20.7,1.7,16.8,Thunderstorm
15.3,60.4,28.6,37.4,92.6,1014.3,4.9,0.5,1.2,17.2,Rainy
22.5,38.0,11.8,262.4,16.3,1016.4,18.0,0.2,6.1,10.5,Sunny
7.6,85.7,4.4,285.6,93.5,1015.6,3.1,0.0,2.5,13.3,Foggy
15.8,59.3,18.5,286.7,61.9,1008.0,7.1,2.6,2.9,15.4,Cloudy
5.1,93.6,5.6,277.1,71.6,1011.3,1.9,0.7,3.1,9.8,Foggy
24.9,85.7,30.8,113.0,99.2,987.4,4.3,14.3,2.9,14.4,Thunderstorm
18.8,72.4,15.3,169.9,89.5,1008.6,11.1,1.4,3.0,14.3,Cloudy
7.0,89.9,5.4,168.7,87.6,1015.6,4.1,0.1,1.3,9.2,Foggy
24.7,63.1,20.5,85.1,64.7,1008.1,7.9,1.5,2.8,10.0,Cloudy
31.6,35.6,0.6,27.8,1.2,1024.7,12.8,0.0,10.1,12.8,Sunny
13.7,76.1,27.2,123.4,81.8,1009.4,3.5,0.0,1.0,11.3,Rainy
25.3,95.3,30.3,9.6,84.5,1004.6,6.5,2.7,1.9,9.8,Rainy
7.6,95.9,24.8,168.8,83.8,1007.2,5.6,12.2,1.8,11.0,Rainy
18.5,81.5,46.1,184.9,88.9,1001.5,5.7,5.6,2.4,17.6,Thunderstorm
25.3,25.7,12.3,353.4,16.9,1014.8,20.0,0.5,9.6,15.1,Sunny
32.3,48.8,7.1,176.4,0.0,1010.8,16.4,-0.0,5.7,16.5,Sunny
8.8,77.0,3.3,17.0,62.6,1013.8,0.7,0.2,2.5,9.9,Foggy
23.2,40.3,21.0,104.2,30.1,1015.2,12.2,2.5,5.6,3.2,Partly Cloudy
31.9,35.4,9.2,87.5,7.0,1014.7,10.9,0.1,5.2,13.4,Sunny
26.9,64.5,9.7,144.4,82.7,1014.3,8.2,3.3,5.5,18.1,Cloudy
24.1,46.5,20.1,338.0,36.9,1013.0,9.2,1.5,3.2,13.7,Partly Cloudy
18.4,91.1,21.7,328.3,85.1,1016.7,5.7,9.8,1.6,9.3,Rainy
25.1,79.9,54.6,281.9,96.1,1002.0,2.9,24.7,2.4,19.1,Thunderstorm
29.8,48.2,17.2,56.0,41.8,1013.7,10.8,2.3,5.8,13.5,Partly Cloudy
15.3,78.6,2.7,234.2,70.4,1012.0,7.7,1.9,3.8,18.0,Cloudy
31.3,30.0,0.1,350.7,20.1,1011.3,17.6,0.0,7.1,14.4,Sunny
14.3,81.9,14.0,356.2,100.0,994.1,5.8,14.2,0.8,12.5,Rainy
22.1,31.1,11.2,120.9,23.6,1015.9,6.7,1.3,6.5,10.4,Partly Cloudy
33.8,27.1,15.5,268.6,13.4,1019.5,10.5,0.0,8.9,12.0,Sunny
26.8,38.6,17.6,328.6,16.0,1013.1,6.2,0.1,3.1,9.0,Partly Cloudy
21.2,70.2,25.4,82.0,50.8,1023.3,7.5,1.7,3.7,14.6,Cloudy
30.7,80.3,20.9,172.1,49.1,1024.1,14.7,0.1,6.0,11.3,Partly Cloudy
29.3,84.1,56.7,231.9,92.5,986.8,0.3,22.7,2.3,18.8,Thunderstorm
32.1,36.7,11.9,83.3,8.2,1009.8,13.4,0.4,4.2,7.9,Sunny
39.8,38.1,5.8,304.1,13.0,1022.2,12.3,0.0,5.7,16.4,Sunny
25.8,35.8,7.5,7.5,7.7,1014.2,14.7,0.0,7.3,8.5,Sunny
6.9,95.4,5.7,203.5,72.4,1008.7,2.2,0.3,2.7,9.7,Foggy
22.3,82.1,70.6,21.7,94.6,998.6,9.0,17.6,0.0,15.8,Thunderstorm
10.0,93.1,2.6,322.0,74.0,1008.6,1.4,0.5,2.0,12.0,Foggy
18.0,86.8,20.7,229.9,92.1,1010.6,7.4,10.0,1.3,12.5,Rainy
10.4,91.4,2.7,242.1,46.2,1007.6,2.0,0.1,1.8,7.4,Foggy
21.0,63.0,9.6,179.5,42.8,1008.3,6.9,0.0,4.4,19.1,Partly Cloudy
22.3,85.9,53.4,238.6,94.1,1001.6,5.2,12.1,0.0,15.6,Thunderstorm
25.6,48.3,4.5,12.5,12.3,1027.7,17.6,0.0,9.2,15.5,Sunny
22.6,93.3,49.3,255.5,93.2,1010.5,9.9,16.8,1.0,19.8,Thunderstorm
13.9,86.5,25.7,357.0,98.0,997.4,5.4,18.2,0.9,16.4,Rainy
23.6,42.1,2.2,36.7,9.3,1017.1,13.4,0.0,9.8,14.6,Sunny
8.2,92.8,6.4,43.6,83.4,1016.5,4.0,0.2,1.4,8.9,Foggy
9.8,76.4,17.2,104.0,91.0,1001.8,3.4,12.5,3.6,14.9,Rainy
30.1,39.7,14.0,106.7,62.7,1019.2,16.2,0.8,5.1,11.6,Partly Cloudy
29.5,61.6,25.3,264.9,60.5,1010.8,8.1,0.6,6.1,21.3,Partly Cloudy
19.5,60.9,2.5,98.5,39.8,1019.0,11.7,2.2,3.6,19.0,Partly Cloudy
13.2,40.7,15.8,203.5,74.1,1008.5,12.9,3.4,2.8,10.0,Cloudy
14.7,69.9,20.8,70.3,84.1,1005.6,10.4,0.6,2.4,8.7,Cloudy
12.9,89.1,10.1,215.0,88.7,1002.0,9.5,8.2,3.1,13.0,Rainy
14.0,63.4,21.8,145.0,79.6,1022.8,4.8,0.6,3.4,9.1,Cloudy
21.1,72.8,16.2,325.3,69.8,1013.2,5.1,0.7,3.1,13.5,Cloudy
17.7,58.7,22.4,178.6,31.8,1013.2,10.8,0.9,4.5,8.4,Partly Cloudy
33.6,34.4,11.7,185.0,20.6,1018.4,14.2,0.6,10.0,13.8,Sunny
9.1,100.0,4.7,141.6,80.4,1008.2,2.1,0.0,0.7,6.7,Foggy
20.8,45.0,24.2,244.4,44.3,1009.8,13.0,0.7,6.8,13.7,Partly Cloudy
14.8,92.4,33.8,346.6,85.2,1019.3,6.7,10.7,2.8,11.0,Rainy
32.3,23.7,13.8,90.2,27.2,1014.1,14.3,0.2,7.6,12.9,Sunny
12.0,92.1,6.4,40.6,90.9,1015.8,3.5,0.1,3.1,7.1,Foggy
27.2,46.5,6.2,336.6,44.8,1009.8,14.1,2.0,5.4,9.8,Partly Cloudy
18.2,65.7,24.6,204.7,72.7,993.7,5.2,6.9,2.1,10.3,Rainy
16.2,84.1,18.3,328.1,100.0,998.9,4.7,13.6,0.7,13.5,Rainy
17.0,74.5,29.5,61.1,90.0,1012.9,7.6,3.7,2.3,14.5,Rainy
33.5,34.9,10.7,336.2,17.4,1012.6,10.7,0.1,6.9,15.7,Sunny
33.7,60.2,15.5,177.8,0.0,1015.3,11.9,0.0,7.3,9.3,Sunny
22.0,81.9,22.1,202.9,97.8,987.7,1.7,15.6,1.3,8.9,Thunderstorm
32.8,50.0,12.4,113.1,46.8,1011.4,13.9,-0.0,5.3,5.3,Partly Cloudy
25.8,71.4,39.3,266.0,100.0,994.1,7.2,15.6,0.7,14.0,Thunderstorm
23.7,42.3,10.6,79.7,36.1,1013.7,10.0,0.2,4.7,14.7,Partly Cloudy
7.2,91.3,8.0,13.6,92.1,1008.6,0.4,0.0,2.4,8.9,Foggy
14.7,76.7,24.3,133.5,85.7,1000.0,5.7,12.1,2.6,7.3,Rainy
21.4,43.2,12.9,73.5,31.5,1012.1,17.0,0.4,4.0,20.1,Partly Cloudy
28.4,11.2,9.0,258.8,10.2,1021.8,17.4,0.2,10.5,11.5,Sunny
13.2,93.7,2.5,344.4,59.4,1014.2,3.6,-0.0,1.3,9.6,Foggy
25.3,65.2,13.2,296.2,87.2,1021.7,8.9,2.7,3.7,10.3,Cloudy
18.4,84.7,10.0,16.1,97.1,989.5,0.8,17.0,1.5,18.0,Thunderstorm
27.0,48.6,15.1,235.0,55.0,1021.5,10.5,0.3,4.8,11.1,Partly Cloudy
16.2,92.9,34.6,210.4,86.3,998.8,5.5,6.6,2.9,14.0,Rainy
18.9,73.7,12.5,358.5,67.9,1016.7,11.3,1.3,4.1,11.8,Cloudy
24.5,49.3,12.6,73.2,42.6,1017.5,7.1,0.9,5.2,12.8,Partly Cloudy
17.3,62.4,22.5,45.0,74.3,1003.0,10.4,4.3,3.1,16.3,Cloudy
15.2,48.6,20.9,232.4,38.9,1015.3,10.2,0.7,2.0,12.7,Partly Cloudy
13.5,63.2,21.0,106.9,82.6,1006.9,4.7,3.1,3.1,5.9,Cloudy
21.5,98.8,17.8,57.2,95.4,995.8,7.9,7.8,2.4,13.0,Rainy
22.2,36.4,13.9,321.9,39.7,1017.7,12.5,0.7,3.5,19.4,Partly Cloudy
7.6,94.3,3.8,155.8,67.9,1013.4,3.5,0.0,3.2,10.4,Foggy
27.5,84.8,48.9,233.8,95.7,994.6,1.1,30.3,0.6,18.9,Thunderstorm
8.4,91.8,5.6,247.0,73.5,1009.0,1.6,1.1,1.6,8.2,Foggy
9.7,92.9,6.2,357.9,97.3,1013.6,2.2,0.2,2.7,11.1,Foggy
24.4,53.2,9.6,348.4,55.2,1015.0,9.1,0.0,3.9,10.4,Partly Cloudy
16.4,85.1,25.1,251.5,99.7,1018.4,5.5,2.9,2.4,11.6,Rainy
23.7,53.1,19.9,199.8,28.0,1023.4,11.0,3.5,5.0,10.1,Partly Cloudy
8.1,81.7,2.7,242.1,66.6,1012.5,1.0,0.0,1.8,8.0,Foggy
24.1,23.5,6.7,228.0,18.9,1023.4,18.9,0.0,11.5,16.1,Sunny
10.0,53.7,25.6,137.3,78.3,1010.9,11.7,2.8,2.5,11.3,Cloudy
18.5,75.0,22.7,257.5,77.7,1014.5,13.1,3.8,3.5,10.8,Cloudy
26.7,55.3,12.4,304.1,29.9,1009.2,12.8,0.8,8.2,14.1,Partly Cloudy
14.6,80.4,16.3,40.6,79.6,1006.4,13.6,2.6,3.3,11.6,Cloudy
12.6,85.3,7.3,14.8,65.2,1012.0,1.4,0.1,2.0,9.2,Foggy
11.0,92.8,6.0,268.7,53.0,1013.0,2.6,0.5,2.2,10.8,Foggy
3.8,83.6,3.3,354.8,94.6,1010.9,3.8,0.1,3.0,9.1,Foggy
16.5,80.1,26.0,125.8,84.9,1002.1,8.0,10.6,1.6,11.8,Rainy
24.9,59.4,13.5,141.7,26.9,1007.4,11.1,0.9,5.3,14.6,Partly Cloudy
27.6,74.3,20.4,74.0,40.6,1015.5,11.2,0.2,3.4,9.5,Partly Cloudy
24.0,88.4,41.1,147.8,100.0,991.1,5.5,12.2,0.0,19.9,Thunderstorm
12.8,92.0,7.3,254.9,50.1,1013.7,3.5,0.7,1.9,13.4,Foggy
33.6,8.8,9.9,28.1,7.7,1020.2,15.2,0.0,7.4,16.5,Sunny
26.4,89.3,31.8,238.0,89.7,1006.7,6.1,8.4,2.8,12.2,Thunderstorm
22.5,46.3,19.0,46.2,38.9,1011.3,10.6,0.0,4.4,18.7,Partly Cloudy
11.9,83.9,26.8,97.5,95.2,1008.0,8.8,1.9,0.9,14.3,Rainy
17.6,96.1,1.2,102.6,87.5,1009.7,1.2,0.0,0.0,11.2,Foggy
14.2,75.7,13.9,181.7,80.5,1013.0,8.4,3.1,1.3,13.4,Cloudy
24.0,82.4,34.7,319.1,100.0,990.0,1.5,28.5,1.0,12.8,Thunderstorm
15.5,86.1,25.7,207.3,84.0,1003.9,3.0,16.8,1.3,13.6,Rainy
5.3,86.8,4.7,13.4,52.6,1007.4,2.5,0.5,4.7,12.4,Foggy
12.1,98.7,3.2,147.4,62.7,1017.9,3.4,1.2,0.5,13.7,Foggy
9.1,98.0,5.2,189.9,74.1,1001.9,2.5,0.6,1.7,9.5,Foggy
30.0,33.6,11.3,37.6,7.9,1020.4,12.9,0.0,6.9,10.1,Sunny
17.8,98.4,45.7,195.5,100.0,1002.3,6.1,12.4,1.1,15.0,Thunderstorm
14.4,98.6,5.6,218.9,100.0,1006.8,3.0,0.2,1.3,4.9,Foggy
27.9,36.1,4.3,124.6,0.0,1018.8,15.3,0.0,5.9,9.9,Sunny
35.3,47.0,13.3,92.1,4.3,1015.9,12.1,0.0,8.6,15.7,Sunny
16.5,74.4,21.4,218.2,82.6,1004.8,6.7,0.0,3.1,10.5,Rainy
41.6,30.4,14.2,77.6,12.2,1015.3,12.8,0.0,13.6,18.4,Sunny
30.8,45.2,24.5,186.3,44.7,1020.5,12.5,2.7,2.9,20.4,Partly Cloudy
21.4,63.1,6.5,359.7,49.4,1018.2,16.2,2.9,3.2,13.4,Partly Cloudy
9.9,93.0,7.5,354.4,63.4,1013.2,2.4,0.0,2.5,11.2,Foggy
15.5,91.6,7.1,63.1,59.7,1015.3,3.1,0.4,4.0,7.2,Foggy
10.7,91.4,2.1,185.1,77.2,1005.5,1.2,1.2,2.1,17.0,Foggy
7.5,97.9,6.7,344.0,69.8,1011.3,2.3,0.1,1.0,3.4,Foggy
22.7,56.2,8.5,331.6,46.0,1012.4,16.3,0.9,1.4,14.4,Partly Cloudy
18.8,82.9,25.0,196.4,96.8,1006.0,8.5,11.7,2.0,12.4,Rainy
19.0,51.9,13.8,65.9,45.3,1021.1,11.6,0.0,6.6,19.7,Partly Cloudy
21.1,97.4,56.8,158.1,100.0,1008.1,2.5,22.5,1.0,21.1,Thunderstorm
25.1,78.1,23.2,197.7,93.7,1002.7,7.5,3.3,2.1,8.3,Cloudy
30.0,27.0,20.5,130.6,8.6,1022.7,15.8,0.1,9.1,8.0,Sunny
28.3,78.1,29.9,27.6,95.3,982.3,2.6,15.9,1.4,26.7,Thunderstorm
29.7,39.8,10.8,247.2,6.1,1016.8,17.3,0.0,8.1,10.1,Sunny
17.3,59.8,21.4,189.9,71.3,1008.6,5.5,2.0,2.6,13.2,Cloudy
17.2,77.6,28.7,77.1,92.7,999.2,6.4,5.5,1.0,9.9,Rainy
21.0,89.0,61.0,118.0,99.1,996.0,4.1,15.5,1.1,11.0,Thunderstorm
12.7,90.7,8.6,16.3,71.2,1008.3,2.1,0.7,0.4,9.8,Foggy
23.4,57.3,19.4,155.7,66.1,1005.0,12.1,2.0,3.6,17.5,Cloudy
14.2,55.1,23.2,349.1,79.3,1016.7,6.2,2.5,4.0,16.6,Cloudy
18.9,55.7,14.1,310.5,30.6,1012.6,5.8,0.3,2.8,13.3,Partly Cloudy
23.4,93.9,45.3,17.7,92.2,992.4,5.2,23.7,1.9,17.7,Thunderstorm
34.9,42.6,9.5,60.1,8.6,1017.5,16.5,0.6,6.2,10.0,Sunny
19.2,36.1,13.8,224.9,23.6,1018.2,11.8,1.4,4.2,18.6,Partly Cloudy
11.3,90.9,3.7,345.0,73.5,1008.6,0.8,0.4,2.2,8.5,Foggy
25.7,64.7,10.0,80.4,100.0,1016.7,4.8,2.9,1.7,14.2,Cloudy
18.3,71.2,23.8,337.4,80.5,1003.9,9.1,1.7,3.3,10.8,Cloudy
23.2,45.9,17.7,291.9,24.9,1010.1,10.5,1.5,3.1,16.0,Partly Cloudy
13.6,72.9,25.8,135.9,93.1,991.4,8.5,12.0,2.3,11.1,Rainy
18.0,60.4,16.5,295.6,65.0,1019.6,10.3,0.1,4.8,14.0,Partly Cloudy
11.3,93.4,3.9,264.2,55.0,1006.7,1.6,0.5,1.3,12.1,Foggy
24.3,93.8,47.8,300.6,88.5,1005.0,3.0,16.8,0.2,20.5,Thunderstorm
31.8,66.9,15.4,77.5,6.4,1019.2,20.3,0.9,8.1,15.4,Sunny
11.0,83.5,25.8,176.7,96.0,1018.0,2.4,6.0,2.1,7.8,Rainy
23.1,93.1,42.5,344.8,95.1,1008.2,7.5,0.0,0.4,15.0,Rainy
17.7,94.2,47.4,109.6,100.0,992.3,3.8,16.0,1.9,21.6,Thunderstorm
35.8,35.2,8.5,295.8,0.0,1015.0,19.2,0.1,12.4,10.5,Sunny
17.1,64.2,19.7,227.8,78.2,1006.3,7.3,3.2,3.9,13.7,Cloudy
11.2,80.7,4.8,200.0,55.7,1016.2,1.5,0.1,1.2,11.2,Foggy
14.7,91.4,16.0,116.8,91.9,1013.9,5.3,5.1,2.8,7.9,Rainy
25.1,85.6,54.0,251.6,98.2,1005.0,7.4,23.5,1.9,21.6,Thunderstorm
13.2,89.5,67.0,131.9,90.9,995.5,3.6,9.4,2.0,17.5,Thunderstorm
22.1,57.9,15.8,323.4,40.1,1015.2,10.4,0.0,4.2,20.6,Partly Cloudy
17.3,95.2,23.9,244.9,94.5,996.5,4.8,10.6,0.8,16.8,Thunderstorm
11.8,84.3,41.8,106.5,93.8,990.4,3.0,11.9,3.2,21.1,Thunderstorm
15.3,100.0,8.4,299.7,66.6,1009.0,2.4,0.1,2.2,6.2,Foggy
31.1,48.4,20.3,86.0,29.5,1011.0,13.3,0.6,5.3,9.0,Partly Cloudy
30.5,53.1,10.5,209.8,40.7,1022.4,14.2,1.8,6.1,9.5,Partly Cloudy
17.6,80.6,18.5,112.5,90.3,994.2,7.2,10.1,0.5,17.7,Rainy
14.3,93.7,6.2,273.7,81.1,1019.1,1.4,0.9,1.8,7.3,Foggy
25.7,38.7,4.8,303.5,0.0,1024.1,14.3,0.0,10.0,15.4,Sunny
6.2,83.9,3.7,180.7,85.8,1005.4,2.6,0.7,3.8,13.0,Foggy
24.1,35.9,14.2,200.9,37.1,1016.0,10.8,0.0,7.5,12.0,Partly Cloudy
16.8,75.9,39.1,279.8,100.0,1028.1,10.2,8.0,3.8,14.5,Rainy
18.9,56.2,19.7,277.3,72.3,1022.5,7.6,0.0,2.5,9.7,Cloudy
17.9,80.5,59.9,92.4,98.3,1013.7,2.6,27.6,1.1,14.6,Thunderstorm
10.9,92.8,2.4,162.1,41.8,1000.0,2.1,0.6,3.4,11.5,Foggy
14.6,87.5,27.3,73.4,98.1,988.8,5.8,11.5,2.4,20.1,Thunderstorm
14.9,87.6,31.6,79.6,72.4,1005.1,7.2,13.2,3.5,11.6,Rainy
21.5,47.2,18.0,53.5,68.2,1003.1,7.9,0.6,2.8,14.4,Cloudy
5.9,95.8,6.4,241.8,68.6,1002.7,1.9,0.0,1.3,5.3,Foggy
29.2,28.9,13.4,160.9,27.8,1010.4,13.1,0.1,6.7,9.5,Partly Cloudy
22.1,82.1,46.4,29.4,82.4,994.0,1.6,29.4,1.5,21.0,Thunderstorm
15.9,24.8,20.3,247.0,31.7,1004.0,8.0,0.0,6.3,14.8,Partly Cloudy
37.1,33.6,12.3,23.4,1.7,1016.4,16.7,0.0,7.9,9.0,Sunny
17.7,67.2,16.2,318.8,67.2,1003.3,8.2,1.0,2.0,7.8,Cloudy
12.8,96.5,5.4,252.0,63.6,1002.8,3.2,0.5,0.0,15.2,Foggy
26.3,72.6,15.6,305.9,41.2,1012.6,13.4,2.6,7.7,6.6,Partly Cloudy
43.5,21.3,13.0,100.5,0.0,1026.5,12.9,-0.0,7.4,7.9,Sunny
5.3,100.0,4.2,199.7,76.2,1014.5,2.3,0.5,3.0,5.4,Foggy
38.2,49.1,15.3,146.5,25.6,1017.7,14.8,0.1,9.2,6.2,Sunny
9.9,93.0,6.8,177.9,80.0,1012.7,3.1,0.0,1.8,13.5,Foggy
22.3,67.1,27.6,253.6,25.9,1015.7,13.8,2.0,5.2,11.8,Partly Cloudy
23.8,62.9,18.8,180.4,72.1,1005.1,7.2,0.7,4.2,15.5,Cloudy
12.9,71.1,15.5,179.1,88.6,1011.9,6.9,1.6,3.5,14.4,Cloudy
29.7,37.2,15.1,6.7,27.2,1011.5,11.5,0.0,3.8,11.6,Partly Cloudy
17.7,58.2,25.9,257.5,61.7,998.7,9.8,2.1,3.5,13.4,Cloudy
18.8,79.3,47.9,255.6,95.4,988.0,3.6,31.0,0.8,18.5,Thunderstorm
16.7,41.3,14.5,17.7,35.8,1017.1,8.6,1.2,3.8,8.7,Partly Cloudy
21.4,63.0,17.0,300.6,21.8,1018.1,9.3,0.0,4.2,10.5,Partly Cloudy
16.4,86.1,33.9,195.5,94.2,1012.7,5.4,11.7,3.0,12.7,Rainy
19.3,58.2,22.8,254.0,40.5,1016.1,9.1,1.5,6.2,11.0,Partly Cloudy
34.7,37.9,15.3,359.5,11.1,1020.0,11.4,0.0,5.5,12.2,Sunny
8.7,99.1,6.3,193.1,76.1,1007.3,0.7,0.0,0.8,10.8,Foggy
9.4,82.6,21.7,156.9,87.0,999.0,8.4,8.2,0.9,13.4,Rainy
24.9,76.0,24.3,236.9,79.3,1017.8,4.6,0.1,1.4,9.7,Rainy
8.3,72.4,29.9,18.8,97.5,1011.7,6.6,1.1,0.9,8.8,Rainy
28.0,78.6,31.1,58.8,96.4,1006.9,5.0,22.6,0.1,15.9,Thunderstorm
7.3,91.0,5.7,37.0,100.0,1006.6,2.3,0.0,1.4,11.3,Foggy
23.2,57.2,18.7,154.5,65.6,1006.4,7.0,0.0,3.7,14.6,Cloudy
9.1,99.5,3.5,327.5,69.3,1009.9,0.4,1.0,0.6,8.4,Foggy
26.9,40.6,6.4,10.1,28.8,1025.1,10.0,0.4,6.2,22.4,Partly Cloudy
15.7,72.2,23.6,257.1,85.3,1001.4,8.7,2.9,1.3,10.3,Rainy
9.3,77.9,66.0,257.5,93.3,997.4,4.5,0.0,1.2,22.0,Thunderstorm
27.9,33.2,3.8,291.2,9.5,1018.5,11.3,0.1,6.2,12.0,Sunny
21.8,45.3,13.8,185.1,34.1,1012.4,11.7,2.0,3.6,8.1,Partly Cloudy
32.2,42.0,13.0,284.3,6.2,1013.2,15.2,0.0,6.8,11.0,Sunny
18.9,48.3,18.6,332.6,82.9,1019.7,4.1,2.3,3.9,17.5,Cloudy
21.2,62.4,14.1,143.2,73.0,1012.2,10.8,0.4,3.6,5.0,Cloudy
19.7,70.3,12.8,111.7,61.0,1006.8,8.5,0.3,3.0,11.7,Cloudy
29.6,56.2,20.7,167.8,24.5,1022.3,15.6,2.9,2.6,10.5,Partly Cloudy
36.2,39.0,13.6,253.3,25.2,1020.6,14.3,0.0,6.5,-0.8,Sunny
25.8,31.7,7.3,12.9,13.7,1014.0,12.7,0.0,8.9,8.4,Sunny
23.5,62.2,11.0,260.6,73.5,1013.6,5.7,0.0,1.8,14.4,Cloudy
21.1,80.1,8.2,132.3,87.4,1015.2,9.1,2.3,2.3,11.2,Cloudy
26.1,75.6,15.1,335.8,38.8,1015.8,11.8,0.1,4.4,13.5,Partly Cloudy
7.9,57.0,22.0,315.4,86.9,1010.4,6.6,1.7,1.3,12.5,Cloudy
20.0,67.0,19.7,243.1,89.3,1019.0,11.4,1.1,1.5,11.6,Cloudy
10.3,91.9,7.3,198.8,78.9,1009.0,2.4,0.4,1.8,7.1,Foggy
16.3,77.0,29.4,47.3,96.9,1010.2,6.6,0.6,0.4,9.5,Rainy
29.4,29.2,7.5,331.5,17.9,1022.5,13.3,0.6,6.6,18.8,Sunny
19.3,75.8,14.6,244.0,73.2,1007.7,2.0,2.9,3.3,12.4,Cloudy
23.1,77.1,13.9,140.1,87.9,1007.9,6.2,0.0,1.9,9.6,Cloudy
22.7,79.7,67.1,40.3,87.8,991.9,0.5,15.2,0.5,11.4,Thunderstorm
15.5,75.9,34.2,309.0,100.0,1012.5,6.9,0.0,2.4,8.3,Rainy
21.8,97.6,15.8,181.7,87.6,1008.7,2.6,17.3,1.3,12.8,Thunderstorm
10.7,79.9,35.2,223.7,100.0,1007.4,4.4,6.4,2.0,11.0,Rainy
15.9,83.3,34.7,257.0,85.9,1003.4,6.2,20.6,2.0,20.7,Thunderstorm
35.3,47.9,3.0,50.9,9.1,1014.4,16.9,0.9,10.6,10.9,Sunny
37.6,23.4,13.2,38.7,7.1,1014.9,14.0,0.7,5.8,9.1,Sunny
14.9,80.1,20.0,272.8,68.0,1021.7,8.8,3.3,2.9,12.2,Cloudy
24.2,29.8,5.1,187.0,5.4,1023.3,16.8,0.0,7.0,13.0,Sunny
24.5,33.0,6.7,75.4,1.4,1025.1,13.8,0.0,9.3,9.5,Sunny
11.6,89.1,27.5,107.9,85.5,1003.2,5.5,11.4,0.3,11.9,Rainy
10.0,87.9,7.4,23.2,66.3,1005.0,1.5,0.9,2.8,10.2,Foggy
29.2,42.4,11.1,108.6,20.0,1022.2,12.7,1.2,8.2,15.0,Partly Cloudy
18.5,85.3,25.5,278.2,100.0,1001.6,5.6,8.9,0.9,18.1,Thunderstorm
25.7,61.3,14.2,331.8,41.8,1004.4,9.5,2.2,4.8,12.1,Partly Cloudy
15.7,90.7,26.8,191.4,80.0,1000.0,6.1,4.6,2.0,15.0,Rainy
11.4,68.9,24.2,76.8,99.1,999.0,7.0,11.1,0.9,9.9,Rainy
33.8,40.3,11.3,83.0,8.0,1015.2,11.4,0.7,11.3,13.3,Sunny
32.3,33.9,7.2,138.3,15.2,1029.1,17.6,0.7,7.7,12.1,Sunny
37.9,41.2,14.2,157.0,6.0,1007.8,18.2,0.7,7.5,3.6,Sunny
26.4,84.9,38.1,40.9,95.5,1004.6,5.9,28.0,2.4,17.7,Thunderstorm
13.5,82.5,23.7,233.6,75.5,1013.3,12.0,1.1,2.7,13.0,Cloudy
12.1,84.9,46.1,250.6,99.1,991.1,1.8,19.6,2.9,24.0,Thunderstorm
23.9,28.9,10.5,18.2,19.5,1010.3,6.9,-0.0,9.1,10.1,Sunny
12.0,88.3,6.7,318.5,92.6,1013.8,1.8,0.4,2.9,9.8,Foggy
19.6,94.2,20.8,163.0,93.1,1009.5,5.6,8.3,1.2,14.5,Thunderstorm
25.3,82.8,64.5,270.6,97.2,999.7,4.2,23.5,0.6,16.7,Thunderstorm
27.0,82.7,30.6,291.7,90.3,999.3,1.3,10.4,2.5,18.2,Thunderstorm
13.9,95.3,7.7,168.7,48.4,1021.3,1.7,0.2,2.9,5.4,Foggy
12.5,97.0,5.1,356.2,75.8,1008.0,3.4,0.1,3.7,5.2,Foggy
31.3,34.5,11.9,85.4,2.6,1025.1,15.0,0.7,7.9,7.4,Sunny
21.0,81.1,41.9,119.4,98.0,997.6,5.3,13.0,1.0,15.7,Thunderstorm
16.8,66.1,16.6,119.2,57.1,1010.6,13.5,3.5,2.1,20.3,Cloudy
24.9,51.9,14.5,239.7,32.8,1011.4,10.7,1.2,6.0,13.0,Partly Cloudy
18.9,55.8,20.7,280.9,77.3,1005.0,8.9,0.5,2.7,14.0,Cloudy
24.5,85.7,77.7,54.0,90.7,994.8,2.5,18.5,2.3,22.4,Thunderstorm
37.1,43.5,13.8,106.4,13.4,1015.7,15.4,0.0,7.7,5.9,Sunny
13.0,60.9,15.8,85.1,89.4,1006.7,8.8,2.2,1.9,15.9,Cloudy
26.4,72.6,32.3,179.3,100.0,996.1,4.0,25.2,0.1,24.2,Thunderstorm
24.2,94.7,37.7,218.1,99.4,997.9,1.4,11.1,2.8,23.5,Thunderstorm
2.9,78.8,5.6,286.9,65.5,1010.0,1.0,0.2,0.1,5.4,Foggy
6.7,90.3,9.6,297.8,74.0,1013.3,1.9,1.2,3.1,7.8,Foggy
14.7,77.6,30.1,304.5,85.6,1009.7,4.1,4.9,2.6,18.0,Rainy
10.6,84.4,36.5,346.0,95.6,988.1,6.2,3.8,3.2,11.6,Rainy
27.7,38.2,8.6,308.0,22.3,1014.4,19.2,0.0,9.0,15.8,Sunny
14.5,75.2,24.9,185.6,47.0,1005.1,6.8,3.3,3.9,10.4,Cloudy
39.5,73.0,10.5,120.9,19.3,1014.2,17.6,0.0,7.0,10.3,Sunny
8.9,93.2,4.7,333.4,68.1,1011.1,3.2,0.5,2.3,12.0,Foggy
11.4,89.8,34.8,168.9,95.0,1005.9,6.2,4.6,3.1,14.5,Rainy
10.4,86.7,4.1,272.6,71.1,1008.9,1.3,0.3,1.3,11.1,Foggy
23.2,53.3,15.9,265.8,50.0,1017.9,9.3,2.1,4.1,13.3,Partly Cloudy
28.3,88.5,52.1,170.2,97.6,1000.6,2.1,17.8,3.1,12.4,Thunderstorm
18.4,56.2,17.6,45.6,64.5,1004.8,5.2,1.3,3.2,14.0,Cloudy
21.7,69.5,25.0,345.5,73.0,1009.4,5.4,2.0,2.4,11.9,Cloudy
15.0,84.1,14.7,238.2,88.6,989.7,4.6,7.2,1.9,6.1,Rainy
10.6,95.1,4.3,194.9,78.5,1011.4,4.0,0.9,2.3,10.4,Foggy
18.7,72.6,15.9,214.4,96.2,998.2,7.7,8.2,2.7,11.7,Rainy
23.3,54.5,11.8,67.1,48.7,1011.7,11.6,0.1,4.2,15.1,Partly Cloudy
11.5,76.1,37.7,241.1,98.5,1008.3,3.3,7.0,2.7,14.0,Rainy
7.9,98.5,3.3,338.6,65.8,1009.1,1.8,0.0,0.1,10.2,Foggy
12.0,94.9,30.4,241.9,94.4,1015.6,5.9,4.0,2.0,13.8,Rainy
8.4,90.9,1.7,202.9,68.7,1021.7,3.1,0.2,2.2,9.0,Foggy
25.8,45.3,21.5,177.9,30.5,1015.4,11.0,1.8,4.8,21.5,Partly Cloudy
18.0,68.1,19.3,274.6,84.7,1010.1,9.6,0.3,2.0,14.3,Cloudy
26.2,56.5,17.2,154.5,36.8,1012.9,15.6,1.4,6.5,15.5,Partly Cloudy
7.2,86.0,4.4,7.9,72.8,1004.7,2.3,0.0,2.8,5.7,Foggy
14.4,56.8,20.0,180.0,72.7,1002.7,10.8,0.0,3.3,9.6,Cloudy
11.8,87.3,28.1,50.5,82.9,1003.9,5.7,7.9,2.1,14.8,Rainy
25.8,87.9,53.2,305.0,100.0,1006.3,0.0,14.4,1.5,17.5,Thunderstorm
15.5,73.5,28.2,51.4,96.6,1011.6,4.6,7.2,1.0,11.4,Rainy
22.0,82.6,19.2,238.7,95.6,997.4,5.3,20.2,2.5,15.4,Thunderstorm
21.8,90.4,46.8,9.2,90.0,1007.8,4.1,5.7,0.6,18.1,Thunderstorm
7.4,96.7,5.2,264.6,62.1,1007.9,1.3,0.5,4.2,9.6,Foggy
23.6,72.3,23.2,60.0,74.2,1000.3,1.0,3.5,2.5,12.5,Rainy
21.8,76.2,17.0,356.8,93.7,988.8,4.4,8.2,2.8,14.4,Rainy
16.9,76.9,27.6,80.1,77.2,1008.7,8.2,14.5,2.3,9.7,Rainy
13.5,91.8,25.0,125.2,96.4,1004.5,6.9,5.4,1.5,15.6,Rainy
23.7,61.3,10.8,268.5,32.6,1015.0,13.6,2.0,5.8,17.1,Partly Cloudy
29.5,42.5,12.7,136.1,0.0,1010.7,17.9,0.0,9.5,15.9,Sunny
13.5,95.6,5.0,197.8,93.2,1015.9,3.2,-0.0,4.0,9.9,Foggy
21.4,39.6,13.4,84.0,36.8,1011.7,18.3,-0.0,5.2,16.4,Partly Cloudy
17.5,83.8,33.8,341.9,81.5,1011.2,7.9,11.9,3.9,10.8,Rainy
23.8,97.5,36.9,325.2,98.9,1003.1,5.1,5.9,1.7,22.7,Thunderstorm
21.9,72.6,21.2,232.7,50.9,1016.1,15.1,0.0,2.9,13.1,Cloudy
9.7,89.2,4.9,342.1,73.8,1005.6,2.7,-0.0,2.0,8.0,Foggy
34.5,30.8,8.0,357.1,3.3,1015.4,4.1,1.0,9.1,8.9,Sunny
27.7,53.8,20.5,265.2,35.4,1011.8,14.0,0.8,5.1,14.7,Partly Cloudy
32.6,85.9,52.6,288.3,86.6,991.0,1.7,14.2,2.3,16.5,Thunderstorm
28.6,32.4,14.8,178.0,15.6,1015.3,10.8,0.4,7.8,9.7,Sunny
15.3,83.7,24.3,215.7,100.0,1011.2,7.3,13.1,2.5,11.0,Rainy
6.8,89.8,8.6,30.0,69.9,1016.8,2.4,0.9,0.9,4.5,Foggy
18.0,58.8,10.5,198.5,29.4,1012.6,12.6,1.9,5.3,19.1,Partly Cloudy
16.4,65.7,15.5,20.0,80.0,1011.3,11.4,1.6,2.0,13.7,Cloudy
18.5,85.2,40.4,27.2,92.6,996.0,4.5,22.4,1.7,20.5,Thunderstorm
16.8,92.8,3.9,304.5,100.0,1017.7,2.5,0.2,2.6,5.6,Foggy
17.3,72.6,19.4,212.5,94.5,1000.3,4.5,4.1,2.7,7.0,Rainy
24.8,47.8,11.8,23.0,9.1,1014.4,18.1,0.6,6.2,13.2,Sunny
32.3,56.8,16.1,54.1,43.4,1021.9,12.3,1.2,3.3,9.4,Partly Cloudy
15.7,81.9,27.3,358.5,82.3,1014.4,6.9,5.3,3.2,16.2,Rainy
21.8,37.5,18.6,165.9,24.2,1014.6,12.2,2.1,4.4,16.5,Partly Cloudy
22.1,80.3,53.7,152.1,84.0,1002.2,3.4,18.9,0.7,18.3,Thunderstorm
26.0,87.6,37.6,308.1,97.7,1001.7,3.5,2.7,1.6,17.9,Thunderstorm
26.9,15.8,16.0,159.6,8.0,1018.2,18.1,0.0,8.6,9.2,Sunny
12.0,68.9,25.8,95.8,100.0,995.0,1.9,3.4,0.5,13.2,Rainy
30.5,33.2,15.0,222.2,1.0,1023.9,15.0,0.3,8.7,8.4,Sunny
15.5,82.3,31.7,114.9,93.1,1004.9,4.7,9.0,1.5,12.7,Thunderstorm
16.8,78.5,23.1,205.0,76.5,1006.3,4.6,0.2,3.1,9.3,Cloudy
20.9,67.5,14.9,0.4,91.4,1005.9,2.6,9.4,3.2,15.4,Rainy
10.2,83.5,24.0,9.2,94.9,1009.9,3.9,9.5,4.4,14.3,Rainy
20.9,58.7,21.9,123.9,39.8,1021.8,5.5,3.4,2.1,13.5,Cloudy
16.9,56.3,15.7,257.3,57.2,1012.4,6.2,2.6,3.9,12.8,Cloudy
8.3,92.5,4.7,121.7,57.5,1010.4,1.7,0.3,2.7,8.1,Foggy
22.2,79.2,30.3,104.1,82.9,1012.9,8.5,4.4,1.2,11.5,Rainy
9.2,95.7,6.0,325.3,93.1,1014.2,1.4,0.7,1.7,3.0,Foggy
38.3,30.0,6.1,21.1,15.2,1027.2,16.3,0.0,9.7,15.4,Sunny
24.6,78.6,13.7,62.2,56.4,1014.7,9.8,2.9,3.1,17.6,Cloudy
8.5,94.5,3.3,242.7,61.3,1017.4,3.3,0.1,1.8,9.0,Foggy
26.4,75.5,24.4,99.3,89.2,989.3,6.2,1.5,1.3,21.5,Thunderstorm
10.6,82.1,23.7,248.8,74.9,1006.5,2.8,5.9,3.9,13.4,Rainy
9.9,98.4,3.8,176.2,73.3,1016.7,2.4,0.0,2.6,5.6,Foggy
15.5,88.0,71.3,193.4,91.8,994.2,5.4,19.9,1.7,18.0,Thunderstorm
7.2,97.2,4.0,226.2,67.7,1014.7,0.8,0.9,2.2,5.9,Foggy
13.4,84.3,4.9,141.0,75.4,1008.0,1.9,0.0,2.6,8.7,Foggy
16.8,78.8,41.7,8.7,96.0,986.5,6.9,2.4,0.2,16.2,Thunderstorm
14.1,67.2,30.2,62.8,96.7,1008.0,3.0,5.4,0.3,19.7,Rainy
28.2,22.3,2.8,134.5,0.0,1027.0,16.0,0.3,8.6,14.3,Sunny
23.1,23.5,10.7,210.9,3.3,1008.1,14.8,0.0,5.9,4.6,Sunny
25.7,31.9,12.3,117.6,0.0,1009.9,15.7,0.0,9.8,10.8,Sunny
25.7,68.5,17.0,116.9,11.0,1011.1,12.7,0.0,6.2,14.2,Partly Cloudy
13.6,96.0,31.2,323.5,100.0,1003.1,5.4,6.8,4.5,13.9,Rainy
14.6,75.3,10.9,78.8,80.6,1010.4,7.7,0.0,3.0,7.0,Cloudy
33.9,35.5,9.1,176.9,7.5,1020.9,9.2,0.2,10.3,9.9,Sunny
10.0,91.8,5.6,139.6,80.3,1014.5,2.2,0.6,0.6,10.7,Foggy
8.7,94.3,5.1,114.7,70.6,1005.8,0.9,0.3,3.5,10.1,Foggy
12.2,74.6,13.5,341.6,100.0,1013.9,4.6,5.5,2.1,10.7,Rainy
17.6,91.9,58.7,336.1,98.7,1005.2,5.4,0.3,2.5,24.1,Thunderstorm
17.5,71.4,33.9,50.0,92.3,997.1,0.0,20.5,2.2,19.5,Thunderstorm
6.5,97.6,5.5,55.8,57.0,1016.6,2.7,0.6,0.9,7.0,Foggy
19.8,58.5,8.2,69.2,62.3,1006.7,5.1,1.5,2.8,11.6,Cloudy
14.0,83.4,22.4,324.8,80.2,995.5,9.2,10.2,2.1,10.0,Rainy
19.5,87.4,22.1,291.0,85.2,1007.1,7.3,8.2,1.0,7.0,Rainy
11.7,98.9,0.2,100.6,69.0,1005.7,3.6,0.0,2.1,10.6,Foggy
28.5,88.0,49.6,301.8,100.0,993.8,4.5,15.4,1.9,15.5,Thunderstorm
13.4,71.4,34.4,293.5,98.6,1006.0,7.0,9.5,1.9,9.4,Rainy
31.6,52.2,20.1,240.7,30.4,1005.7,9.3,2.0,5.9,15.6,Partly Cloudy
28.2,34.1,9.2,159.6,14.3,1014.1,13.4,0.0,7.5,20.4,Sunny
20.5,77.5,25.9,81.7,83.1,1003.5,12.9,2.3,3.1,10.4,Cloudy
27.0,27.3,5.4,115.1,19.5,1012.0,8.1,0.3,7.4,11.1,Sunny
11.0,89.1,3.6,292.6,67.3,1004.6,2.4,0.8,1.2,5.9,Foggy
35.1,30.4,13.2,93.9,7.4,1021.3,18.8,0.4,9.1,16.4,Sunny
22.9,46.0,16.3,157.7,47.5,1022.8,13.4,0.0,4.1,9.6,Partly Cloudy
31.1,98.5,56.0,317.3,94.0,994.8,2.8,10.4,0.5,21.9,Thunderstorm
5.1,92.2,2.1,24.1,71.9,1008.7,6.5,1.0,2.9,7.1,Foggy
14.7,92.6,4.3,42.4,68.8,1023.4,3.6,1.0,2.3,10.3,Foggy
12.7,96.6,40.2,204.1,89.9,992.8,7.8,4.8,1.9,16.1,Rainy
21.0,50.6,17.6,218.4,47.0,1010.3,11.5,0.6,3.2,18.4,Partly Cloudy
27.4,44.0,7.1,278.7,5.6,1023.1,13.2,-0.0,5.4,16.3,Sunny
30.3,60.3,14.9,28.0,23.7,1018.8,11.5,0.0,2.9,16.5,Partly Cloudy
28.5,36.5,17.9,199.7,11.2,1010.9,5.0,1.5,3.1,12.3,Partly Cloudy
14.6,92.6,3.7,210.1,71.5,1016.5,0.0,0.0,2.8,11.5,Foggy
26.3,30.8,16.3,265.0,36.6,1012.7,12.1,0.0,4.8,18.3,Partly Cloudy
23.9,50.7,19.6,190.9,43.1,1018.9,16.9,1.2,5.7,12.7,Partly Cloudy
15.7,58.6,24.0,131.9,69.4,1007.8,12.7,2.8,2.6,16.5,Cloudy
16.8,68.4,21.7,25.2,92.1,1005.1,4.3,12.7,2.5,13.9,Rainy
22.1,57.7,19.8,333.9,85.9,1003.7,6.9,2.8,2.0,9.6,Cloudy
20.5,89.8,36.1,139.3,93.0,1006.9,3.0,22.0,3.1,13.7,Thunderstorm
22.2,93.0,66.3,252.2,87.0,1004.0,4.3,21.3,1.7,11.0,Thunderstorm
21.6,45.0,15.5,145.7,79.2,1017.3,5.2,0.6,3.9,11.6,Cloudy
8.0,73.0,6.2,266.0,80.6,1008.9,2.4,0.7,2.9,4.1,Foggy
36.5,39.9,6.8,194.2,6.1,1022.0,14.0,0.1,11.0,15.1,Sunny
28.3,49.0,11.3,181.1,53.9,1010.0,11.1,1.8,4.6,10.7,Partly Cloudy
34.7,35.3,10.6,180.3,16.6,1016.8,12.6,0.0,8.7,10.0,Sunny
8.0,82.5,5.7,240.4,78.2,1011.6,2.0,1.0,1.5,12.5,Foggy
3.9,88.5,4.8,314.4,40.4,1017.9,0.2,0.6,0.7,6.5,Foggy
7.7,87.6,1.9,68.7,94.2,1015.5,1.9,0.3,2.3,6.3,Foggy
6.3,87.7,4.4,149.8,65.5,1019.1,3.7,0.0,3.1,9.8,Foggy
21.4,32.8,9.4,36.0,13.8,1020.5,11.8,0.0,9.7,18.4,Sunny
17.2,85.4,21.6,13.2,82.0,1003.8,8.3,6.9,3.4,14.2,Rainy
22.5,55.9,10.1,130.1,41.8,1008.6,15.6,0.0,6.1,10.6,Partly Cloudy
23.4,71.2,14.3,341.3,71.1,1014.2,11.8,1.4,4.1,19.7,Cloudy
22.9,94.5,13.0,304.3,45.9,1019.2,12.6,3.3,2.5,11.2,Cloudy
21.8,39.0,18.3,243.6,49.9,1015.1,16.0,2.1,7.2,19.8,Partly Cloudy
20.3,30.4,11.3,106.4,16.5,1023.1,14.7,0.1,9.4,18.4,Sunny
18.5,72.8,22.8,72.1,89.3,1000.6,6.7,13.2,0.7,13.4,Rainy
29.1,43.3,10.0,137.3,38.5,1013.3,11.3,1.2,4.5,15.0,Partly Cloudy
23.3,89.5,54.8,47.3,92.1,1014.0,4.6,19.3,1.3,15.1,Thunderstorm
23.6,55.3,15.1,169.6,34.2,1018.7,10.9,1.6,5.6,16.0,Partly Cloudy
14.5,46.4,17.8,277.2,79.4,1007.0,7.4,2.2,3.0,15.2,Cloudy
17.2,75.5,32.1,38.2,97.8,991.4,0.0,25.1,2.2,16.7,Thunderstorm
20.5,79.0,20.7,283.6,76.4,1014.9,6.2,2.0,1.0,17.2,Cloudy
21.7,73.0,36.4,219.7,91.6,1017.5,7.5,3.2,0.6,15.4,Rainy
25.0,41.7,19.4,187.5,8.0,1018.5,8.1,0.0,8.8,11.9,Sunny
8.0,86.3,4.5,318.6,47.5,1006.0,0.5,0.5,3.1,12.4,Foggy
15.4,83.5,21.0,168.8,94.4,1006.7,3.1,6.0,1.9,12.2,Rainy
29.8,79.2,51.9,131.1,100.0,1005.3,4.0,6.0,2.8,16.5,Thunderstorm
18.6,89.5,23.2,294.5,93.7,994.2,5.2,10.9,2.1,17.1,Thunderstorm
18.5,83.8,16.9,140.8,92.2,1004.5,6.4,3.2,0.7,13.3,Rainy
20.0,84.3,41.0,262.8,82.2,1003.4,5.1,19.7,1.3,23.9,Thunderstorm
21.8,77.0,34.8,264.4,92.4,986.2,4.4,30.5,0.9,15.3,Thunderstorm
17.2,54.5,20.8,227.1,67.1,1010.9,5.9,0.0,2.2,10.6,Cloudy
33.2,46.4,15.6,209.6,44.1,1016.9,15.1,0.5,3.6,17.6,Partly Cloudy
18.6,68.4,18.5,238.8,90.3,1006.0,5.3,11.1,2.8,11.4,Rainy
9.4,86.6,4.9,208.0,62.8,1013.9,0.2,0.4,2.3,8.5,Foggy
7.2,89.8,24.1,123.1,83.5,1010.3,6.0,9.4,2.0,13.9,Rainy
11.9,91.6,10.2,115.7,91.6,1011.7,8.6,15.5,2.6,14.7,Rainy
22.5,76.2,45.3,207.7,86.0,1008.1,3.9,8.9,0.9,23.2,Thunderstorm
5.4,100.0,2.3,18.1,87.3,1013.1,2.0,0.6,0.7,4.0,Foggy
27.9,58.0,20.4,48.0,58.2,1015.1,13.3,0.7,2.7,17.9,Partly Cloudy
37.2,24.7,12.4,320.5,29.4,1011.5,15.5,0.1,9.4,17.4,Sunny
9.7,84.8,3.2,312.1,65.2,1013.0,2.8,1.1,1.7,7.5,Foggy
14.5,91.4,46.5,356.5,100.0,990.3,5.3,3.1,0.7,22.8,Thunderstorm
26.4,23.7,12.3,328.6,19.7,1025.5,12.2,0.9,5.8,14.9,Sunny
26.2,26.3,20.1,247.9,38.9,1012.9,6.8,1.5,4.9,14.1,Partly Cloudy
27.4,79.8,46.6,214.5,94.1,1001.3,6.0,4.7,1.5,24.4,Thunderstorm
16.5,79.1,15.6,5.4,86.2,1005.6,5.6,10.6,2.1,14.9,Rainy
8.0,95.1,7.3,156.1,75.1,1008.9,2.0,0.3,3.5,11.8,Foggy
24.8,84.5,32.4,166.9,93.8,989.8,0.8,1.9,1.2,19.7,Thunderstorm
30.8,53.2,14.6,258.2,2.0,1016.0,15.6,0.0,9.2,14.9,Sunny
22.5,95.9,66.5,185.7,86.5,998.0,4.4,17.8,1.8,13.1,Thunderstorm
28.3,53.1,15.7,114.0,50.7,1012.9,14.4,1.0,6.9,10.2,Partly Cloudy
11.6,92.0,2.8,327.5,82.5,1007.5,0.6,0.0,1.1,10.2,Foggy
19.4,90.4,66.4,86.0,100.0,1007.3,8.6,32.0,0.8,16.8,Thunderstorm
22.8,59.4,16.1,278.1,22.7,1022.4,11.7,1.6,5.1,15.7,Partly Cloudy
25.0,28.8,6.2,225.6,4.0,1019.9,14.5,0.2,8.4,19.3,Sunny
16.8,57.0,23.4,353.5,61.2,1013.7,10.0,3.9,1.8,19.7,Cloudy
28.4,37.4,10.2,360.0,12.9,1020.6,19.2,0.0,5.0,12.8,Sunny
25.8,60.4,17.1,82.4,39.3,1013.2,11.4,1.4,4.9,17.8,Partly Cloudy
16.9,82.3,36.3,15.2,94.7,997.3,3.0,16.2,2.2,17.5,Thunderstorm
22.7,89.4,55.6,58.8,92.5,992.2,4.3,7.3,1.7,20.9,Thunderstorm
18.1,79.7,19.4,229.6,87.0,1006.1,9.5,1.3,2.3,18.3,Rainy
28.5,50.7,13.8,288.8,26.4,1019.1,7.7,0.0,4.3,19.8,Partly Cloudy
18.3,47.1,17.3,143.2,65.5,1006.7,9.2,1.9,2.1,9.3,Cloudy
7.4,94.7,5.2,59.2,74.9,1021.5,3.4,0.0,3.6,11.8,Foggy
16.8,94.1,40.4,241.6,93.0,986.4,1.2,18.0,2.5,10.7,Thunderstorm
19.6,71.3,51.5,211.0,93.3,998.9,6.9,14.8,1.5,18.3,Thunderstorm
21.1,87.4,54.9,255.0,100.0,998.5,4.8,13.4,0.8,26.0,Thunderstorm
24.0,83.7,29.6,170.3,88.0,1008.7,4.5,17.0,1.3,21.2,Thunderstorm
21.8,53.2,22.5,42.8,64.2,995.6,12.4,1.3,1.3,13.5,Cloudy
24.2,93.5,50.0,354.3,91.5,1006.4,2.3,18.1,2.2,13.7,Thunderstorm
21.3,76.0,61.3,95.7,95.3,998.6,8.3,0.0,1.0,15.9,Thunderstorm
23.5,61.2,18.3,338.8,40.0,1012.7,10.6,1.5,4.2,7.5,Partly Cloudy
31.2,73.0,6.6,184.0,15.0,1017.1,14.2,0.5,6.9,13.0,Sunny
14.1,67.1,24.4,197.5,87.6,1008.5,5.9,2.0,2.3,15.5,Cloudy
15.4,72.8,27.3,304.5,81.2,1008.5,6.1,4.2,2.8,11.8,Cloudy
13.6,52.8,21.1,99.2,68.7,1004.7,2.7,0.0,1.5,17.1,Cloudy
30.1,34.0,10.3,287.9,18.4,1018.7,19.2,0.3,6.8,10.0,Sunny
32.9,35.0,10.7,209.9,9.5,1028.3,13.5,0.0,10.4,12.5,Sunny
16.8,85.7,15.6,180.4,100.0,1012.7,3.3,8.6,2.8,18.3,Rainy
12.7,91.5,4.2,14.1,72.6,1016.8,2.2,0.0,1.2,10.8,Foggy
29.3,80.4,42.9,315.0,85.4,1003.2,1.4,8.3,0.0,15.8,Thunderstorm
8.3,84.1,4.2,329.5,80.6,1022.6,1.5,0.1,1.5,10.3,Foggy
23.7,43.5,24.0,304.0,75.1,1008.9,10.1,0.8,3.3,14.0,Cloudy
15.2,78.8,20.0,314.3,75.7,1005.9,6.6,8.3,2.6,10.8,Rainy
15.0,76.8,12.7,265.1,76.4,1003.8,6.2,2.9,5.4,12.0,Cloudy
26.4,47.1,20.4,312.2,43.7,1018.8,12.5,2.6,6.0,17.2,Partly Cloudy
24.3,42.3,14.8,252.5,31.6,1032.8,13.7,0.7,6.3,12.8,Partly Cloudy
15.6,57.3,20.3,130.2,67.0,1010.2,3.4,3.0,2.7,16.6,Cloudy
25.0,63.8,11.0,153.8,43.6,1015.5,13.2,4.0,3.3,10.6,Partly Cloudy
19.9,52.9,24.6,337.3,48.3,1012.7,13.9,1.6,5.1,17.5,Partly Cloudy
22.4,73.8,16.1,94.2,71.6,1013.7,8.5,1.7,3.5,12.0,Cloudy
27.4,46.9,7.2,113.4,14.8,1014.2,15.8,0.4,12.3,14.3,Sunny
24.1,30.5,15.1,57.4,5.6,1018.3,19.0,0.0,7.8,19.1,Sunny
16.2,82.2,26.7,120.5,91.3,1015.7,6.1,5.0,0.6,13.5,Rainy
27.5,43.6,13.1,115.9,35.8,1020.2,9.9,1.5,3.6,13.2,Partly Cloudy
22.6,50.0,13.0,255.1,62.5,1009.3,5.2,1.8,3.6,17.9,Cloudy
19.8,79.1,47.3,334.8,89.2,1001.7,1.9,16.3,1.5,17.8,Thunderstorm
19.1,88.7,51.5,35.3,100.0,999.4,5.8,6.0,2.2,18.5,Thunderstorm
13.2,94.0,6.3,27.1,90.4,1011.8,1.1,0.0,2.5,9.7,Foggy
20.9,60.4,15.2,54.9,31.4,1018.8,15.5,0.3,4.5,16.0,Partly Cloudy
26.8,91.1,45.7,304.1,99.6,1005.3,3.4,11.3,0.4,20.1,Thunderstorm
17.2,73.9,50.3,214.7,89.7,989.2,0.0,23.7,3.0,21.5,Thunderstorm
9.1,90.6,5.0,348.7,60.2,1014.4,1.0,0.3,0.9,11.0,Foggy
39.2,38.1,12.8,329.1,2.5,1013.6,12.7,0.0,7.0,17.0,Sunny
10.4,90.0,9.7,103.9,50.8,1012.2,1.2,0.7,1.2,10.7,Foggy
25.6,44.9,5.1,349.6,6.1,1022.8,15.1,0.5,7.2,11.1,Sunny
33.6,39.0,12.2,77.9,0.0,1013.2,13.0,0.8,8.9,11.9,Sunny
6.0,61.0,34.6,119.3,90.3,1013.2,6.1,2.2,0.5,15.1,Cloudy
31.2,39.0,9.8,275.8,17.9,1010.4,16.6,0.8,11.9,10.8,Sunny
29.3,28.4,12.5,37.2,18.9,1022.9,13.1,0.5,3.2,15.7,Partly Cloudy
24.5,50.4,24.8,171.2,28.3,1018.1,15.8,0.0,5.9,9.1,Partly Cloudy
23.8,85.1,24.9,8.0,95.5,1003.3,3.5,18.0,2.8,22.0,Thunderstorm
27.4,74.0,14.3,40.9,68.1,1018.2,4.2,1.8,4.8,16.8,Cloudy
12.5,84.4,24.0,58.0,73.9,1004.9,6.7,1.0,1.9,13.3,Cloudy
16.5,82.8,18.6,171.5,86.2,1012.6,6.0,3.5,1.4,12.5,Cloudy
27.3,19.4,13.1,18.5,13.0,1021.0,9.7,0.0,8.4,13.4,Sunny
26.3,38.5,15.8,298.2,52.8,1008.1,9.6,2.6,4.8,10.4,Cloudy
9.9,95.7,4.3,313.9,60.8,1019.9,0.7,0.1,1.4,11.5,Foggy
10.6,90.8,6.3,153.7,52.2,1003.2,2.9,-0.0,2.7,10.6,Foggy
14.7,64.4,24.2,346.5,82.8,1010.7,4.5,3.2,3.1,10.0,Cloudy
16.4,90.4,33.1,310.7,93.2,1011.3,5.4,8.6,2.1,9.4,Rainy
14.1,83.4,54.3,75.9,94.6,993.6,2.6,20.3,1.6,11.9,Thunderstorm
19.8,66.3,16.3,158.1,78.6,1011.0,6.9,4.4,3.4,11.8,Cloudy
33.1,41.7,8.2,328.8,1.5,1022.1,14.9,0.0,6.6,21.7,Sunny
21.5,80.3,63.0,248.5,100.0,1005.2,5.4,28.4,1.8,22.1,Thunderstorm
6.4,93.5,5.5,251.7,78.8,1004.4,1.6,1.1,2.5,8.9,Foggy
17.0,72.1,27.8,14.3,84.6,1007.5,5.6,7.0,2.2,9.6,Rainy
28.6,31.8,17.2,217.4,0.0,1020.3,14.3,0.0,9.5,19.0,Sunny
22.7,36.9,6.0,125.3,37.0,1007.2,15.3,1.9,4.1,19.1,Partly Cloudy
11.7,94.3,4.9,180.0,80.1,1011.8,2.6,0.0,2.0,8.8,Foggy
27.7,34.6,15.7,187.5,13.4,1025.5,12.9,0.8,8.7,5.0,Sunny
15.5,75.1,25.9,187.8,92.0,1002.4,3.8,14.4,2.6,16.2,Rainy
28.5,53.3,12.7,289.0,57.4,1009.0,7.3,0.9,3.8,17.5,Partly Cloudy
15.7,86.3,19.6,331.4,82.7,1018.1,2.9,0.0,1.3,14.1,Rainy
20.8,49.2,19.1,260.0,42.7,1011.7,11.3,1.5,6.0,14.5,Partly Cloudy
16.5,73.1,9.9,305.4,49.3,1014.5,7.1,2.8,5.3,9.6,Cloudy
14.9,75.0,14.8,57.9,84.8,1009.7,7.8,2.2,4.0,12.3,Cloudy
23.7,87.8,50.1,138.7,87.4,988.4,3.7,20.8,1.2,18.9,Thunderstorm
26.2,82.0,28.5,334.9,100.0,995.9,3.4,19.6,1.4,18.3,Thunderstorm
13.9,69.5,11.5,47.5,86.5,995.6,4.0,7.0,3.0,14.9,Rainy
29.0,46.8,10.4,212.4,34.5,1016.1,6.9,1.4,7.3,18.9,Partly Cloudy
24.7,96.6,73.8,142.5,94.4,997.7,1.8,5.0,1.6,13.5,Thunderstorm
20.5,94.7,46.4,1.4,94.9,986.7,3.7,28.2,2.4,15.4,Thunderstorm
16.6,47.2,17.8,133.5,44.3,1007.9,6.1,1.2,5.7,11.1,Partly Cloudy
19.1,74.3,22.2,82.8,92.6,987.3,1.3,0.4,1.7,21.9,Thunderstorm
12.9,81.5,12.9,208.1,84.1,990.0,11.2,4.8,1.6,13.6,Rainy
31.7,41.3,6.3,207.9,3.2,1013.0,12.6,0.0,7.6,15.5,Sunny
24.2,40.3,9.4,322.0,34.1,1016.9,9.0,0.5,5.7,11.7,Partly Cloudy
34.1,15.4,12.6,327.9,8.9,1027.1,18.9,0.8,6.0,4.5,Sunny
29.7,91.4,37.1,38.6,100.0,1002.7,4.9,6.9,1.7,26.1,Thunderstorm
33.4,24.7,9.3,338.4,27.6,1022.3,9.8,0.3,10.7,3.7,Sunny
10.5,60.2,19.3,292.8,88.4,1019.9,7.8,1.6,2.8,13.8,Cloudy
20.2,77.0,11.8,232.7,58.7,1003.0,5.8,1.6,1.7,14.9,Cloudy
14.5,84.3,12.6,185.1,78.7,1007.0,13.1,0.3,3.6,14.2,Cloudy
14.9,86.9,36.1,29.3,87.8,998.9,7.4,10.1,2.8,11.5,Rainy
19.5,73.7,75.9,93.9,92.4,984.3,3.1,12.3,1.7,18.9,Thunderstorm
11.2,87.6,0.7,215.9,31.3,1020.5,2.5,0.1,2.0,6.6,Foggy
30.6,45.1,14.4,308.5,9.7,1020.6,13.9,-0.0,9.9,6.9,Sunny
9.3,85.8,4.1,218.3,61.1,1013.9,1.4,0.8,3.2,8.9,Foggy
21.7,62.9,11.8,16.8,79.4,1000.6,8.7,0.4,2.2,15.2,Cloudy
23.1,80.3,38.3,325.0,78.1,1019.9,7.9,9.9,1.4,11.0,Rainy
16.6,50.9,18.1,249.7,77.0,1015.8,9.6,2.2,3.5,7.0,Cloudy
24.0,57.0,13.2,217.1,22.1,1013.7,13.3,1.3,4.0,11.9,Partly Cloudy
15.5,88.7,34.2,320.5,98.6,995.1,5.9,25.7,0.8,18.7,Thunderstorm
24.6,39.6,11.9,121.4,19.8,1011.3,19.6,0.2,8.6,16.0,Sunny
29.7,47.0,14.1,208.1,14.5,1017.8,12.9,0.2,6.6,16.8,Sunny
11.5,86.0,7.0,313.1,62.9,1019.8,2.7,0.7,1.2,3.6,Foggy
32.5,31.7,15.2,239.7,0.0,1015.0,16.6,0.0,4.3,11.7,Sunny
13.8,88.1,6.5,211.3,79.3,1007.6,3.2,0.8,1.6,7.8,Foggy
36.1,42.2,11.3,338.8,0.2,1025.6,19.6,0.0,10.4,14.0,Sunny
19.0,61.8,31.5,259.5,73.0,1012.3,9.5,3.6,3.9,11.0,Cloudy
8.6,70.6,37.7,180.5,86.4,1009.1,7.5,8.2,1.8,7.4,Rainy
10.7,100.0,40.8,104.3,97.3,1008.4,2.1,25.3,2.8,16.7,Thunderstorm
23.0,54.6,29.1,213.1,41.9,1008.6,8.5,2.5,4.5,9.3,Cloudy
13.6,97.3,6.4,198.5,65.8,1005.6,2.8,1.0,1.3,6.9,Foggy
26.6,64.1,15.1,256.0,22.6,1007.0,12.1,0.0,6.3,16.1,Partly Cloudy
9.5,100.0,5.1,117.8,64.2,1012.8,2.3,0.7,0.8,4.0,Foggy
6.7,97.1,8.0,130.0,100.0,1015.6,3.6,0.7,2.0,8.0,Foggy
17.1,77.2,26.5,75.3,84.3,1002.6,6.7,7.9,3.7,12.3,Rainy
30.1,52.9,12.1,329.3,45.3,1019.5,14.7,0.4,5.0,19.9,Partly Cloudy
24.2,91.6,27.2,280.3,92.2,1003.8,5.8,13.9,0.4,17.2,Thunderstorm
11.3,100.0,5.3,147.4,55.1,1003.5,1.2,0.3,1.0,5.6,Foggy
14.2,89.1,7.7,200.6,52.4,1009.4,1.2,0.1,2.9,9.3,Foggy
7.6,87.8,4.6,211.6,57.9,1018.4,4.3,1.1,1.0,7.5,Foggy
29.1,45.1,15.5,257.6,61.2,1016.2,17.5,2.0,3.0,14.3,Partly Cloudy
23.3,64.2,12.3,149.9,37.6,1012.6,10.0,3.2,5.2,16.5,Partly Cloudy
29.7,48.5,13.0,330.4,10.4,1021.3,8.3,0.8,3.6,7.7,Sunny
22.0,81.9,34.3,252.4,100.0,997.4,5.5,16.7,1.4,8.2,Thunderstorm
7.8,100.0,3.4,156.1,87.4,1007.8,1.4,0.2,2.8,10.2,Foggy
9.3,91.9,3.7,3.6,83.7,1012.4,3.4,0.8,2.3,9.7,Foggy
37.7,80.2,46.0,129.2,93.4,995.0,4.3,19.5,1.4,21.8,Thunderstorm
22.1,76.9,57.3,269.5,100.0,1006.4,4.7,20.8,0.8,16.0,Thunderstorm
28.7,88.0,38.6,37.5,88.0,996.8,3.1,11.5,0.2,17.8,Thunderstorm
27.7,45.4,13.2,201.0,24.4,1019.0,7.4,2.2,4.0,9.1,Partly Cloudy
20.8,52.5,16.9,117.5,67.2,1008.0,12.7,2.4,4.2,13.9,Cloudy
19.5,67.4,26.9,79.8,91.3,999.3,5.1,5.8,2.7,12.9,Cloudy
20.8,55.1,17.8,317.9,63.0,1014.8,8.9,3.3,3.6,13.2,Cloudy
32.9,37.2,7.9,324.2,18.9,1009.4,12.1,0.0,10.7,15.6,Sunny
21.5,74.1,18.4,48.6,77.4,1009.9,4.5,8.8,2.1,9.0,Rainy
32.6,84.7,76.5,23.9,94.8,1005.3,4.6,17.0,1.2,17.1,Thunderstorm
11.2,68.5,20.3,81.4,86.4,1010.8,3.8,5.7,1.8,13.2,Rainy
16.9,63.6,11.6,346.3,60.9,1018.2,9.3,2.7,4.2,11.8,Cloudy
10.0,81.3,18.7,96.9,88.4,1007.8,8.2,6.7,0.5,10.9,Rainy
14.1,89.5,22.5,343.6,82.2,1003.9,4.6,5.5,2.2,13.5,Rainy
17.3,58.4,16.6,304.5,79.7,1013.4,8.4,0.0,2.4,10.5,Cloudy
9.7,94.9,5.7,43.8,82.0,1012.7,3.7,0.1,1.0,15.3,Foggy
27.9,90.6,34.6,156.1,97.9,989.0,2.8,17.6,0.8,15.1,Thunderstorm
22.0,38.1,18.5,255.0,61.4,1018.8,14.6,0.8,4.2,9.1,Partly Cloudy
14.7,89.5,30.9,303.1,85.2,1001.5,7.4,0.0,2.1,17.4,Thunderstorm
11.5,84.6,3.4,129.0,76.3,1012.7,2.9,0.3,1.7,17.5,Foggy
29.3,43.8,15.9,52.3,31.5,1015.4,9.0,2.6,7.1,11.9,Partly Cloudy
10.1,100.0,7.9,218.6,77.7,1018.4,2.5,0.4,2.5,6.6,Foggy
10.5,95.1,5.4,1.8,78.9,1018.0,1.3,0.1,2.1,6.3,Foggy
10.3,43.2,10.9,270.7,84.8,1008.0,4.7,3.5,3.5,15.0,Cloudy
18.6,77.5,38.7,18.5,98.3,1014.7,3.9,10.6,1.9,16.3,Rainy
29.9,56.6,9.5,73.7,34.2,1013.6,10.1,1.8,5.4,12.0,Partly Cloudy
12.0,94.0,5.4,121.3,83.1,1007.3,2.3,0.6,2.7,6.2,Foggy
10.8,79.6,33.8,17.6,100.0,998.4,2.8,12.2,1.4,7.8,Rainy
10.6,53.3,35.3,122.5,98.1,1000.7,7.8,10.7,2.2,13.8,Rainy
25.6,54.0,8.3,109.7,34.3,1014.4,14.4,0.7,7.7,14.9,Partly Cloudy
11.8,92.3,50.3,7.5,94.6,992.1,2.6,18.4,0.8,14.9,Thunderstorm
19.5,39.0,8.2,37.5,8.9,1019.3,11.6,0.0,9.0,12.8,Sunny
13.5,66.2,31.6,179.9,100.0,995.8,5.6,8.0,1.0,17.5,Rainy
16.1,69.5,39.3,62.9,85.7,1013.0,9.5,4.8,3.0,12.6,Rainy
35.3,41.1,14.4,147.8,14.2,1018.0,17.1,0.1,7.9,6.7,Sunny
23.5,45.5,15.2,107.5,69.9,1011.0,10.6,0.9,3.2,13.7,Partly Cloudy
13.6,59.8,20.0,86.3,77.8,1001.8,8.1,3.6,3.1,11.0,Cloudy
31.4,72.5,16.6,80.5,27.8,1016.2,12.2,1.2,3.1,21.1,Partly Cloudy
34.7,45.6,9.1,92.3,19.3,1019.2,14.9,0.4,6.3,8.2,Sunny
5.9,94.7,7.0,163.5,79.7,1013.7,2.8,0.4,0.1,6.2,Foggy
25.4,86.5,52.3,236.0,86.1,1001.8,1.4,27.3,1.9,14.7,Thunderstorm
24.6,80.1,49.4,38.4,96.3,1008.7,4.5,18.6,1.9,14.1,Thunderstorm
21.4,90.7,90.0,19.8,99.5,999.3,5.3,19.6,1.2,13.9,Thunderstorm
14.7,73.9,25.6,55.7,92.0,1003.5,5.8,7.8,0.7,8.6,Rainy
27.1,19.9,11.5,5.2,10.5,1016.8,16.7,0.0,8.3,7.2,Sunny
36.0,31.0,14.6,357.2,0.0,1014.0,15.9,0.0,11.3,11.5,Sunny
27.7,43.0,19.4,144.6,36.8,1001.9,11.5,0.0,9.7,18.2,Partly Cloudy
25.5,94.9,43.8,236.8,99.0,993.8,6.0,22.3,2.4,17.9,Thunderstorm
31.0,34.5,7.5,67.2,12.2,1019.4,12.7,0.0,10.1,15.5,Sunny
31.5,49.8,14.4,242.7,31.8,1013.0,9.5,1.2,4.2,15.0,Partly Cloudy
35.5,27.0,11.0,94.4,0.0,1016.5,10.6,0.0,10.6,6.8,Sunny
8.3,95.5,6.4,89.8,79.0,1008.2,3.4,0.3,2.5,15.3,Foggy
7.9,91.2,5.8,322.9,100.0,1018.1,1.6,0.9,2.5,9.8,Foggy
18.2,90.6,30.5,332.3,94.4,1007.0,5.9,10.8,1.1,16.0,Rainy
15.6,80.4,19.7,193.2,99.3,1008.4,7.6,11.1,3.7,10.5,Rainy
27.8,33.7,9.9,76.1,0.0,1018.2,11.1,0.0,9.0,15.5,Sunny
18.8,74.6,29.5,188.8,81.6,1022.8,10.1,2.4,3.4,12.5,Cloudy
16.9,60.9,20.3,130.6,84.8,1021.4,2.9,3.8,2.8,10.2,Cloudy
22.7,41.1,5.5,183.9,5.9,1011.0,14.0,0.5,7.5,14.6,Sunny
4.4,95.6,1.6,209.5,57.5,1011.3,2.3,1.5,1.5,7.6,Foggy
12.0,97.1,5.6,331.8,76.7,1004.0,4.9,0.9,0.9,8.2,Foggy
18.0,57.5,17.7,125.3,74.2,999.0,9.1,3.0,2.6,13.0,Cloudy
6.5,86.5,6.8,7.4,61.1,1009.3,2.0,0.5,3.7,8.4,Foggy
21.1,75.0,65.4,296.8,94.2,992.6,6.6,13.6,1.0,22.7,Thunderstorm
29.2,38.4,23.9,17.5,47.4,1015.9,12.3,1.5,5.5,15.4,Partly Cloudy
28.2,31.9,8.4,160.2,9.7,1015.6,16.0,0.0,7.5,21.3,Sunny
13.7,63.5,17.8,285.5,95.6,1004.5,10.4,1.8,2.3,14.1,Cloudy
11.7,66.0,27.1,250.1,74.6,1010.0,8.9,0.0,2.4,16.2,Cloudy
9.8,83.6,7.0,80.3,59.6,1011.8,1.2,1.2,2.2,4.8,Foggy
36.2,88.9,27.7,256.2,94.5,1000.0,4.2,3.4,1.2,18.2,Thunderstorm
29.4,34.9,10.9,198.1,4.6,1021.5,13.2,0.0,5.8,14.0,Sunny
14.7,61.8,10.0,296.0,71.3,1002.8,15.0,0.0,3.9,14.0,Cloudy
19.6,93.5,39.7,183.1,90.2,989.4,3.0,12.2,2.4,19.2,Thunderstorm
13.6,58.2,19.4,181.2,69.5,1004.2,15.7,6.0,2.4,11.6,Cloudy
13.8,96.1,5.8,139.3,64.7,1016.1,1.4,-0.0,0.4,12.9,Foggy
11.6,95.1,69.0,37.2,97.6,1008.2,4.4,24.0,1.0,19.3,Thunderstorm
31.8,29.3,18.0,56.7,-0.0,1018.6,9.2,0.0,6.3,14.5,Sunny
9.6,88.1,2.9,291.1,71.4,1010.3,1.0,0.5,1.2,13.6,Foggy
11.9,88.4,6.2,340.7,50.6,1006.9,3.0,0.8,3.4,7.0,Foggy
24.6,94.9,80.5,49.5,95.1,989.7,1.0,20.6,1.2,24.4,Thunderstorm
11.7,83.5,6.5,246.7,65.4,1018.2,2.3,0.7,0.8,5.9,Foggy
19.4,52.0,8.2,24.7,83.6,1002.6,6.8,2.1,1.7,11.4,Cloudy
10.7,95.9,2.7,291.7,62.5,1017.9,3.4,0.7,2.1,7.1,Foggy
28.8,30.9,14.0,285.3,7.0,1026.5,13.7,0.0,9.6,15.7,Sunny
35.7,50.3,14.0,138.4,7.4,1022.0,15.8,0.0,10.3,10.2,Sunny
27.9,39.9,12.3,271.4,7.4,1019.0,16.3,0.0,7.8,12.9,Sunny
27.8,22.8,6.8,63.7,27.2,1027.0,17.2,0.0,9.8,11.0,Sunny
32.1,44.2,19.8,299.0,49.5,1020.1,11.0,1.1,3.8,13.3,Partly Cloudy
15.7,89.4,4.6,105.3,74.0,1016.0,1.6,1.6,3.2,6.7,Foggy
10.2,55.0,5.4,225.3,56.2,1015.1,10.1,0.8,5.0,13.2,Cloudy
10.4,91.8,7.1,81.0,71.4,1010.8,0.2,0.6,0.7,11.7,Foggy
17.6,57.8,11.1,327.2,67.5,1009.5,11.0,1.2,2.9,17.6,Cloudy
21.2,76.7,14.3,70.4,88.9,1010.8,3.4,5.6,3.4,15.1,Rainy
28.4,51.5,13.0,192.9,50.5,1023.6,10.3,2.4,5.6,9.7,Partly Cloudy
22.2,42.5,19.1,69.1,23.2,1007.0,12.9,1.9,6.3,4.5,Partly Cloudy
33.2,24.2,6.0,45.8,7.7,1023.7,12.5,0.0,9.5,13.7,Sunny
20.2,85.0,46.4,135.1,88.9,994.3,0.0,19.0,0.9,16.0,Thunderstorm
22.3,94.4,31.9,106.3,91.6,995.1,6.1,21.2,1.0,18.3,Thunderstorm
19.9,82.1,48.5,261.6,93.1,991.0,4.0,19.9,0.9,17.9,Thunderstorm
21.5,66.8,14.3,232.2,77.1,1015.4,8.6,1.8,2.0,7.4,Cloudy
17.9,83.7,23.9,95.5,100.0,995.8,4.2,26.2,1.4,19.0,Thunderstorm
23.3,90.2,15.2,246.8,78.3,1009.3,2.3,4.9,1.5,7.6,Rainy
24.0,47.7,6.8,347.7,28.1,1011.4,12.9,0.0,5.2,16.2,Partly Cloudy
23.4,100.0,40.3,173.8,94.2,996.7,4.6,9.8,1.5,13.9,Thunderstorm
17.2,84.2,26.8,279.1,91.7,1020.3,7.7,3.3,2.4,11.6,Cloudy
14.6,88.4,49.9,274.1,89.2,1004.7,0.4,15.2,1.2,20.0,Thunderstorm
42.0,39.1,11.8,345.5,3.5,1014.2,14.8,0.0,9.1,11.8,Sunny
14.8,85.5,16.8,357.9,66.5,1010.6,7.3,2.7,4.0,18.2,Cloudy
27.3,49.2,17.6,239.5,31.9,1015.2,11.4,2.7,3.7,15.0,Partly Cloudy
23.8,72.6,23.4,7.0,92.9,1005.5,7.2,1.4,2.8,12.7,Cloudy
28.3,48.5,16.7,310.0,24.9,1014.8,15.7,2.1,4.4,8.9,Partly Cloudy
11.8,89.3,3.4,99.6,79.3,1018.3,4.7,0.0,2.8,8.6,Foggy
12.0,100.0,5.3,129.2,78.9,1020.3,1.9,0.7,3.4,12.7,Foggy
16.1,86.0,20.8,329.6,89.9,1003.3,7.6,8.8,3.4,15.3,Rainy
9.1,91.9,3.7,53.4,93.5,1009.9,0.8,0.4,1.3,5.0,Foggy
29.2,23.4,7.5,19.1,9.7,1014.1,18.1,0.7,4.0,17.1,Sunny
8.2,97.4,3.1,198.4,100.0,1010.6,2.9,0.7,2.0,8.9,Foggy
21.2,47.7,21.9,102.0,70.1,1017.8,3.2,2.3,3.2,15.2,Cloudy
22.9,66.4,16.1,205.3,29.6,1016.0,11.7,0.8,5.9,14.5,Partly Cloudy
19.8,92.7,15.7,160.1,95.9,1014.8,8.7,5.3,2.9,11.0,Rainy
21.0,84.7,36.8,136.1,78.2,1002.2,4.2,5.1,3.1,12.4,Rainy
28.6,74.0,17.4,299.4,48.7,1017.9,8.4,2.2,5.4,12.1,Partly Cloudy
29.4,31.5,14.7,298.3,13.1,1019.0,12.9,0.0,10.8,10.6,Sunny
31.5,52.0,18.1,337.8,54.6,1017.8,14.6,0.3,5.4,13.3,Partly Cloudy
13.6,64.2,17.1,294.9,57.0,1006.8,5.6,3.5,3.2,17.1,Cloudy
16.2,66.6,17.1,358.0,70.7,1017.4,5.9,1.8,1.9,11.5,Cloudy
27.5,40.2,4.8,161.1,10.9,1011.9,13.5,0.0,12.8,8.5,Sunny
12.9,86.2,42.3,325.3,86.8,1013.4,4.9,13.0,1.8,10.3,Rainy
21.2,76.3,25.4,226.0,99.6,1011.9,3.1,12.8,0.0,13.8,Rainy
11.8,96.6,3.6,204.0,56.8,1020.3,1.6,1.0,1.7,7.4,Foggy
21.6,85.2,65.4,143.7,94.5,999.3,2.5,5.7,1.9,16.6,Thunderstorm
35.8,37.8,10.3,65.3,14.9,1014.8,15.6,0.6,9.0,9.6,Sunny
21.0,73.0,41.8,240.4,96.7,1000.3,0.4,23.0,0.4,22.1,Thunderstorm
15.5,83.3,34.5,97.6,83.8,1003.4,6.1,9.9,2.1,14.2,Rainy
26.5,46.5,9.5,167.4,6.8,1010.1,11.7,0.2,6.7,17.1,Sunny
29.1,90.4,40.7,187.3,100.0,1011.8,2.4,10.1,1.1,16.6,Thunderstorm
21.0,89.6,22.8,172.7,98.0,1006.6,8.2,3.8,1.7,13.2,Rainy
18.6,74.4,76.0,323.8,89.9,1005.2,3.1,10.0,1.5,21.4,Thunderstorm
17.1,90.4,10.5,357.3,85.1,1013.3,7.5,3.4,3.9,11.5,Cloudy
15.1,92.1,2.8,205.2,69.8,1028.5,0.6,0.0,0.0,17.2,Foggy
16.4,88.6,3.1,169.8,58.4,1008.0,2.2,1.1,2.0,12.5,Foggy
22.3,48.9,12.4,328.9,52.8,1008.1,11.8,1.7,4.8,10.9,Partly Cloudy
9.3,92.6,3.8,291.8,71.1,1009.5,2.8,0.4,2.2,5.6,Foggy
13.8,88.0,4.7,357.3,72.4,1010.3,2.3,1.0,0.5,8.5,Foggy
31.0,34.7,10.7,34.9,11.7,1013.1,15.2,0.2,7.8,14.5,Sunny
27.2,90.8,66.1,200.6,93.6,997.2,6.4,15.4,1.6,18.1,Thunderstorm
19.4,64.6,18.8,344.5,71.7,1018.3,14.8,3.3,2.4,13.7,Cloudy
8.2,90.4,3.3,240.4,76.4,1017.5,2.5,0.7,1.5,11.3,Foggy
36.0,36.6,14.9,265.7,10.5,1025.4,10.8,0.1,8.7,11.1,Sunny
9.9,89.8,5.2,141.2,75.1,1020.0,2.1,0.3,0.5,7.0,Foggy
20.9,71.4,25.0,301.6,90.3,997.9,7.0,8.1,0.7,14.8,Rainy
28.7,42.9,16.0,139.1,39.8,1005.7,11.0,1.1,4.9,10.8,Partly Cloudy
29.8,41.8,11.8,313.1,33.4,1010.4,18.6,1.8,4.4,19.1,Partly Cloudy
9.4,93.2,2.9,353.0,90.3,1006.0,2.1,0.5,1.9,8.1,Foggy
31.8,52.4,13.9,277.3,63.1,1019.7,15.0,0.5,2.7,13.2,Partly Cloudy
14.8,58.1,16.7,255.1,95.8,1015.6,7.4,2.0,4.1,13.7,Cloudy
37.5,30.3,10.8,210.6,7.9,1009.1,18.0,0.1,5.1,13.7,Sunny
17.2,47.4,7.5,37.0,61.9,998.9,9.2,0.1,4.1,11.1,Cloudy
21.5,77.9,65.2,295.5,88.6,987.8,5.4,7.6,1.3,15.4,Thunderstorm
23.7,55.5,17.6,225.1,35.6,1028.9,14.9,0.0,3.8,23.1,Partly Cloudy
28.9,30.9,7.1,348.9,8.8,1015.8,17.8,0.3,3.6,13.7,Sunny
29.2,29.5,9.5,256.6,10.1,1016.4,14.2,0.6,6.6,11.0,Sunny
13.6,80.7,28.4,259.2,82.5,1007.8,4.0,9.0,3.4,6.1,Rainy
30.5,40.2,13.8,71.2,40.7,1001.4,8.7,2.8,5.2,9.9,Partly Cloudy
14.4,95.1,2.3,41.5,69.1,1021.7,2.9,0.6,1.7,14.0,Foggy
10.6,72.2,22.0,82.2,90.2,999.6,6.9,11.5,2.5,15.8,Rainy
24.5,56.4,16.9,61.2,41.4,1008.8,11.8,1.2,4.9,6.3,Partly Cloudy
7.5,100.0,6.5,158.3,79.8,1015.4,2.5,0.6,2.7,8.9,Foggy
24.1,57.8,9.6,109.5,76.2,1005.7,0.0,3.6,1.3,14.8,Cloudy
3.7,92.2,6.1,141.7,81.7,1004.6,2.2,0.4,1.7,10.1,Foggy
18.8,66.5,14.3,347.8,67.1,1010.0,5.9,0.8,2.7,12.6,Cloudy
23.5,24.9,12.3,49.8,25.4,1018.9,17.5,0.4,7.9,12.4,Sunny
21.3,80.1,74.5,104.7,87.9,981.1,4.6,2.6,2.3,23.8,Thunderstorm
13.1,85.6,24.5,92.3,94.9,1018.9,6.5,12.6,1.1,10.5,Rainy
13.8,86.0,21.2,21.7,90.7,1015.4,2.6,5.9,1.6,13.4,Rainy
26.8,33.4,11.2,326.3,22.0,1015.3,15.5,0.3,4.1,12.0,Partly Cloudy
27.8,80.4,27.7,74.3,100.0,999.8,4.7,6.2,1.6,19.3,Thunderstorm
26.6,85.0,60.3,59.8,96.7,999.7,5.7,15.6,1.2,21.2,Thunderstorm
18.6,60.7,31.6,124.9,68.8,1010.9,8.1,0.0,1.5,10.1,Cloudy
15.6,86.9,61.2,278.4,94.9,1005.2,1.5,18.0,0.8,18.4,Thunderstorm
8.7,99.4,3.4,234.6,62.4,1007.4,3.2,0.6,3.3,5.5,Foggy
28.1,85.7,45.8,334.8,98.2,990.4,5.8,16.5,1.9,24.9,Thunderstorm
17.9,82.2,39.6,12.3,96.4,1001.6,5.3,16.4,0.7,18.8,Thunderstorm
32.1,47.5,14.4,282.6,54.5,1003.0,10.9,3.0,5.4,10.6,Partly Cloudy
36.7,34.8,5.7,97.2,15.2,1017.9,12.9,0.0,10.4,12.6,Sunny
34.6,78.9,47.1,4.0,87.5,981.4,3.4,22.8,2.6,20.9,Thunderstorm
9.7,70.1,33.1,336.2,77.1,1002.8,8.2,4.8,3.3,14.3,Rainy
7.1,83.8,6.2,118.6,55.7,1006.1,1.1,1.3,1.7,10.3,Foggy
26.9,63.5,22.4,47.7,58.5,1010.9,9.5,0.8,4.0,8.6,Partly Cloudy
26.1,33.1,13.9,316.4,0.0,1022.1,10.7,0.0,5.9,5.5,Sunny
16.2,71.8,17.9,208.8,80.1,1006.8,6.7,4.0,1.4,6.5,Rainy
17.7,76.8,27.4,112.9,96.5,1008.7,5.2,10.4,0.9,9.4,Rainy
25.1,45.1,13.0,100.9,6.2,1017.5,17.2,0.0,5.4,13.9,Sunny
22.9,55.7,21.1,202.0,25.1,1019.7,11.7,1.7,3.8,15.5,Partly Cloudy
16.6,74.7,58.3,56.9,96.4,1002.7,2.6,5.9,2.2,20.7,Thunderstorm
16.1,62.2,13.4,80.4,75.3,1003.2,0.2,4.6,3.6,12.6,Cloudy
18.7,85.5,32.4,231.3,98.3,997.3,7.7,9.8,2.1,12.6,Thunderstorm
35.4,31.2,6.5,244.0,2.0,1014.7,12.9,0.5,5.6,13.3,Sunny
33.6,32.9,7.1,63.1,20.0,1021.6,17.5,0.0,4.5,10.3,Sunny
34.4,44.0,13.8,208.6,13.1,1016.0,19.1,0.0,8.2,13.6,Sunny
25.8,83.9,46.0,140.6,86.3,985.5,5.7,1.2,2.3,21.2,Thunderstorm
25.6,41.2,14.3,230.3,44.6,1017.5,10.2,0.0,3.3,11.9,Partly Cloudy
18.1,62.5,18.5,149.1,70.0,1017.1,4.1,2.7,3.7,12.6,Cloudy
15.9,91.8,62.1,218.2,100.0,989.9,5.8,26.4,2.1,17.3,Thunderstorm
18.1,74.5,44.3,121.3,78.4,995.1,7.1,11.5,2.8,15.3,Rainy
10.6,76.4,31.0,256.7,90.8,982.7,2.1,4.6,2.3,9.7,Rainy
41.6,42.4,12.7,53.3,19.2,1018.4,12.8,0.0,7.2,15.2,Sunny
20.6,75.4,27.2,41.0,100.0,987.4,5.1,21.3,1.9,17.3,Thunderstorm
24.9,27.5,9.5,190.6,0.0,1022.3,16.8,0.5,6.1,19.4,Sunny
16.7,76.1,37.4,19.0,81.7,1005.4,6.2,6.5,1.5,13.9,Rainy
25.9,32.6,22.1,288.5,20.7,1015.8,10.6,0.0,5.4,13.1,Partly Cloudy
26.7,20.1,13.7,310.0,16.9,1011.1,18.6,0.1,6.9,5.5,Sunny
12.9,75.0,28.6,56.1,66.8,1005.1,8.4,2.3,1.4,14.0,Cloudy
25.7,47.7,5.4,266.1,33.0,1021.6,13.6,0.8,4.2,9.4,Partly Cloudy
6.3,89.8,1.5,132.4,79.9,1019.5,0.9,0.8,1.7,7.5,Foggy
23.7,79.6,56.2,41.0,96.3,993.2,3.5,20.6,1.4,20.9,Thunderstorm
21.6,60.6,19.0,10.1,80.1,1004.3,8.8,1.8,2.2,15.1,Cloudy
21.1,49.3,14.5,263.1,27.2,1015.9,15.7,0.0,4.2,12.5,Partly Cloudy
28.3,41.7,13.8,69.8,0.0,1020.7,18.9,0.0,7.2,5.4,Sunny
26.6,85.0,44.1,163.2,100.0,996.9,4.2,17.4,2.1,14.4,Thunderstorm
10.1,95.4,2.2,161.1,80.4,1011.9,1.0,0.9,0.0,10.2,Foggy
23.0,50.4,14.3,284.7,63.8,1012.2,14.0,1.1,4.7,13.8,Partly Cloudy
24.0,81.6,33.2,118.1,100.0,990.7,6.0,12.5,1.9,18.0,Thunderstorm
16.5,95.0,46.4,186.8,95.0,1004.5,6.8,19.8,2.9,17.9,Thunderstorm
18.2,52.9,10.0,32.9,71.6,1008.3,10.5,1.6,2.6,9.0,Cloudy
7.4,96.7,5.2,13.4,55.2,1009.2,1.3,0.3,4.1,13.6,Foggy
17.0,56.4,11.5,234.8,79.2,1003.7,11.5,0.0,2.1,13.4,Cloudy
14.9,53.1,20.2,83.7,72.6,1013.5,7.9,1.5,3.7,15.7,Cloudy
8.2,90.1,23.3,122.0,77.3,996.8,6.3,7.5,2.6,8.3,Rainy
17.9,85.7,6.5,257.0,88.3,1014.9,13.4,1.9,1.1,14.7,Cloudy
17.1,79.4,10.9,122.9,90.3,1005.0,5.0,1.1,3.5,14.6,Cloudy
19.8,56.8,12.0,280.1,24.8,1018.5,10.0,2.1,6.8,20.7,Partly Cloudy
24.3,57.1,12.7,141.9,30.8,1017.3,12.9,2.6,4.9,7.0,Partly Cloudy
27.3,79.7,42.8,70.1,96.0,1004.1,8.3,11.5,0.5,22.6,Thunderstorm
23.0,96.1,46.3,216.1,89.8,991.3,9.9,8.0,1.1,23.5,Thunderstorm
24.8,38.6,4.9,330.2,37.2,1014.2,10.0,0.7,6.8,14.5,Partly Cloudy
19.2,83.4,24.9,297.5,83.4,1009.2,4.6,12.8,4.3,14.0,Rainy
19.3,70.3,12.9,263.0,74.7,1018.0,2.2,0.5,2.2,16.0,Cloudy
12.8,93.4,26.7,4.9,88.1,1010.8,5.1,4.6,3.0,10.7,Rainy
14.4,68.5,21.1,180.0,82.2,1013.4,4.3,1.4,2.6,13.6,Cloudy
12.7,83.6,5.7,168.9,70.0,1008.0,1.9,0.5,1.5,11.8,Foggy
25.2,31.8,16.0,173.5,15.7,1021.3,10.9,0.0,8.3,6.5,Sunny
7.0,89.9,22.0,256.2,81.1,1004.3,9.8,2.5,3.8,17.2,Rainy
18.0,81.9,37.6,87.8,79.3,1005.8,4.9,3.5,3.5,14.3,Rainy
21.2,88.6,42.9,151.1,92.1,1004.8,5.5,3.6,1.5,18.5,Thunderstorm
15.9,87.6,21.4,280.8,90.7,1009.7,6.9,4.6,4.2,9.1,Rainy
17.9,75.2,46.2,192.4,68.3,997.9,5.9,10.7,2.1,11.5,Rainy
29.3,28.4,9.3,199.7,11.4,1012.5,17.2,0.4,8.1,7.1,Sunny
25.2,46.2,15.4,32.6,36.2,1006.7,14.5,0.7,6.4,15.1,Partly Cloudy
19.0,94.8,52.7,225.1,98.0,994.4,3.4,15.5,0.2,20.0,Thunderstorm
10.2,67.2,27.5,187.8,89.6,1002.3,3.5,9.2,1.2,9.9,Rainy
15.7,43.9,25.7,342.0,90.9,1012.1,9.3,3.3,3.3,13.7,Cloudy
10.2,93.3,4.7,335.1,43.1,1004.9,2.8,0.3,1.2,9.4,Foggy
9.9,92.0,34.4,344.4,93.6,993.2,4.8,35.2,2.0,16.9,Thunderstorm
15.9,78.3,26.6,43.9,100.0,984.3,4.5,8.7,2.8,14.2,Thunderstorm
13.6,66.3,27.3,297.6,84.2,1009.1,10.2,1.6,3.1,8.7,Cloudy
20.7,75.9,65.5,200.7,89.1,995.5,4.3,11.0,1.0,22.4,Thunderstorm
13.2,78.7,21.5,60.4,88.6,1008.0,0.8,10.8,1.1,17.0,Rainy
28.2,52.3,15.6,85.4,34.5,1013.7,6.9,2.5,3.1,13.9,Partly Cloudy
28.2,31.3,16.1,22.0,4.4,1018.0,15.4,0.0,9.3,10.8,Sunny
25.7,66.6,22.8,286.3,74.4,1008.3,8.1,2.4,1.9,16.6,Cloudy
21.4,83.3,35.1,266.3,100.0,1005.0,6.0,10.1,0.4,13.9,Rainy
16.1,75.5,24.0,259.6,60.6,998.7,5.7,1.3,3.9,12.7,Cloudy
21.7,42.1,23.3,161.0,41.0,1011.3,18.3,2.2,5.6,16.2,Partly Cloudy
11.3,71.6,32.6,117.8,84.5,1003.7,4.5,10.2,2.4,13.1,Rainy
12.5,84.1,39.4,238.2,96.2,1002.7,4.4,11.0,0.2,13.2,Rainy
24.0,72.5,9.0,13.7,70.4,1011.6,11.7,1.5,2.5,12.7,Cloudy
24.0,76.5,18.0,133.3,100.0,997.6,9.0,10.0,4.6,15.9,Rainy
25.4,54.4,11.7,239.6,36.5,1026.0,11.9,2.2,5.5,12.6,Partly Cloudy
8.3,80.1,1.7,322.2,61.2,1016.2,0.2,0.9,1.4,6.8,Foggy
35.0,31.0,4.6,87.7,2.8,1010.1,18.3,0.0,7.2,12.0,Sunny
16.9,92.5,48.3,104.4,97.2,1014.6,4.4,10.7,0.9,21.2,Thunderstorm
22.1,73.2,56.8,242.5,93.5,1000.5,0.2,11.5,2.1,16.3,Thunderstorm
19.0,89.5,50.6,355.0,100.0,1008.0,2.7,5.9,0.2,16.9,Thunderstorm
19.9,88.7,23.8,308.1,98.4,996.8,3.8,15.8,0.9,15.7,Thunderstorm
22.6,80.9,14.7,227.4,100.0,986.6,1.6,15.9,0.0,15.6,Thunderstorm
29.0,94.4,18.3,143.0,90.4,1000.8,7.6,17.3,1.9,14.6,Thunderstorm
20.6,69.8,22.2,194.6,65.8,1003.6,6.1,1.2,1.3,12.2,Cloudy
35.8,15.2,11.8,194.1,21.3,1027.9,16.6,0.1,4.9,8.5,Sunny
29.3,68.8,49.3,260.1,99.2,1011.6,6.3,12.2,1.6,14.5,Thunderstorm
24.1,62.1,4.7,144.7,30.8,1009.3,9.7,0.1,4.8,10.6,Partly Cloudy
10.9,91.6,4.9,147.1,54.6,1010.6,1.5,1.1,2.4,16.4,Foggy
32.7,47.2,6.0,345.0,8.1,1017.1,14.7,0.3,8.6,9.9,Sunny
20.7,80.5,49.8,171.8,89.6,987.8,2.4,11.1,1.1,22.0,Thunderstorm
9.2,85.3,3.3,240.3,68.0,1010.2,3.0,0.1,1.6,5.7,Foggy
24.7,74.8,29.5,252.6,83.6,979.3,5.0,16.2,0.9,19.6,Thunderstorm
33.9,37.0,9.1,339.0,21.8,1014.4,15.2,0.0,5.0,12.6,Sunny
20.1,92.6,34.0,137.1,87.3,997.5,8.1,2.3,3.1,13.9,Rainy
11.7,67.2,12.1,328.3,69.3,1009.3,12.9,1.7,3.0,17.4,Cloudy
33.2,33.2,7.1,268.9,1.3,1020.0,15.7,0.2,3.2,15.1,Sunny
24.8,59.4,21.5,87.5,66.0,1012.2,13.0,1.5,5.3,17.2,Partly Cloudy
39.4,23.3,9.5,291.1,18.5,1015.9,19.2,1.0,8.0,9.0,Sunny
12.4,92.5,3.4,194.3,85.9,1002.2,1.2,0.0,2.2,13.9,Foggy
29.2,39.0,18.2,262.4,30.3,1001.5,11.2,0.8,6.0,13.7,Partly Cloudy
12.2,88.6,7.2,230.6,62.6,1021.8,2.2,0.3,1.4,6.4,Foggy
10.0,87.9,4.6,273.7,71.3,1018.0,2.3,0.8,1.5,8.4,Foggy
14.7,79.7,17.7,59.8,72.4,1013.1,9.4,0.4,3.7,15.3,Cloudy
9.3,100.0,5.9,318.7,71.6,1010.4,1.5,0.7,2.4,11.9,Foggy
14.3,67.9,15.0,15.5,81.5,1012.1,2.5,0.0,3.7,11.9,Cloudy
30.4,92.5,33.2,320.7,82.3,997.6,8.4,15.3,1.4,14.8,Thunderstorm
24.1,37.6,21.8,333.4,36.2,1020.4,11.0,2.4,3.1,13.0,Partly Cloudy
18.6,46.3,16.8,81.4,29.9,1014.7,11.1,0.0,3.3,21.7,Partly Cloudy
15.5,65.3,22.4,170.1,83.2,1005.4,7.9,0.3,4.8,10.3,Cloudy
19.4,74.8,10.6,219.7,70.2,1009.2,4.0,3.0,4.9,12.4,Cloudy
9.7,99.9,7.4,349.7,47.7,1019.3,3.1,1.1,2.0,8.0,Foggy
21.8,79.2,6.8,262.2,83.5,1004.0,9.4,2.1,3.5,16.6,Cloudy
30.4,49.8,4.5,280.5,4.9,1024.7,10.2,1.1,6.6,11.0,Sunny
24.5,55.2,14.9,26.6,55.1,1009.7,13.5,0.5,6.1,13.0,Partly Cloudy
19.6,71.9,26.4,113.5,82.4,1008.1,8.2,3.8,1.3,12.8,Rainy
9.5,88.6,24.3,67.4,75.1,1016.0,5.6,6.6,3.1,13.3,Rainy
22.2,80.0,44.5,223.5,88.3,1001.0,2.8,16.6,2.2,14.2,Thunderstorm
31.2,25.0,6.1,51.1,4.0,1020.9,14.4,0.6,3.9,15.2,Sunny
30.1,37.9,12.8,331.9,8.0,1014.5,11.8,0.7,9.7,14.3,Sunny
27.4,62.0,20.9,275.5,25.0,1007.7,13.5,1.6,6.4,14.6,Partly Cloudy
22.0,37.5,12.7,211.5,60.5,1020.8,17.0,2.1,3.6,15.3,Partly Cloudy
19.6,84.5,42.8,108.7,79.7,997.1,5.1,14.0,2.3,23.7,Thunderstorm
35.4,29.8,7.3,155.1,17.1,1009.2,11.8,0.0,8.4,12.7,Sunny
35.8,37.6,16.0,117.3,10.7,1016.1,18.7,0.0,8.5,12.9,Sunny
19.9,53.8,18.1,138.7,68.1,1005.3,10.3,2.7,3.1,11.8,Cloudy
20.2,58.1,9.4,271.3,80.8,1021.4,6.4,0.9,3.3,14.4,Cloudy
26.5,89.0,71.9,75.6,98.4,993.4,7.8,15.1,0.3,16.9,Thunderstorm
31.8,30.8,15.2,63.7,11.0,1023.8,20.6,0.1,3.8,15.7,Sunny
15.8,93.2,31.0,235.4,98.3,1012.3,5.8,9.1,1.9,11.9,Rainy
24.1,50.7,18.6,238.0,45.1,1011.3,16.3,0.8,1.9,12.4,Partly Cloudy
27.3,47.4,17.8,183.0,42.6,1015.6,9.1,1.6,4.8,6.2,Partly Cloudy
20.2,85.2,12.3,103.9,77.2,1009.8,6.3,8.9,2.4,10.8,Rainy
14.0,97.3,5.6,24.0,93.9,1006.8,2.0,0.0,0.6,8.1,Foggy
18.7,50.3,25.2,271.5,86.0,1009.4,6.7,2.4,3.2,11.3,Cloudy
22.6,85.8,41.9,22.9,93.3,987.8,0.0,8.4,2.9,16.8,Thunderstorm
6.7,91.1,6.3,263.3,69.8,1016.4,2.8,0.7,0.3,6.1,Foggy
16.2,96.2,14.6,348.3,87.0,1009.5,4.6,8.0,2.8,9.8,Rainy
29.5,87.3,59.6,100.5,99.4,999.0,5.0,18.5,1.7,16.4,Thunderstorm
27.0,40.9,11.2,319.5,49.7,1024.9,18.6,1.1,5.5,20.3,Partly Cloudy
26.6,48.3,17.0,273.4,32.1,1023.5,9.5,0.6,3.1,8.0,Partly Cloudy
14.8,96.0,35.1,336.9,99.0,1009.5,8.4,9.2,1.2,10.0,Rainy
13.7,84.9,3.4,103.0,58.5,1011.0,4.6,0.7,2.8,6.2,Foggy
19.8,73.1,19.9,200.3,67.4,1011.1,8.7,0.4,4.3,11.7,Cloudy
21.5,53.6,14.8,280.3,79.1,1018.8,4.8,3.6,3.6,9.2,Cloudy
15.3,69.4,22.2,48.5,88.6,1022.7,4.5,7.1,4.2,9.9,Rainy
22.4,79.5,51.5,162.5,93.8,995.6,5.2,18.9,1.4,19.4,Thunderstorm
6.0,84.5,8.4,63.8,60.7,1015.0,1.6,0.4,0.9,11.8,Foggy
20.9,66.9,19.3,262.3,63.9,1018.7,7.5,2.4,2.7,9.1,Cloudy
36.0,23.7,9.4,261.8,14.1,1020.0,15.3,0.0,6.5,12.7,Sunny
14.1,48.9,17.1,178.7,82.4,1008.6,4.8,1.2,3.2,11.2,Cloudy
16.1,71.0,4.0,156.2,53.1,1008.8,4.9,1.8,2.4,11.8,Cloudy
15.2,75.5,16.9,146.1,70.0,1006.9,12.1,2.1,4.4,13.5,Cloudy
26.2,30.5,6.7,167.3,10.0,1014.3,12.5,0.0,4.1,10.4,Sunny
21.8,89.3,48.5,112.3,98.0,997.5,6.9,23.9,0.7,18.0,Thunderstorm
7.5,68.2,21.2,343.4,99.7,1016.9,5.2,8.5,1.4,8.2,Rainy
23.0,89.9,31.2,67.9,100.0,999.8,0.7,17.4,0.1,22.1,Thunderstorm
12.7,100.0,0.8,269.5,78.9,1020.0,2.3,1.0,1.6,11.2,Foggy
27.9,46.6,15.1,117.6,16.5,1022.9,15.0,0.2,9.0,13.5,Sunny
31.2,45.9,8.6,136.1,13.8,1023.0,10.2,0.0,9.9,18.0,Sunny
25.7,43.3,13.5,66.9,33.3,1019.9,12.4,2.4,6.8,14.9,Partly Cloudy
23.8,85.4,58.4,203.8,95.0,987.5,4.2,20.7,2.2,10.6,Thunderstorm
21.6,59.4,20.9,305.4,52.2,1025.6,13.5,1.7,3.8,15.3,Partly Cloudy
35.7,60.9,15.4,32.2,19.6,1025.2,14.3,0.1,10.0,6.7,Sunny
15.8,76.2,18.8,108.5,72.9,1011.3,8.1,0.6,2.5,10.3,Cloudy
26.8,82.7,34.5,297.3,89.9,1001.8,4.0,25.4,0.0,18.8,Thunderstorm
15.5,62.2,24.5,236.7,63.1,1009.4,7.8,3.9,4.2,16.1,Cloudy
16.4,65.1,18.1,331.9,75.4,1006.9,10.7,1.1,2.3,12.6,Cloudy
24.0,90.3,26.1,220.0,100.0,1012.3,6.1,4.9,1.1,12.5,Rainy
14.2,67.7,16.4,65.9,86.7,998.6,5.8,5.8,2.6,12.4,Rainy
25.1,35.2,15.3,136.0,11.2,1011.3,11.3,0.0,7.2,5.2,Sunny
5.2,95.6,1.8,276.6,14.7,1017.6,1.6,0.5,1.3,14.0,Foggy
10.1,67.8,39.2,259.1,87.6,1022.5,1.6,11.0,0.0,17.3,Rainy
32.4,14.6,13.4,11.6,21.7,1016.2,21.8,0.0,10.8,16.6,Sunny
8.5,95.7,6.3,90.2,67.9,1009.9,2.0,0.8,2.2,9.0,Foggy
22.1,61.2,18.2,318.6,67.7,1013.5,6.9,2.7,3.9,14.7,Cloudy
11.3,100.0,7.1,325.0,88.8,1000.4,3.2,0.8,2.6,7.5,Foggy
12.4,68.9,21.2,7.0,96.2,997.8,9.7,10.0,2.5,7.0,Rainy
18.6,84.4,16.1,293.8,77.3,1005.8,2.7,0.7,4.4,19.6,Cloudy
29.5,32.0,10.9,258.5,18.1,1014.8,12.3,0.0,9.6,12.7,Sunny
21.9,81.6,26.6,134.3,91.4,1014.4,4.7,5.4,1.6,10.0,Rainy
12.3,82.0,17.1,184.9,73.7,1005.5,6.9,2.2,2.8,11.3,Cloudy
24.2,45.8,7.1,223.9,0.0,1017.8,15.2,0.0,6.4,13.8,Sunny
18.9,61.2,9.3,123.5,56.6,1022.0,14.5,0.0,2.7,9.5,Partly Cloudy
22.2,76.7,42.4,15.6,98.4,989.7,6.1,9.5,0.6,21.3,Thunderstorm
24.9,91.8,25.3,15.3,90.0,991.8,2.3,10.7,2.7,22.5,Thunderstorm
23.3,54.1,14.4,67.3,61.7,1017.2,17.5,1.1,4.6,10.1,Partly Cloudy
19.5,70.7,23.6,301.8,93.6,1004.2,11.8,2.5,4.5,11.4,Cloudy
24.4,46.8,9.4,96.6,33.5,1013.1,13.1,1.7,6.6,16.1,Partly Cloudy
17.2,51.6,22.4,272.9,33.4,1014.6,10.3,2.9,5.6,16.3,Partly Cloudy
10.3,97.6,4.8,298.1,69.5,1023.2,1.9,0.0,1.0,11.1,Foggy
26.4,53.0,9.9,349.1,10.5,1007.1,15.8,0.0,9.5,7.5,Sunny
16.5,82.4,49.5,33.3,100.0,990.5,7.7,25.6,2.0,18.4,Thunderstorm
8.0,88.5,4.9,171.3,71.2,1010.4,3.3,0.7,2.7,9.4,Foggy
25.6,47.5,12.3,142.1,32.0,1009.3,8.5,0.5,3.7,13.9,Partly Cloudy
20.0,88.8,39.5,61.1,97.1,1002.3,6.1,17.4,2.8,16.1,Thunderstorm
16.6,87.5,50.4,290.7,100.0,992.1,6.0,13.5,1.2,21.6,Thunderstorm
17.6,66.1,9.7,41.5,75.1,1013.2,4.8,1.4,1.3,10.9,Cloudy
8.3,93.4,5.4,236.5,82.0,1014.5,3.3,0.4,1.3,8.7,Foggy
8.1,72.0,26.6,59.6,93.9,1008.6,3.8,16.2,1.5,4.0,Rainy
11.6,86.5,5.5,21.0,65.2,1011.2,1.0,0.6,2.3,13.6,Foggy
22.7,45.1,12.4,147.1,34.6,1009.7,15.3,1.5,3.4,10.1,Partly Cloudy
29.7,45.7,9.3,23.6,58.0,1022.7,13.2,0.0,2.3,14.4,Partly Cloudy
16.9,90.5,4.3,247.9,65.7,1017.5,0.2,0.0,1.8,10.1,Foggy
18.4,51.4,15.4,291.9,84.5,1005.1,10.5,2.6,1.8,10.6,Cloudy
31.3,51.0,16.4,332.0,54.1,1016.1,11.9,-0.0,6.8,10.2,Partly Cloudy
5.2,94.8,2.2,227.9,64.7,1010.6,2.0,0.5,1.5,10.0,Foggy
6.2,94.0,5.3,190.3,80.2,1015.9,0.4,0.0,2.1,10.4,Foggy
10.4,93.7,3.3,222.4,45.2,1015.8,1.2,0.7,0.6,11.3,Foggy
11.3,90.1,5.9,291.7,74.6,1009.6,2.8,0.0,1.0,12.9,Foggy
27.7,66.0,41.8,78.3,98.7,993.2,4.8,13.5,2.2,13.2,Thunderstorm
24.2,87.1,47.7,121.4,99.6,997.0,3.4,0.0,0.9,13.4,Thunderstorm
13.0,64.2,23.0,335.3,77.9,1004.9,10.7,0.3,2.5,13.6,Cloudy
10.0,87.6,3.8,60.1,56.3,1016.0,0.4,0.4,3.6,10.8,Foggy
8.0,89.0,4.7,57.5,94.7,1012.1,0.3,0.5,1.7,9.6,Foggy
23.1,100.0,29.8,262.8,95.5,1001.6,6.0,10.5,2.2,16.8,Rainy
8.8,96.3,6.9,205.8,89.6,1024.8,3.4,0.6,1.0,6.6,Foggy
29.1,36.5,5.2,98.7,13.1,1010.8,12.1,0.0,3.4,14.8,Sunny
30.1,33.4,4.2,261.7,17.4,1025.3,12.5,0.0,9.4,15.3,Sunny
27.0,61.5,13.8,256.9,48.6,1007.2,11.7,1.0,4.6,14.8,Partly Cloudy
13.1,52.2,18.8,147.0,74.9,1012.5,4.5,1.4,2.7,7.5,Cloudy
4.8,87.7,6.7,343.2,80.4,1007.7,2.3,0.1,2.6,10.2,Foggy
12.8,76.9,36.3,100.4,90.0,1010.4,5.0,9.4,1.0,11.5,Rainy
13.3,88.4,17.1,345.3,81.3,999.5,5.0,7.2,1.8,13.7,Rainy
23.5,60.5,19.8,213.1,100.0,1009.7,5.2,0.0,3.2,20.1,Cloudy
36.4,40.1,9.4,176.9,18.1,1018.8,15.2,0.5,7.3,9.8,Sunny
15.2,61.8,15.9,13.6,66.4,1001.1,8.2,0.3,3.1,18.8,Cloudy
23.1,30.9,13.4,330.9,7.8,1017.9,16.3,0.0,7.7,17.3,Sunny
26.1,46.0,19.7,26.7,35.9,1007.5,8.6,1.5,3.3,9.2,Partly Cloudy
25.5,39.2,13.7,213.0,46.9,1006.8,11.7,-0.0,2.0,15.0,Partly Cloudy
25.0,58.4,12.4,349.7,51.1,1015.9,9.5,1.6,5.8,12.3,Partly Cloudy
15.6,86.6,33.2,184.8,96.6,991.5,1.1,13.1,1.4,9.2,Thunderstorm
21.1,46.6,7.4,301.6,36.6,1026.3,13.5,1.1,6.0,19.4,Partly Cloudy
37.2,49.0,14.6,261.3,6.8,1024.3,13.7,0.1,7.2,14.7,Sunny
13.0,95.5,5.1,211.8,66.1,1018.9,1.3,1.4,1.3,4.0,Foggy
25.4,42.8,18.7,166.9,47.1,1025.7,12.9,0.0,4.7,17.8,Partly Cloudy
15.0,88.4,23.0,211.7,88.3,1018.6,6.1,4.7,0.4,12.2,Rainy
17.0,64.2,14.1,266.2,67.8,1004.6,11.6,2.6,2.5,8.7,Cloudy
13.2,84.1,19.1,56.9,85.2,1005.8,7.1,9.7,2.1,12.6,Rainy
17.6,82.2,3.1,113.6,51.0,1011.8,2.7,0.5,1.5,10.0,Foggy
14.9,44.7,18.7,76.7,80.6,1004.0,9.9,0.3,2.3,11.9,Cloudy
17.7,75.8,34.9,23.7,91.7,1008.8,6.2,15.1,2.2,11.6,Rainy
23.7,32.8,11.0,104.8,34.5,1021.1,12.9,0.0,3.1,22.6,Partly Cloudy
27.6,18.1,9.7,248.5,14.5,1028.3,17.9,0.0,6.0,15.7,Sunny
22.2,68.3,28.3,241.3,93.0,1008.3,6.3,12.5,1.6,12.0,Rainy
34.1,24.3,8.5,211.1,8.5,1011.1,15.3,0.0,6.3,4.9,Sunny
4.3,88.2,0.0,2.2,63.8,1008.3,1.3,-0.0,1.5,10.1,Foggy
24.1,82.8,51.8,210.3,96.0,996.2,5.0,13.0,1.2,14.7,Thunderstorm
24.9,70.6,31.6,102.5,89.3,999.6,6.6,13.8,1.3,13.4,Rainy
15.0,85.4,30.7,243.0,92.9,995.6,3.0,11.8,0.0,17.6,Thunderstorm
29.5,86.2,41.8,74.3,97.6,987.5,0.0,16.9,2.0,16.8,Thunderstorm
23.8,42.1,20.5,352.3,74.2,1017.0,11.9,2.9,1.6,12.9,Partly Cloudy
11.7,87.1,3.3,229.3,67.5,1009.6,1.8,0.5,2.6,12.4,Foggy
17.7,67.4,11.3,131.9,74.1,1027.6,6.8,2.1,3.5,9.7,Cloudy
20.9,88.5,42.3,294.2,87.4,992.5,1.9,3.3,1.1,17.0,Thunderstorm
14.9,67.5,36.0,14.6,93.2,1003.1,6.6,13.1,4.1,10.5,Rainy
13.1,90.6,5.2,325.2,88.9,1014.0,1.1,0.9,0.7,7.1,Foggy
27.4,59.3,13.0,346.2,49.4,1011.1,10.6,1.1,7.1,14.8,Partly Cloudy
12.3,78.6,13.3,120.4,91.6,1009.8,11.0,4.4,2.7,13.5,Cloudy
32.5,41.5,13.7,48.3,46.0,1018.4,15.4,0.6,5.3,11.2,Partly Cloudy
17.4,80.8,47.3,102.3,91.2,993.6,4.3,5.2,0.9,15.9,Thunderstorm
17.4,70.1,19.4,282.8,82.1,1007.0,8.9,0.6,3.4,14.3,Cloudy
28.0,24.9,8.1,262.7,13.7,1015.6,15.5,-0.0,7.9,7.7,Sunny
28.1,92.4,53.6,35.8,91.6,999.0,3.0,8.2,1.7,9.5,Thunderstorm
20.1,47.9,9.9,45.3,32.0,1018.7,5.4,1.2,4.0,11.9,Partly Cloudy
21.0,70.3,29.1,338.3,77.0,1015.1,7.6,0.3,4.2,11.2,Cloudy
18.4,57.1,21.4,219.6,63.4,1014.4,11.2,1.0,3.8,12.4,Cloudy
22.6,72.7,22.2,5.2,70.5,1007.2,4.0,0.6,4.0,14.5,Cloudy
13.9,85.2,1.6,58.4,74.4,1012.9,2.0,1.3,1.6,8.5,Foggy
8.3,92.9,8.3,185.5,58.6,1017.4,1.7,0.2,0.5,15.4,Foggy
22.3,85.7,29.8,100.6,92.3,1003.3,0.1,13.0,1.1,16.8,Thunderstorm
27.6,21.7,12.3,313.8,15.1,1021.7,16.1,0.5,3.3,12.1,Sunny
22.2,30.5,6.5,228.0,14.9,1008.9,12.9,0.0,8.8,15.5,Sunny
8.9,79.6,2.9,129.6,80.6,1016.1,1.8,0.9,2.9,9.5,Foggy
3.1,87.6,4.5,109.7,81.5,1002.0,1.3,0.0,2.7,10.7,Foggy
15.9,73.2,28.4,43.7,92.5,994.9,5.0,9.4,1.5,16.9,Rainy
8.4,92.1,6.7,71.8,49.5,1014.6,3.0,0.9,1.9,4.9,Foggy
22.7,50.5,18.2,208.7,50.4,1016.3,11.5,0.9,4.8,11.4,Partly Cloudy
17.1,64.6,20.8,340.1,100.0,1007.0,7.9,4.0,2.3,14.1,Rainy
14.6,89.3,8.7,188.6,93.3,1008.4,1.8,0.7,1.8,9.6,Foggy
18.4,75.3,21.1,78.6,51.9,1010.4,7.0,3.0,3.4,14.2,Cloudy
34.1,33.2,17.3,141.2,9.3,1016.5,13.9,0.5,4.5,10.8,Sunny
18.6,58.9,30.9,196.9,62.3,1013.8,10.3,2.0,4.6,14.7,Cloudy
17.2,56.9,21.5,296.2,83.0,1003.5,4.5,2.0,3.4,10.9,Cloudy
10.8,75.7,27.6,196.9,80.1,1007.3,7.8,3.4,2.7,14.6,Rainy
17.2,93.6,36.8,159.7,95.1,997.8,6.0,29.4,2.0,18.7,Thunderstorm
12.0,98.5,8.4,326.2,92.8,1008.2,1.9,0.8,2.6,10.5,Foggy
22.5,86.2,62.6,218.8,96.5,997.4,3.0,16.0,1.9,19.3,Thunderstorm
21.0,45.6,22.7,274.0,79.6,1016.6,6.6,1.8,2.2,13.0,Cloudy
12.3,83.1,31.1,124.5,100.0,1001.3,5.7,2.1,2.5,18.2,Rainy
15.0,86.5,58.0,280.8,82.9,990.9,7.7,10.8,0.6,20.4,Thunderstorm
9.8,74.5,35.7,207.0,83.8,1001.2,4.0,4.7,3.6,11.0,Rainy
9.4,86.2,4.1,175.6,51.1,1014.7,1.8,1.1,2.2,11.2,Foggy
13.6,87.8,4.4,160.1,81.1,1001.1,1.6,1.0,1.6,6.8,Foggy
18.9,78.1,28.8,77.7,93.9,991.8,4.9,4.7,0.9,6.7,Rainy
25.9,52.2,16.0,205.0,40.4,1020.6,16.2,1.6,3.9,13.5,Partly Cloudy
16.6,68.7,11.2,293.8,91.6,997.8,8.3,0.2,1.8,15.1,Cloudy
26.7,89.2,42.6,98.7,91.7,992.7,4.3,16.1,2.3,20.0,Thunderstorm
22.1,57.8,13.1,129.2,54.5,1015.5,4.7,0.0,3.8,11.8,Cloudy
11.8,65.1,24.8,334.1,89.3,999.0,7.5,14.6,1.2,7.8,Rainy
28.1,60.8,6.8,194.5,32.2,1007.1,11.0,0.5,6.1,18.5,Partly Cloudy
15.9,53.9,18.6,19.2,74.1,1003.8,11.5,4.1,3.4,10.1,Cloudy
11.8,89.5,3.3,46.2,49.5,1009.2,1.0,0.0,2.4,7.1,Foggy
16.9,64.0,14.0,344.9,68.3,1009.4,11.2,0.2,2.6,10.7,Cloudy
34.1,39.4,14.4,148.5,15.0,1014.9,15.0,0.0,5.2,9.5,Sunny
33.9,38.3,16.3,186.3,34.2,1002.8,12.0,0.0,5.7,11.4,Partly Cloudy
8.8,87.8,26.0,134.4,86.4,998.5,7.4,10.9,2.4,11.3,Rainy
8.9,91.5,5.4,229.8,78.2,1020.1,1.8,0.9,0.0,6.1,Foggy
21.4,85.9,40.7,121.8,92.1,999.0,6.2,1.5,1.6,16.0,Rainy
19.4,93.2,51.8,357.3,95.3,996.8,3.7,14.8,0.8,19.1,Thunderstorm
16.9,53.3,16.9,117.6,18.4,1013.3,13.3,1.3,6.2,14.0,Partly Cloudy
12.2,78.1,25.6,133.2,86.8,1005.2,10.3,8.4,1.6,12.9,Rainy
21.9,47.6,11.8,317.4,0.0,1028.5,15.8,0.0,4.8,16.0,Sunny
10.8,74.1,9.2,138.2,95.7,1001.6,9.0,5.7,2.6,10.4,Rainy
23.4,75.6,13.5,224.0,82.9,1013.8,8.3,3.9,3.8,14.7,Cloudy
21.6,14.3,7.0,60.0,7.2,1023.5,13.8,0.0,8.3,9.5,Sunny
23.7,34.8,18.8,168.9,21.7,1023.0,18.5,0.7,10.1,6.8,Sunny
24.3,35.9,15.4,327.7,0.0,1017.4,17.2,0.0,8.0,12.1,Sunny
32.2,17.4,17.7,300.7,18.5,1013.0,17.7,0.6,7.3,7.7,Sunny
24.1,89.7,49.0,84.5,100.0,1015.4,1.5,12.9,1.7,20.2,Thunderstorm
21.9,49.2,6.6,199.0,17.2,1014.3,16.5,1.2,4.0,11.5,Partly Cloudy
26.4,78.0,56.4,140.5,90.0,1009.0,4.1,6.3,0.8,22.7,Thunderstorm
12.9,85.6,40.6,114.1,91.0,1001.0,10.2,15.7,3.5,13.5,Rainy
13.1,87.2,6.7,77.3,98.9,1014.5,2.5,0.7,0.7,14.8,Foggy
21.1,72.9,18.1,38.1,90.8,1007.5,3.9,21.5,2.3,23.6,Thunderstorm
11.4,79.2,38.4,130.0,99.5,1004.4,9.1,9.8,0.2,12.3,Rainy
13.8,26.2,10.4,28.2,9.1,1023.5,11.4,0.5,8.0,12.4,Sunny
23.6,38.0,21.6,109.6,29.1,1024.7,13.9,1.7,6.7,9.8,Partly Cloudy
9.2,94.2,4.1,292.5,87.2,1017.8,2.0,0.6,2.9,13.5,Foggy
25.2,49.6,13.9,182.8,29.6,1007.4,10.8,0.3,3.8,9.9,Partly Cloudy
5.2,93.9,5.0,46.4,80.6,1016.8,1.1,1.0,0.0,9.0,Foggy
16.2,82.7,25.9,211.9,89.9,999.8,4.2,8.9,0.9,8.7,Rainy
22.5,88.3,35.0,57.5,100.0,1003.5,6.0,12.5,3.9,12.8,Rainy
4.0,87.9,3.7,128.0,66.1,1017.3,3.6,1.1,2.1,14.0,Foggy
33.0,54.2,21.3,115.4,29.3,1023.2,9.1,0.0,4.3,18.7,Partly Cloudy
11.4,95.9,5.4,129.3,65.6,1012.7,2.5,0.7,3.7,5.4,Foggy
19.6,79.6,27.2,327.2,97.2,1006.8,3.4,9.3,0.6,20.7,Thunderstorm
14.9,79.1,25.1,75.3,88.5,1003.5,5.8,13.7,2.4,9.5,Rainy
21.1,41.0,17.6,331.4,40.3,1021.1,10.2,0.8,5.5,11.9,Partly Cloudy
25.8,74.4,48.8,54.8,100.0,1012.2,6.2,18.6,2.4,12.6,Thunderstorm
32.3,37.4,15.5,259.7,19.0,1020.7,10.3,0.0,9.6,13.0,Sunny
19.5,48.4,13.9,185.7,43.4,1014.9,6.8,1.9,4.6,16.5,Partly Cloudy
18.8,73.0,49.9,337.7,100.0,1000.3,1.9,6.1,1.6,18.7,Thunderstorm
16.7,80.7,55.9,262.9,97.0,988.3,6.7,19.8,3.1,14.3,Thunderstorm
25.1,56.6,18.2,197.4,26.9,1012.5,13.4,1.3,4.7,13.6,Partly Cloudy
12.2,89.4,6.2,334.4,91.1,1014.3,1.3,0.1,4.0,7.5,Foggy
11.6,92.4,2.5,170.4,66.0,1015.7,0.0,0.8,3.1,10.8,Foggy
11.8,79.1,27.3,273.9,78.0,1006.2,6.8,8.4,2.0,8.8,Rainy
22.4,48.1,8.9,253.6,38.2,1006.8,13.5,0.9,5.2,19.5,Partly Cloudy
19.0,77.0,23.1,267.3,71.4,1010.0,5.4,0.3,3.2,13.6,Cloudy
19.9,83.6,31.8,258.6,92.6,993.8,5.8,8.4,0.9,14.9,Thunderstorm
14.2,84.1,33.1,151.6,84.4,993.7,9.6,4.7,1.9,11.6,Rainy
16.2,84.4,7.5,26.8,75.7,1009.7,1.8,0.9,1.6,10.2,Cloudy
17.0,69.3,13.6,150.2,72.9,1014.7,4.8,1.8,2.1,8.0,Cloudy
5.8,95.4,5.6,47.4,61.0,1022.3,1.1,0.7,2.0,11.0,Foggy
27.8,54.5,14.5,246.2,40.0,1021.4,13.5,1.0,4.1,9.0,Partly Cloudy
23.0,82.9,32.8,215.8,90.2,999.4,5.8,23.4,2.0,20.9,Thunderstorm
19.3,79.4,48.0,56.5,89.4,1014.9,6.0,15.9,1.3,27.6,Thunderstorm
15.8,71.7,26.7,116.5,75.9,1006.8,6.4,5.1,2.5,13.2,Rainy
29.0,30.9,8.3,10.4,27.3,1018.9,8.3,0.0,11.0,11.0,Sunny
8.8,85.8,5.6,305.0,87.8,1008.3,2.0,0.0,0.7,10.8,Foggy
21.2,70.7,10.5,22.3,98.8,1016.1,7.8,1.8,2.6,8.8,Cloudy
7.8,91.2,3.5,334.9,94.2,1016.3,1.5,0.9,2.4,8.0,Foggy
10.7,58.1,20.9,218.8,66.1,1011.4,2.9,1.6,4.5,12.5,Cloudy
12.3,89.1,41.7,204.7,91.3,1003.6,4.8,26.6,2.3,18.7,Thunderstorm
15.6,82.6,63.0,247.3,92.1,983.7,2.4,25.0,1.7,15.1,Thunderstorm
30.8,31.3,16.0,94.0,18.5,1006.8,15.8,0.3,4.9,14.5,Sunny
16.7,85.8,44.4,52.4,90.8,997.4,0.0,16.0,2.4,12.3,Thunderstorm
20.1,71.7,11.0,227.1,89.6,991.1,9.7,2.0,3.3,13.3,Cloudy
13.6,90.6,27.8,202.0,91.4,1002.2,7.6,2.5,1.6,9.1,Rainy
9.4,89.9,2.4,162.4,86.4,1011.7,4.2,1.4,2.4,9.2,Foggy
24.4,76.0,61.1,67.4,91.0,1004.2,3.9,12.8,0.5,17.7,Thunderstorm
24.7,76.4,18.1,71.0,93.7,1001.7,5.6,3.4,0.5,16.1,Cloudy
23.9,83.6,46.8,309.8,97.8,1003.3,5.8,11.2,1.3,17.3,Thunderstorm
18.5,88.7,28.3,159.6,92.5,993.5,3.8,16.8,1.7,20.0,Thunderstorm
16.6,71.8,18.0,302.0,94.2,1001.3,6.0,13.8,1.3,9.8,Rainy
22.1,83.2,52.7,309.8,95.4,1000.4,4.7,19.7,1.2,18.0,Thunderstorm
25.5,74.4,26.9,110.0,98.4,1013.0,3.1,19.2,0.7,16.0,Thunderstorm
35.7,43.0,7.9,272.0,0.0,1023.9,13.2,1.1,5.4,8.3,Sunny
13.9,97.8,4.6,91.7,59.6,1011.6,0.7,0.5,1.1,15.2,Foggy
30.7,30.6,12.2,35.5,40.3,1013.6,10.6,1.8,3.7,20.0,Partly Cloudy
19.6,65.4,15.6,227.1,77.9,1000.9,3.1,1.9,2.8,12.1,Cloudy
26.4,82.4,33.4,230.1,92.7,990.5,3.9,19.6,3.0,19.2,Thunderstorm
22.0,50.1,3.7,343.6,73.0,1003.4,5.5,4.9,2.0,10.0,Cloudy
18.4,77.1,12.1,138.4,90.3,1007.0,5.9,12.0,1.5,11.2,Rainy
21.3,93.0,27.6,54.8,88.8,999.8,4.9,11.1,0.9,12.4,Thunderstorm
36.1,31.3,5.1,298.8,0.0,1015.4,13.2,0.5,6.7,6.2,Sunny
19.8,36.1,11.8,224.4,35.2,1015.5,7.0,1.2,4.5,6.4,Partly Cloudy
14.3,90.0,7.3,167.9,80.1,1013.5,1.9,0.5,2.5,12.2,Foggy
11.6,89.4,4.5,255.1,100.0,1003.8,3.0,0.4,2.8,9.3,Foggy
14.0,50.1,27.7,74.2,35.1,1017.3,11.2,2.2,1.9,9.4,Cloudy
26.7,41.1,13.9,295.7,48.3,1010.4,10.8,0.0,4.8,13.4,Partly Cloudy
33.9,45.8,16.7,196.1,11.1,1012.3,8.9,0.1,10.4,7.4,Sunny
23.2,40.4,11.4,296.6,48.5,1016.5,17.6,1.5,6.7,15.6,Partly Cloudy
33.7,56.1,11.8,215.5,13.6,1017.8,14.5,0.0,5.7,9.5,Sunny
30.9,25.7,7.3,275.2,12.8,1013.4,16.7,0.3,9.2,13.3,Sunny
21.4,70.1,6.0,243.4,73.1,1015.8,7.9,1.5,3.7,13.9,Cloudy
11.4,71.3,19.7,359.6,82.5,1016.9,6.3,5.1,3.1,13.5,Rainy
20.2,51.8,14.1,335.8,33.0,1022.0,12.4,1.5,5.1,11.8,Partly Cloudy
21.2,91.4,57.6,81.3,93.8,991.4,4.2,20.8,0.6,13.3,Thunderstorm
11.0,88.8,4.1,359.4,66.2,1007.6,4.4,0.8,2.0,6.0,Foggy
11.4,83.2,3.6,356.8,64.6,1009.5,3.2,0.4,2.7,10.4,Foggy
19.3,87.9,41.7,224.7,92.5,986.3,5.5,4.9,1.3,18.1,Thunderstorm
15.4,76.0,26.6,128.6,100.0,1009.8,7.1,1.4,2.7,15.3,Cloudy
15.2,77.7,66.1,60.4,87.2,1001.2,6.9,15.1,0.1,17.0,Thunderstorm
9.5,81.7,28.2,288.5,100.0,1011.4,9.1,4.1,0.7,9.2,Rainy
17.0,75.9,5.6,269.1,78.0,1004.2,3.7,8.3,1.8,11.4,Rainy
29.7,44.1,6.2,345.9,41.0,1012.9,14.5,1.8,6.5,17.8,Partly Cloudy
17.7,73.8,14.5,131.9,61.1,1013.6,12.4,5.2,4.1,14.6,Cloudy
31.5,45.3,12.2,283.6,6.4,1015.1,17.3,0.0,8.0,17.5,Sunny
15.9,74.2,17.8,328.9,67.2,1006.7,11.6,2.3,2.4,14.4,Cloudy
18.9,87.2,33.4,276.9,65.1,1007.8,6.5,7.0,2.5,12.1,Rainy
6.6,93.4,4.7,188.0,72.4,1024.4,2.3,0.9,1.6,14.4,Foggy
13.0,72.3,18.5,267.0,93.4,1014.1,3.4,13.2,3.3,13.0,Rainy
7.9,88.5,3.2,26.9,67.7,1012.7,1.2,0.0,1.2,5.9,Foggy
18.8,88.6,32.1,301.3,90.9,993.3,4.1,9.4,1.1,20.8,Thunderstorm
17.1,62.4,13.0,111.9,65.2,1007.5,8.2,0.0,2.4,13.5,Cloudy
15.1,64.8,16.4,282.6,76.1,999.6,4.4,12.8,0.9,10.9,Rainy
21.1,70.0,25.1,31.1,69.0,1016.8,8.4,1.3,3.3,12.7,Cloudy
37.7,36.6,7.7,73.9,22.1,1018.7,13.2,0.0,5.1,13.5,Sunny
35.3,58.3,10.2,86.9,46.0,1011.7,13.5,0.0,4.2,15.2,Partly Cloudy
18.1,68.3,16.0,107.1,73.1,1010.1,10.3,0.3,2.5,12.2,Cloudy
9.7,90.3,9.9,182.6,52.3,1012.7,2.2,0.5,2.4,8.5,Foggy
33.1,34.5,3.8,61.5,1.2,1025.3,13.7,0.0,5.7,12.5,Sunny
14.0,97.2,7.9,284.9,59.0,1002.1,2.7,0.2,2.5,8.8,Foggy
20.5,72.5,17.7,123.1,84.2,1019.4,9.6,2.4,2.6,11.0,Cloudy
7.1,85.0,24.4,64.8,90.6,1008.4,3.2,10.2,1.5,11.2,Rainy
15.1,55.5,23.0,292.0,63.5,1006.5,4.8,3.3,1.9,12.9,Cloudy
17.2,66.9,22.2,145.4,85.4,1003.8,9.1,2.2,2.1,14.4,Rainy
16.9,95.5,2.8,113.8,57.0,1010.1,0.2,0.9,3.2,11.5,Foggy
17.6,80.0,31.0,214.1,92.9,1003.2,3.0,8.6,1.0,13.9,Thunderstorm
10.1,98.2,6.4,148.2,99.9,1010.7,2.3,0.7,2.2,9.7,Foggy
14.7,78.9,17.4,205.6,89.3,1003.4,5.4,16.6,2.9,13.9,Rainy
21.9,56.5,27.0,115.3,75.1,1010.2,8.7,4.8,3.8,15.4,Cloudy
19.5,83.0,52.2,221.8,81.3,1004.6,1.3,10.4,2.1,12.3,Rainy
17.1,72.5,14.6,100.1,87.5,1013.1,9.9,3.0,0.5,13.0,Cloudy
17.1,88.8,26.4,209.2,94.9,1013.1,7.2,6.9,2.5,15.1,Rainy
23.5,40.4,13.1,70.3,31.2,1019.3,8.5,0.8,6.7,17.6,Partly Cloudy
15.3,72.5,24.6,348.7,86.0,1008.3,7.5,1.1,2.6,11.5,Cloudy
7.1,82.7,3.7,148.2,79.1,1004.8,1.5,0.4,2.4,12.0,Foggy
5.9,95.3,7.3,47.4,47.7,1005.1,1.7,1.2,0.6,10.3,Foggy
11.6,98.9,7.1,12.1,57.3,1013.5,3.7,0.4,0.9,12.2,Foggy
20.7,88.1,16.3,270.2,94.6,1023.1,8.7,5.9,0.9,11.7,Rainy
18.7,63.2,8.0,161.3,80.0,1002.8,5.9,2.7,3.8,16.1,Cloudy
20.5,66.4,14.4,57.2,76.6,1015.0,10.5,8.7,0.6,14.6,Rainy
24.8,52.5,21.5,355.5,57.7,1010.0,16.5,2.3,4.0,15.7,Partly Cloudy
32.5,47.5,15.7,28.0,0.0,1023.5,13.3,0.5,7.9,14.9,Sunny
25.5,51.7,7.2,48.8,47.5,1020.2,10.4,2.4,5.0,19.1,Partly Cloudy
34.9,28.9,2.9,343.0,10.6,1025.1,6.9,0.8,9.9,11.4,Sunny
26.2,97.2,54.8,148.4,93.0,1004.4,2.1,7.5,1.5,24.2,Thunderstorm
19.4,68.5,19.1,45.4,60.4,1010.3,8.2,2.7,3.8,5.8,Cloudy
11.7,80.2,24.1,201.6,95.4,996.4,5.3,10.4,2.5,15.0,Rainy
22.5,83.2,61.3,109.5,99.9,1005.9,6.0,2.9,2.4,16.5,Thunderstorm
32.7,29.6,15.6,300.8,10.5,1019.5,14.0,0.0,8.9,16.5,Sunny
22.3,73.8,12.6,219.9,74.4,1013.0,7.6,0.8,3.0,16.7,Cloudy
33.0,51.4,8.6,7.4,15.9,1020.4,10.1,0.0,11.1,13.3,Sunny
7.1,89.7,6.7,80.8,67.0,1007.9,2.4,0.0,0.9,8.7,Foggy
17.7,76.6,13.1,102.4,92.8,1018.0,7.1,11.2,0.9,11.7,Rainy
19.9,54.9,13.1,40.2,81.5,1007.3,6.1,2.7,2.0,16.4,Cloudy
10.1,83.6,48.3,129.7,100.0,1006.6,5.1,28.4,1.5,20.5,Thunderstorm
4.7,81.8,18.9,153.9,82.1,996.7,2.9,5.0,2.5,16.4,Rainy
27.3,79.5,56.2,224.9,100.0,1005.0,4.9,12.2,0.4,16.4,Thunderstorm
24.0,41.7,11.1,317.6,36.1,1021.3,13.5,0.0,2.4,11.5,Partly Cloudy
4.4,89.5,0.4,296.3,74.2,1008.8,1.2,0.7,1.2,10.9,Foggy
21.3,84.0,27.7,307.6,93.7,983.0,6.2,16.0,0.9,19.3,Thunderstorm
27.4,33.1,14.0,308.2,9.9,1015.6,17.3,0.0,8.5,14.4,Sunny
21.8,45.9,8.9,265.1,28.8,1015.6,12.2,1.9,6.6,16.8,Partly Cloudy
19.4,75.5,12.8,82.3,75.9,1015.2,11.0,0.9,3.0,13.0,Cloudy
21.0,69.3,35.4,230.9,90.2,1007.8,2.7,8.5,1.3,9.5,Rainy
14.1,85.4,17.0,297.3,94.6,1009.3,5.5,4.0,3.6,14.3,Rainy
27.2,44.0,6.1,4.1,15.7,1018.4,18.3,-0.0,8.3,12.5,Sunny
11.4,98.3,5.0,197.4,73.6,1007.8,1.5,0.8,0.4,5.0,Foggy
6.1,67.5,19.6,315.4,98.4,1000.8,8.0,1.1,3.9,12.9,Cloudy
12.9,60.1,4.8,114.9,77.3,1011.0,8.4,2.1,1.8,11.5,Cloudy
24.9,32.0,14.0,168.7,10.0,1012.3,11.9,0.9,8.6,10.1,Sunny
29.5,15.9,10.4,73.0,6.1,1017.6,12.9,0.0,8.4,16.0,Sunny
9.9,100.0,4.1,120.4,76.8,1006.5,2.8,0.8,1.9,10.5,Foggy
22.7,89.5,68.6,51.2,86.7,999.1,5.2,5.8,1.2,18.0,Thunderstorm
18.4,74.7,56.9,327.9,98.6,995.2,8.3,6.5,0.0,18.4,Thunderstorm
12.6,90.1,44.5,144.5,86.6,1020.4,5.8,4.0,3.7,14.0,Rainy
12.5,83.1,33.3,320.2,93.9,992.8,7.5,6.2,1.0,7.8,Rainy
22.9,88.3,45.4,293.8,95.5,1010.1,3.9,6.9,2.2,17.9,Thunderstorm
16.1,96.0,76.8,19.0,97.1,995.2,0.3,20.3,0.5,17.7,Thunderstorm
10.5,90.6,4.6,37.4,99.4,1013.2,2.7,1.0,2.9,2.9,Foggy
14.1,90.1,7.1,235.1,73.7,1012.7,2.1,0.9,3.0,10.0,Foggy
5.4,89.1,4.4,112.0,76.6,1013.6,1.8,0.9,0.7,3.8,Foggy
8.2,91.6,16.1,2.5,75.5,1008.9,2.5,0.6,2.6,4.2,Foggy
19.4,74.4,12.4,232.2,87.2,1007.1,4.1,10.6,1.7,14.0,Rainy
23.8,60.2,7.2,67.7,6.0,1019.4,20.3,0.0,9.2,11.8,Sunny
21.7,82.7,32.8,42.4,88.7,995.7,4.9,17.3,1.7,8.2,Thunderstorm
15.5,57.4,15.1,146.0,60.8,1010.9,2.1,2.5,2.9,18.7,Cloudy
27.4,35.7,12.7,246.0,45.2,1013.0,10.0,0.0,6.5,8.5,Partly Cloudy
21.0,84.3,28.6,146.6,64.7,1023.3,11.6,0.7,1.8,10.9,Cloudy
11.7,83.0,3.3,287.4,83.7,1015.9,2.2,0.9,3.5,11.3,Foggy
34.4,29.4,11.6,104.0,5.2,1017.1,17.9,0.1,5.5,4.2,Sunny
27.3,84.7,30.1,38.0,100.0,998.0,5.2,11.2,2.2,17.7,Thunderstorm
19.6,87.0,44.5,78.2,94.6,994.7,7.6,24.5,1.6,29.0,Thunderstorm
9.8,73.5,23.9,187.8,93.2,1023.7,4.3,5.1,0.9,10.7,Rainy
21.4,71.8,20.6,64.4,61.7,1010.9,9.1,1.6,5.1,10.3,Cloudy
28.9,51.8,8.5,344.8,34.1,1015.7,12.8,2.8,3.7,11.8,Partly Cloudy
25.6,86.1,32.3,117.3,93.9,985.2,2.8,1.6,1.7,18.9,Thunderstorm
25.5,90.3,18.5,108.0,93.0,1000.1,5.1,11.2,1.9,13.4,Thunderstorm
23.2,36.0,13.8,126.6,5.7,1022.5,17.2,0.8,8.0,12.7,Sunny
12.0,85.6,44.5,285.5,85.4,996.4,3.4,14.7,1.1,19.2,Thunderstorm
25.5,18.9,12.9,64.3,12.5,1012.8,15.1,0.5,5.7,12.9,Sunny
19.0,81.5,54.7,328.2,92.7,996.4,3.9,15.0,0.1,21.5,Thunderstorm
23.7,72.6,6.4,31.7,83.3,997.3,6.8,18.0,1.8,18.7,Thunderstorm
31.4,39.5,5.5,72.8,26.6,1027.1,14.8,0.0,4.1,10.3,Sunny
28.3,12.0,11.1,156.9,0.3,1027.8,17.7,0.0,7.0,13.2,Sunny
17.4,85.6,25.9,124.3,71.1,997.3,7.1,6.8,1.7,15.3,Rainy
13.9,83.0,26.4,172.8,84.3,1015.6,5.2,7.9,2.5,15.1,Rainy
16.9,58.7,34.8,239.2,98.5,1005.2,8.5,2.8,1.4,11.6,Rainy
8.6,85.3,26.3,127.2,82.3,1015.2,10.1,3.8,2.1,16.0,Rainy
17.0,66.9,14.6,181.0,68.0,1010.5,5.9,3.1,1.8,10.9,Cloudy
17.3,82.8,24.1,309.4,97.8,1019.3,7.3,7.6,0.8,12.6,Rainy
7.5,91.0,7.4,247.9,37.0,1010.9,3.3,0.8,3.1,10.4,Foggy
22.6,25.0,9.0,341.2,0.0,1009.0,16.0,0.6,4.8,14.2,Sunny
16.6,61.9,4.8,254.2,41.6,1012.4,9.0,2.1,4.8,18.6,Partly Cloudy
12.0,89.6,4.8,349.2,78.6,1006.0,3.8,0.2,2.9,11.5,Foggy
13.0,71.5,24.4,148.2,72.6,1015.3,9.5,2.4,3.0,16.7,Cloudy
11.8,87.5,6.3,213.3,78.4,1019.6,2.5,0.4,2.9,6.4,Foggy
13.5,73.3,45.4,309.5,72.5,1010.5,7.0,10.2,0.6,11.0,Rainy
16.4,88.6,34.5,335.6,100.0,1007.7,4.1,22.0,3.2,21.9,Thunderstorm
11.7,89.2,6.1,99.9,80.4,1008.9,1.3,0.4,0.3,7.0,Foggy
23.5,25.3,10.6,234.8,6.0,1014.9,17.1,0.0,6.0,16.3,Sunny
13.0,83.6,31.1,294.5,90.9,1020.6,4.6,4.3,1.8,11.8,Rainy
15.6,72.4,40.7,217.1,87.2,1007.5,4.3,10.7,4.3,13.6,Rainy
29.4,41.7,7.3,69.9,16.3,1020.2,14.9,0.3,7.8,13.6,Sunny
21.9,91.7,66.8,96.4,93.8,997.5,3.8,19.5,2.3,19.1,Thunderstorm
22.4,43.3,13.6,30.7,26.4,1022.8,12.1,2.1,6.6,10.1,Partly Cloudy
8.4,85.4,7.3,93.7,54.4,1003.9,4.2,0.3,3.3,6.1,Foggy
33.9,44.1,7.6,331.4,17.4,1017.0,13.2,0.0,7.5,10.4,Sunny
12.9,56.8,19.6,32.6,42.4,1017.3,12.6,1.5,4.3,16.2,Partly Cloudy
23.1,31.8,6.9,232.1,7.5,1010.4,13.3,0.0,10.8,18.0,Sunny
29.1,32.6,15.9,237.7,15.5,1014.7,14.9,0.3,8.5,8.0,Sunny
25.5,90.1,16.1,323.7,97.7,990.8,4.2,17.2,2.5,12.4,Thunderstorm
24.7,72.6,12.3,62.0,45.2,1016.9,15.4,0.5,8.7,21.8,Partly Cloudy
28.6,93.7,32.2,175.1,85.9,990.2,3.9,30.8,1.6,15.0,Thunderstorm
25.8,49.9,15.7,289.7,60.8,1009.9,14.4,3.5,7.0,8.8,Partly Cloudy
24.2,64.7,22.5,305.9,53.0,1008.3,18.0,1.7,2.1,8.0,Partly Cloudy
7.8,90.0,4.4,92.1,23.9,1007.2,2.9,0.4,2.3,13.1,Foggy
9.1,79.5,25.5,82.3,75.5,1009.0,7.6,11.7,1.7,9.8,Rainy
10.7,94.3,3.2,247.0,51.0,1007.8,2.0,0.7,1.4,9.3,Foggy
3.8,88.6,6.0,35.4,92.8,1014.9,1.6,-0.0,1.2,8.7,Foggy
13.9,88.1,15.6,317.3,100.0,1011.8,9.7,8.1,1.3,7.9,Rainy
18.7,19.5,10.2,251.9,25.2,1015.8,16.3,-0.0,8.4,10.2,Sunny
23.9,90.8,64.5,227.8,96.1,988.6,5.6,18.6,2.4,16.3,Thunderstorm
34.9,35.4,10.8,248.8,21.6,1019.6,15.1,0.2,10.1,11.0,Sunny
20.9,80.9,66.6,76.7,91.3,1004.0,3.5,17.3,1.1,15.1,Thunderstorm
24.0,88.8,61.5,302.7,99.5,986.9,7.5,24.1,1.1,14.9,Thunderstorm
23.8,85.5,62.2,329.7,93.3,991.7,2.2,10.5,0.5,20.2,Thunderstorm
13.4,88.7,1.1,60.3,63.8,1015.6,2.1,0.3,3.2,7.4,Foggy
11.7,96.9,4.1,102.8,61.7,1010.1,1.3,0.0,2.8,8.7,Foggy
28.3,75.4,85.3,267.0,96.5,988.4,5.2,28.5,1.2,21.2,Thunderstorm
16.4,54.3,15.8,100.2,35.1,1015.8,10.7,0.7,5.0,15.3,Partly Cloudy
12.4,81.9,18.7,76.2,100.0,1003.3,2.0,7.8,1.3,9.2,Rainy
10.9,90.1,3.4,310.6,82.1,1009.0,4.5,0.5,1.8,6.9,Foggy
31.2,33.3,8.5,327.8,11.4,1019.3,17.0,0.2,6.3,19.3,Sunny
5.6,92.5,5.9,6.4,97.9,1008.2,2.6,0.3,3.1,6.4,Foggy
9.5,86.9,7.3,24.6,73.9,1015.9,2.7,0.7,1.2,8.5,Foggy
26.6,55.4,14.2,2.2,39.5,1014.9,7.7,3.3,3.3,11.6,Partly Cloudy
36.6,39.8,0.9,101.2,9.9,1016.3,14.4,0.0,10.2,11.8,Sunny
25.8,48.5,14.8,294.0,27.4,1009.7,12.6,1.2,4.7,21.4,Partly Cloudy
10.7,87.9,5.8,188.8,61.2,1012.2,1.3,0.3,2.8,8.1,Foggy
17.0,70.0,14.6,338.2,85.2,1006.3,9.5,1.7,1.5,7.6,Cloudy
12.4,94.1,2.2,224.9,77.4,1008.8,1.6,0.8,2.5,12.5,Foggy
21.5,45.6,9.1,164.3,49.2,998.7,8.4,0.6,5.1,8.8,Partly Cloudy
13.7,65.1,26.2,209.5,87.6,1006.1,5.3,10.4,0.5,8.6,Rainy
23.9,90.2,21.0,297.8,79.4,1003.5,3.7,8.0,2.8,14.4,Rainy
17.2,88.8,41.2,258.4,91.2,1011.9,6.6,3.6,1.2,5.6,Rainy
16.8,96.3,46.8,130.2,91.4,1008.7,1.9,26.4,1.3,13.7,Thunderstorm
23.7,56.8,25.0,106.6,42.3,1011.5,16.9,0.9,5.3,13.8,Partly Cloudy
7.6,93.3,5.3,177.7,100.0,1012.9,1.4,0.0,0.5,14.0,Foggy
24.0,61.6,15.1,244.1,93.1,1012.7,10.0,2.7,1.5,9.4,Cloudy
13.7,79.0,25.3,59.0,78.2,1007.3,7.2,8.0,2.4,8.6,Rainy
25.6,36.6,10.9,305.5,17.6,1019.6,12.0,0.3,6.4,12.8,Sunny
34.4,33.6,9.3,55.3,10.8,1016.8,13.3,0.1,2.3,4.4,Sunny
8.9,64.5,40.7,348.5,100.0,1001.2,8.9,2.6,2.8,16.3,Rainy
28.9,36.3,16.1,342.6,47.0,1009.5,19.1,0.5,5.7,11.4,Partly Cloudy
18.6,19.3,14.4,264.2,25.0,1027.9,11.7,0.6,11.8,5.6,Sunny
29.0,53.0,12.1,49.3,50.2,1013.6,12.3,1.0,3.3,16.4,Partly Cloudy
22.7,56.9,15.2,302.1,26.6,1017.5,13.1,1.5,6.2,11.5,Partly Cloudy
22.2,53.0,15.7,230.5,36.9,1015.2,14.9,2.8,5.4,13.3,Partly Cloudy
9.8,91.2,3.8,96.3,89.0,1011.6,1.2,1.1,3.5,5.5,Foggy
14.6,88.2,16.0,151.4,90.1,993.9,3.6,8.3,2.7,9.3,Rainy
32.9,26.4,0.7,169.1,2.9,1012.0,13.7,0.5,7.2,15.0,Sunny
19.5,74.1,19.1,141.7,63.1,1002.2,4.6,2.2,3.2,12.8,Cloudy
6.7,90.9,2.6,240.5,67.2,1005.9,2.0,0.3,2.2,11.6,Foggy
10.3,92.5,33.3,183.2,99.9,1002.5,9.7,7.7,1.9,9.3,Rainy
23.6,70.5,23.7,162.8,67.5,1007.3,11.0,1.8,3.3,9.1,Cloudy
14.6,61.0,25.8,305.9,74.1,1008.5,11.4,2.7,3.4,7.2,Cloudy
8.7,98.6,6.0,296.3,80.4,1016.9,3.3,0.4,3.3,10.0,Foggy
29.1,35.4,13.6,260.2,16.0,1016.1,19.5,0.3,8.3,16.4,Sunny
17.8,89.4,7.3,103.5,62.3,1011.0,2.7,1.0,3.7,10.3,Foggy
8.9,95.7,7.4,210.4,94.3,1005.3,2.1,0.6,0.2,8.0,Foggy
37.0,39.4,11.2,190.1,9.4,1016.7,17.1,0.0,3.6,13.2,Sunny
19.9,74.9,43.8,232.1,96.0,992.4,3.3,20.0,1.7,26.6,Thunderstorm
21.8,62.5,17.3,291.5,44.0,1010.9,11.9,1.6,5.7,20.6,Partly Cloudy
18.1,73.0,23.2,120.6,100.0,1011.7,8.2,9.7,2.2,9.2,Rainy
13.2,90.1,4.8,328.9,73.1,1009.8,2.7,0.7,3.7,10.2,Foggy
15.7,66.1,12.4,178.5,78.4,1004.6,9.3,0.0,2.8,15.8,Cloudy
19.6,50.0,22.6,148.2,62.0,1007.3,0.9,1.3,2.8,9.1,Cloudy
36.7,44.6,19.1,145.3,14.8,1021.2,18.0,-0.0,7.7,14.0,Sunny
20.8,50.7,9.3,28.5,11.0,1020.5,15.9,0.3,5.4,12.6,Sunny
9.9,81.2,26.2,109.8,89.9,1001.0,5.3,4.8,2.2,12.4,Rainy
18.4,52.6,12.6,159.9,96.4,1010.5,8.1,0.0,3.6,11.4,Cloudy
19.4,44.4,14.3,235.5,47.8,1019.4,14.2,0.1,6.5,16.0,Partly Cloudy
22.6,78.6,28.0,157.7,87.5,1003.1,6.5,2.3,1.8,13.7,Rainy
29.7,52.1,15.0,292.6,32.3,1016.3,12.8,0.6,4.4,18.9,Partly Cloudy
12.2,87.3,13.2,188.9,88.5,994.9,6.2,4.1,2.3,9.7,Rainy
13.7,66.4,7.9,272.3,61.4,1013.3,8.5,2.3,3.4,14.8,Cloudy
30.2,55.4,15.6,232.9,41.0,1010.7,13.2,0.6,5.5,16.4,Partly Cloudy
18.5,83.0,38.1,345.3,89.5,1000.6,3.7,21.4,0.4,17.2,Thunderstorm
16.3,65.0,16.3,261.5,90.1,1005.4,4.3,1.6,3.3,11.5,Cloudy
4.4,89.5,11.5,112.7,73.2,1007.2,2.1,0.9,1.2,8.1,Foggy
28.7,28.9,3.1,347.1,19.3,1021.2,12.4,0.0,6.3,8.5,Sunny
35.3,58.7,4.7,353.0,54.8,1018.2,10.9,1.8,4.8,15.1,Partly Cloudy
15.1,63.7,14.4,20.0,88.0,1014.7,9.3,3.0,3.2,13.9,Cloudy
18.0,51.0,20.3,61.5,83.8,1011.5,9.8,1.8,3.8,12.8,Cloudy
33.6,44.1,11.0,150.4,0.0,1016.7,17.8,0.4,6.1,16.1,Sunny
8.6,73.0,6.8,69.0,88.8,1004.2,1.1,0.6,1.2,9.1,Foggy
22.7,82.9,50.7,25.7,95.7,990.5,0.7,21.3,1.7,10.5,Thunderstorm
17.3,71.3,15.0,227.4,70.2,1003.9,6.3,0.6,1.9,9.6,Cloudy
32.2,16.9,6.8,293.5,12.6,1014.5,19.8,0.0,9.0,6.9,Sunny
10.5,87.0,38.7,313.2,91.7,1012.7,6.6,17.0,4.0,12.1,Rainy
24.9,46.6,18.6,296.7,35.0,1012.7,12.7,2.1,6.0,12.2,Partly Cloudy
19.5,69.2,20.2,353.4,96.5,1004.7,5.4,6.0,2.1,10.5,Rainy
22.2,40.1,6.0,136.2,30.5,1015.6,8.5,1.7,5.1,5.8,Partly Cloudy
13.5,66.4,12.6,318.9,61.1,1013.8,9.5,2.2,2.4,14.1,Cloudy
18.2,97.8,55.1,309.5,91.2,1012.3,4.5,29.1,1.6,17.0,Thunderstorm
23.4,78.6,35.2,16.6,100.0,992.3,4.5,15.3,0.6,16.2,Thunderstorm
16.7,54.4,7.3,316.9,55.3,1003.7,10.4,0.3,4.6,9.9,Partly Cloudy
33.8,30.2,7.9,141.9,1.1,1019.2,16.9,0.0,6.0,17.0,Sunny
14.8,90.1,19.9,123.8,97.0,1004.0,6.1,5.0,2.4,11.7,Rainy
30.5,59.8,19.5,147.4,39.3,1024.7,12.4,0.0,5.1,11.6,Partly Cloudy
13.9,72.6,27.1,227.0,87.5,1010.2,6.6,7.1,1.4,12.9,Rainy
30.2,39.2,3.3,47.2,11.1,1018.2,17.7,0.0,9.5,9.7,Sunny
18.5,67.5,38.5,226.5,97.1,979.9,8.1,23.7,0.2,19.2,Thunderstorm
10.5,65.4,18.0,65.5,66.9,1007.8,4.7,3.4,2.7,16.4,Cloudy
31.0,42.9,1.9,55.1,12.9,1013.8,11.4,0.3,9.5,8.7,Sunny
11.1,88.9,8.5,226.1,58.0,1012.3,0.7,0.7,0.3,8.0,Foggy
15.8,70.4,32.9,196.9,86.7,1003.0,6.5,4.2,3.5,10.8,Rainy
23.8,54.8,13.8,157.4,34.3,1021.2,10.1,1.6,4.4,11.5,Partly Cloudy
10.0,74.0,41.1,163.5,100.0,991.6,6.2,1.9,1.2,10.1,Rainy
10.5,90.8,2.6,82.7,49.5,1009.8,2.4,0.0,1.0,5.5,Foggy
17.5,50.9,25.4,325.7,35.5,1009.3,13.8,0.1,5.8,21.7,Partly Cloudy
31.0,54.2,20.8,247.6,46.3,1011.4,10.6,2.3,6.0,13.0,Partly Cloudy
13.9,84.2,23.7,123.6,100.0,1009.2,5.7,11.5,1.0,6.2,Rainy
8.9,96.3,4.8,260.5,54.6,1016.4,0.0,0.5,1.5,9.3,Foggy
8.5,82.0,37.9,221.1,92.1,1005.1,7.3,11.0,2.5,18.8,Rainy
7.2,81.7,40.5,120.7,97.8,1003.3,6.3,12.6,2.0,12.1,Rainy
25.7,51.8,19.5,331.3,15.0,1021.5,14.9,0.7,5.6,18.6,Sunny
16.9,73.2,37.6,22.8,94.0,1013.3,3.7,8.6,1.2,12.4,Rainy
18.7,83.9,17.5,341.6,100.0,999.5,3.3,3.9,2.5,10.5,Rainy
20.4,89.1,31.5,112.2,93.1,991.0,4.1,24.4,0.6,17.2,Thunderstorm
33.8,28.8,10.8,123.2,19.0,1022.4,15.0,0.0,12.0,19.5,Sunny
14.2,69.9,19.1,26.8,75.5,1020.5,7.8,1.4,4.1,12.9,Cloudy
24.2,41.9,7.4,38.6,14.3,1009.2,18.7,1.2,10.6,-2.4,Sunny
21.6,52.2,4.0,242.3,89.8,1017.4,7.0,2.5,4.7,10.7,Cloudy
30.3,36.4,9.9,16.7,8.7,1012.7,15.5,0.5,6.9,18.4,Sunny
23.8,60.0,16.7,201.0,71.8,999.5,8.0,1.3,2.9,16.2,Cloudy
18.9,75.0,20.8,229.2,69.2,1004.8,6.0,1.6,3.8,17.9,Cloudy
34.6,33.5,8.8,252.9,8.2,1010.7,11.9,0.0,10.5,5.1,Sunny
27.5,43.5,20.1,204.3,44.9,1014.0,9.6,2.4,4.4,12.6,Partly Cloudy
5.4,90.7,4.6,195.7,80.9,1013.0,2.2,0.9,2.3,5.6,Foggy
18.4,37.7,9.0,295.1,42.6,1008.2,13.7,1.5,3.1,18.1,Partly Cloudy
25.4,55.3,22.9,260.6,25.5,1020.6,4.8,0.8,2.6,15.9,Partly Cloudy
17.5,46.0,14.4,327.0,45.9,1010.8,10.9,1.8,4.3,17.9,Partly Cloudy
31.0,29.4,9.6,247.4,26.3,1018.9,16.0,-0.0,9.1,5.2,Sunny
18.8,46.5,22.1,240.1,68.0,1005.1,9.3,1.3,2.6,12.3,Cloudy
7.4,87.0,3.9,224.8,54.4,1019.5,1.2,0.0,1.9,13.5,Foggy
18.4,91.3,34.4,150.3,91.6,997.2,5.1,9.5,0.0,7.8,Thunderstorm
17.6,77.5,45.6,245.7,83.6,1003.1,4.0,15.3,1.5,13.5,Thunderstorm
8.9,70.8,24.3,104.1,84.1,1007.3,4.0,9.0,2.2,8.0,Rainy
28.4,68.4,16.3,104.7,37.2,1017.9,6.1,0.0,3.8,12.1,Partly Cloudy
26.7,47.1,9.8,101.9,30.7,1013.9,6.0,2.1,5.1,13.5,Partly Cloudy
29.7,47.7,2.0,1.1,25.0,1020.7,20.2,0.1,9.3,11.5,Sunny
23.6,86.3,55.1,331.5,98.6,996.8,3.8,9.4,0.9,23.2,Thunderstorm
27.7,52.3,13.2,56.3,25.6,1030.8,11.2,0.9,5.9,17.9,Partly Cloudy
25.7,51.8,16.2,27.8,44.3,1024.3,12.5,0.1,5.9,10.4,Partly Cloudy
16.7,68.8,15.4,174.8,89.7,1018.0,9.3,0.1,3.4,13.6,Cloudy
28.6,85.7,12.4,252.8,89.5,1003.9,5.2,6.3,1.0,19.8,Thunderstorm
16.5,79.5,22.7,154.9,82.1,996.4,9.5,0.8,1.0,7.6,Rainy
28.6,42.8,6.9,192.7,20.5,1015.5,20.9,0.5,8.3,9.3,Sunny
14.1,69.9,15.6,117.4,79.5,1025.4,7.3,0.6,3.1,15.3,Cloudy
29.3,27.8,12.9,70.5,18.1,1012.6,15.0,0.0,7.8,7.6,Sunny
20.2,47.8,11.6,173.7,46.1,1009.8,14.2,1.1,3.8,14.5,Partly Cloudy
27.0,30.6,8.4,280.7,14.3,1017.3,15.4,0.2,5.2,12.0,Sunny
15.3,61.0,17.3,327.6,83.5,1005.8,6.8,3.2,1.4,11.9,Cloudy
35.4,30.5,11.6,117.2,19.1,1009.1,13.0,0.4,6.7,9.3,Sunny
21.6,74.4,17.5,288.8,74.4,1021.2,9.8,1.3,4.4,14.1,Cloudy
8.7,91.9,2.7,9.2,82.8,1009.0,2.2,0.6,2.0,11.6,Foggy
23.5,38.4,7.5,359.5,30.4,1016.0,10.1,1.4,4.5,13.3,Partly Cloudy
25.9,80.8,38.8,113.7,89.6,984.7,1.5,2.6,0.7,21.3,Thunderstorm
9.3,83.1,3.2,292.3,75.7,1011.3,2.3,0.3,1.1,7.9,Foggy
26.5,55.8,9.2,209.9,37.1,1014.4,13.5,2.5,4.3,16.8,Partly Cloudy
25.5,47.1,8.0,231.4,23.4,1012.0,14.5,1.9,7.1,23.9,Partly Cloudy
32.1,35.1,9.6,188.7,9.9,1014.1,15.8,0.8,11.6,12.6,Sunny
25.3,47.3,14.2,63.0,64.6,1013.5,10.1,3.2,4.2,12.2,Partly Cloudy
32.0,55.9,7.6,239.7,41.3,1019.6,14.9,1.2,5.2,11.9,Partly Cloudy
30.8,45.9,5.2,181.8,24.3,1013.8,17.2,0.3,6.1,5.7,Sunny
18.5,55.4,17.3,30.9,86.5,1005.0,10.3,1.1,2.8,16.9,Cloudy
13.8,74.2,22.2,93.5,100.0,1002.5,7.2,2.4,2.7,8.6,Rainy
31.2,39.3,13.1,358.5,18.0,1024.9,11.1,0.0,9.0,15.1,Sunny
14.4,83.2,30.8,144.2,89.6,1009.2,3.0,14.1,1.4,22.4,Thunderstorm
25.7,67.5,18.9,208.1,69.6,995.3,10.1,3.1,1.7,14.5,Cloudy
18.3,87.1,1.4,292.5,100.0,1007.7,4.2,14.7,1.8,12.2,Rainy
23.4,46.4,9.5,30.9,18.1,1019.7,11.1,1.3,3.8,11.8,Partly Cloudy
27.8,93.1,60.6,29.1,96.5,983.8,4.1,18.4,1.7,22.0,Thunderstorm
20.6,72.6,25.8,335.4,79.9,1026.1,7.5,1.7,1.9,10.5,Cloudy
11.1,95.9,2.0,122.9,69.9,1006.2,2.2,0.0,1.5,6.1,Foggy
24.8,51.6,12.0,34.9,36.5,1013.3,15.5,0.0,4.1,6.1,Partly Cloudy
10.4,90.9,4.7,199.0,100.0,1008.6,2.0,0.5,3.7,10.6,Foggy
7.2,98.0,4.7,8.7,61.4,1019.9,1.7,0.9,3.4,13.2,Foggy
31.7,38.2,5.1,105.3,6.2,1025.0,14.9,0.4,9.4,6.5,Sunny
15.4,66.8,18.2,248.7,60.1,1004.1,6.7,0.7,4.3,10.9,Cloudy
23.3,33.0,6.5,282.8,0.0,1011.7,12.3,0.0,5.9,8.7,Sunny
16.2,57.4,13.9,200.1,91.6,1013.2,3.9,0.8,2.4,11.3,Cloudy
29.8,56.6,13.6,60.9,33.3,1021.3,12.1,1.8,3.7,17.4,Partly Cloudy
24.2,53.2,11.6,49.1,40.0,1005.6,13.5,1.2,7.6,17.7,Partly Cloudy
27.0,53.3,8.7,168.6,18.3,1024.6,14.1,0.0,8.6,19.4,Sunny
20.9,78.1,44.8,132.7,84.1,1008.7,4.5,18.8,1.1,20.7,Thunderstorm
18.6,61.9,26.8,339.8,77.1,1013.9,6.1,2.9,2.6,10.6,Cloudy
32.8,24.3,6.4,343.6,12.1,1019.5,13.2,0.0,7.0,14.0,Sunny
12.3,76.3,12.2,262.4,80.3,1010.5,6.4,8.1,3.5,5.2,Rainy
17.2,77.3,13.7,303.6,84.9,1014.4,9.5,1.8,3.9,12.5,Cloudy
23.7,49.0,12.9,111.8,29.8,1017.3,13.2,0.7,4.7,18.7,Partly Cloudy
24.6,91.6,46.1,182.7,100.0,993.1,0.0,21.7,1.2,13.2,Thunderstorm
11.5,88.5,6.4,135.9,77.3,1021.5,1.7,0.8,0.0,5.2,Foggy
18.4,47.2,20.2,328.8,89.8,1004.7,7.5,1.7,1.5,14.1,Cloudy
21.6,84.9,48.4,177.8,89.8,1003.2,3.6,18.1,0.0,22.1,Thunderstorm
25.3,83.0,22.1,41.6,74.9,1010.6,2.2,6.9,2.9,9.4,Rainy
16.8,82.6,34.8,93.2,86.6,999.9,6.6,2.2,3.0,10.7,Rainy
9.5,71.6,18.7,158.4,82.3,1000.1,5.3,7.7,0.6,10.5,Rainy
22.0,83.2,29.4,84.6,95.3,1023.1,1.8,14.6,1.5,18.0,Thunderstorm
4.8,91.6,9.1,97.2,73.0,1008.9,1.2,0.0,2.5,10.8,Foggy
15.2,79.7,17.8,314.2,90.5,1004.8,5.8,2.4,1.4,10.7,Cloudy
19.7,88.6,46.9,92.5,94.1,1008.6,5.6,17.1,1.8,19.1,Thunderstorm
15.8,84.1,27.8,111.5,94.0,998.9,7.3,13.1,1.6,15.5,Rainy
16.6,72.5,15.8,86.8,94.8,1000.5,6.1,8.0,2.5,10.0,Rainy
15.7,63.6,16.1,79.2,68.4,1013.5,10.4,4.1,3.5,13.4,Cloudy
32.9,37.9,5.3,120.0,11.7,1021.9,6.6,-0.0,6.3,18.0,Sunny
19.5,55.1,16.0,342.4,97.4,1004.8,2.3,0.0,1.0,12.1,Cloudy
24.3,86.3,63.4,176.3,100.0,1000.4,3.3,8.9,1.0,20.8,Thunderstorm
19.9,60.1,26.3,188.2,85.0,1020.4,5.9,0.3,1.8,18.4,Cloudy
15.9,81.8,24.2,156.2,98.6,1009.5,3.5,11.2,2.9,17.2,Thunderstorm
7.8,85.4,2.6,318.3,87.7,1008.2,1.6,0.0,0.9,9.4,Foggy
24.0,55.5,17.0,342.6,14.4,1008.1,18.1,0.5,5.7,15.3,Partly Cloudy
17.2,69.4,22.0,213.3,89.9,1011.8,8.0,2.3,1.6,12.4,Cloudy
26.2,57.6,24.5,123.4,70.0,1000.5,13.8,0.0,2.5,13.3,Cloudy
19.0,59.9,24.7,339.3,70.7,1003.3,0.9,0.1,3.4,12.6,Cloudy
25.8,79.8,55.5,51.7,100.0,1003.5,7.8,20.9,1.4,13.9,Thunderstorm
17.2,72.8,30.2,73.3,84.7,1016.1,8.5,8.6,2.0,14.7,Rainy
13.9,70.2,24.7,249.4,94.5,1011.2,8.0,7.4,1.6,10.1,Rainy
20.4,63.6,17.6,51.2,85.7,1007.4,4.6,3.2,4.8,15.9,Cloudy
7.8,94.4,5.6,100.4,64.7,1009.0,0.7,1.2,0.4,8.1,Foggy
29.1,31.0,3.4,234.5,5.9,1021.1,12.2,0.0,2.8,13.3,Sunny
30.5,30.4,10.7,291.8,0.0,1009.5,14.8,0.0,5.4,9.2,Sunny
22.4,45.7,15.1,44.5,39.8,1007.2,8.7,0.9,6.7,11.6,Partly Cloudy
8.8,88.0,6.1,46.9,49.8,1014.9,1.3,0.5,2.4,14.8,Foggy
32.7,92.4,36.6,27.1,94.2,988.1,3.4,13.0,1.1,17.1,Thunderstorm
18.5,70.1,12.5,346.7,60.4,1019.1,8.4,1.9,2.2,16.7,Cloudy
26.6,85.4,58.5,23.3,98.8,1000.5,2.2,10.2,2.1,16.4,Thunderstorm
30.9,30.9,12.2,159.8,15.9,1019.1,12.8,0.0,9.3,5.6,Sunny
17.8,91.5,26.0,117.9,96.8,995.2,8.0,2.7,0.0,8.9,Rainy
12.8,60.9,16.1,87.1,79.4,1003.5,12.6,4.6,4.1,14.5,Cloudy
32.3,20.7,9.2,273.0,27.3,1012.9,14.4,0.0,6.3,18.3,Sunny
22.0,85.8,56.3,228.5,100.0,995.6,6.6,15.5,0.0,19.9,Thunderstorm
19.6,78.7,39.9,157.4,95.2,992.8,5.0,7.0,1.8,20.2,Thunderstorm
27.4,87.8,41.4,30.6,92.7,990.9,4.2,20.6,0.5,11.2,Thunderstorm
30.3,33.3,5.1,53.8,14.5,1021.7,20.1,0.0,4.3,14.6,Sunny
23.5,50.4,19.1,168.3,87.3,1011.6,7.2,3.8,1.7,15.9,Cloudy
19.5,82.1,16.7,26.1,94.9,1005.9,5.0,6.3,2.2,12.1,Rainy
21.6,50.5,23.0,141.7,100.0,1015.7,10.1,3.0,2.2,13.1,Cloudy
25.6,43.0,8.9,284.0,29.7,1022.0,9.7,2.4,2.6,15.2,Partly Cloudy
33.1,40.8,5.3,185.8,0.0,1019.0,13.7,0.1,7.7,10.6,Sunny
20.4,75.6,20.8,232.1,52.1,1005.3,9.8,0.8,2.5,5.7,Cloudy
20.5,80.1,16.7,332.1,99.7,1003.5,4.0,8.0,2.1,11.8,Rainy
6.9,91.7,10.0,192.7,85.7,1024.3,1.1,0.1,2.6,8.3,Foggy
22.1,84.6,50.8,0.8,100.0,997.8,2.7,11.0,1.2,23.3,Thunderstorm
20.2,99.8,63.6,291.8,92.4,994.4,4.5,12.3,1.4,23.0,Thunderstorm
9.7,69.3,7.3,216.5,97.0,999.6,6.3,4.4,0.8,13.6,Rainy
14.7,100.0,1.9,138.2,67.4,1017.5,2.1,1.6,1.0,9.6,Foggy
36.4,42.6,10.7,341.9,11.0,1018.6,11.5,0.3,4.6,12.7,Sunny
11.0,85.3,30.1,220.4,100.0,999.1,5.1,13.0,3.8,8.2,Rainy
21.0,60.3,20.9,20.2,48.7,1021.6,14.7,0.4,7.0,5.3,Partly Cloudy
27.1,80.6,45.2,55.1,96.8,1002.4,2.4,16.3,0.5,22.0,Thunderstorm
20.1,60.8,19.2,174.1,84.1,1010.2,3.7,0.0,3.3,10.5,Cloudy
35.1,30.5,10.4,99.0,2.3,1022.7,11.5,0.7,8.5,12.4,Sunny
15.9,95.3,43.9,146.6,100.0,996.3,4.3,8.4,2.2,21.4,Thunderstorm
19.5,83.7,50.6,225.9,93.0,1012.0,4.1,14.4,1.9,18.7,Thunderstorm
9.9,94.5,7.7,182.5,100.0,1015.4,3.3,0.2,2.1,11.5,Foggy
22.0,42.7,8.9,285.7,81.1,1008.6,8.0,4.0,3.4,14.6,Cloudy
14.3,81.7,27.3,10.1,90.4,999.8,5.8,3.7,2.0,12.3,Rainy
14.6,85.2,3.8,309.2,58.2,1014.7,2.6,0.4,3.5,6.8,Foggy
30.9,51.1,13.3,113.0,63.5,1018.7,8.6,0.8,6.1,14.1,Partly Cloudy
22.5,84.2,36.1,154.4,88.7,989.9,0.6,10.6,2.0,16.4,Thunderstorm
29.9,30.0,8.8,333.6,6.9,1021.7,16.1,0.0,8.0,15.4,Sunny
9.9,91.0,6.0,171.9,76.6,1014.6,0.6,0.1,1.1,7.8,Foggy
26.5,47.7,5.9,268.8,31.0,1012.1,12.0,0.9,4.7,15.4,Partly Cloudy
22.5,51.7,11.3,192.0,20.5,1024.1,11.7,1.9,4.9,16.0,Partly Cloudy
10.4,88.0,37.7,151.4,95.1,1002.4,5.9,14.5,0.3,20.5,Thunderstorm
19.5,58.3,12.1,125.4,29.0,1017.3,10.6,0.0,5.9,19.8,Partly Cloudy
27.6,42.9,20.2,17.7,44.8,1009.1,12.0,1.9,4.5,21.3,Partly Cloudy
23.5,88.0,16.1,84.9,87.5,997.3,3.1,8.0,0.8,20.5,Thunderstorm
12.6,88.3,4.0,196.7,82.0,1012.5,1.9,0.3,2.7,3.6,Foggy
15.9,79.6,70.3,292.6,98.3,1006.7,2.9,8.4,1.4,18.7,Thunderstorm
35.9,31.1,7.9,329.9,6.9,1019.6,17.7,0.0,6.0,9.7,Sunny
21.6,77.6,28.7,62.5,100.0,1010.5,3.4,9.3,0.1,16.7,Thunderstorm
9.2,88.1,32.3,346.9,87.6,1003.7,6.9,9.4,1.8,12.3,Rainy
4.2,90.7,3.7,0.8,47.5,1011.2,1.9,0.9,2.0,8.7,Foggy
27.9,75.7,13.6,22.1,87.8,1012.9,8.7,2.6,3.7,8.3,Cloudy
16.9,79.1,38.3,231.7,82.9,1006.4,5.3,6.0,0.7,14.7,Rainy
26.0,75.4,31.3,319.0,98.2,1002.5,2.5,7.1,2.5,7.2,Rainy
9.6,93.9,5.4,173.5,100.0,1004.8,3.0,1.2,3.1,10.5,Foggy
28.0,55.1,22.8,128.9,42.2,1011.3,12.0,0.5,7.2,16.7,Partly Cloudy
25.7,23.5,15.0,335.5,3.1,1020.6,14.6,0.0,9.0,14.4,Sunny
36.3,38.0,13.0,310.0,12.1,1015.7,16.0,0.0,6.8,19.2,Sunny
30.8,29.3,6.0,306.4,8.7,1014.9,12.1,0.1,6.9,3.9,Sunny
14.8,75.5,53.4,269.7,87.4,998.6,3.8,15.0,0.9,15.5,Thunderstorm
19.8,35.4,21.6,48.1,43.4,1020.3,13.5,0.4,3.4,8.1,Partly Cloudy
21.3,57.4,25.2,82.5,46.3,1018.7,14.8,0.2,6.2,9.4,Partly Cloudy
24.7,42.8,5.1,261.3,12.2,1020.4,16.1,0.2,8.1,7.3,Sunny
21.0,86.9,35.1,230.3,89.8,995.7,5.7,10.3,2.8,11.3,Rainy
24.1,52.7,12.1,14.4,39.2,1025.4,19.3,0.2,6.8,13.6,Partly Cloudy
14.8,91.8,6.1,150.6,70.3,1013.0,0.8,0.1,2.6,4.9,Foggy
18.0,80.2,15.0,213.1,64.1,1013.7,14.0,3.0,1.4,9.6,Cloudy
18.6,77.2,26.2,322.8,96.3,989.3,2.6,21.2,1.9,20.3,Thunderstorm
14.5,59.7,16.6,346.7,87.4,1003.6,8.7,2.3,3.0,13.5,Cloudy
15.9,93.8,4.6,328.3,44.5,1012.5,0.1,0.6,1.9,7.3,Foggy
25.8,59.2,10.8,178.6,56.5,1019.6,14.8,2.3,1.6,14.8,Partly Cloudy
17.6,90.5,13.6,292.8,86.4,999.5,7.2,5.4,1.4,14.4,Rainy
19.2,68.1,8.1,119.1,32.4,1006.7,12.0,1.7,6.4,12.1,Partly Cloudy
20.6,75.6,51.7,4.5,96.8,997.1,5.6,18.0,1.2,10.6,Thunderstorm
5.4,88.7,3.8,230.2,52.1,1012.5,2.2,0.1,3.0,8.1,Foggy
12.6,86.4,16.1,231.9,84.1,1005.8,7.8,12.5,0.7,14.4,Rainy
14.5,60.5,22.1,32.8,73.4,1011.6,6.2,1.3,3.9,15.2,Cloudy
25.3,39.0,12.5,75.8,70.3,1016.9,11.8,0.6,4.7,19.0,Partly Cloudy
21.9,52.0,9.8,17.5,51.0,1012.8,13.5,2.5,3.6,17.4,Partly Cloudy
11.9,80.0,20.0,276.4,88.0,998.3,5.7,6.3,1.0,13.4,Rainy
15.5,87.5,22.3,188.7,100.0,1011.6,6.9,10.1,2.6,10.6,Rainy
33.8,24.5,1.4,43.1,16.8,1012.7,13.6,0.0,6.3,5.8,Sunny
13.4,89.0,6.8,204.5,61.3,1010.1,1.1,0.4,1.4,10.2,Foggy
9.0,80.2,13.8,216.6,87.0,1005.7,8.0,7.8,2.7,13.2,Rainy
10.1,91.6,3.6,197.2,48.9,1013.3,1.0,0.7,3.0,10.9,Foggy
12.2,84.5,3.0,330.3,74.5,1018.1,2.8,1.3,1.1,11.7,Foggy
25.8,61.8,13.8,340.0,15.7,1009.9,16.2,1.5,5.9,17.7,Partly Cloudy
19.8,78.1,22.2,340.4,70.9,997.3,7.8,14.9,1.1,12.5,Rainy
27.2,77.2,41.9,170.7,91.8,992.8,6.3,30.0,0.9,19.3,Thunderstorm
17.0,92.5,4.9,66.5,66.2,1007.3,1.3,0.2,2.3,6.5,Foggy
23.0,87.6,62.3,247.6,88.3,1011.3,4.2,17.6,2.0,16.3,Thunderstorm
16.6,79.8,76.1,206.3,94.7,1000.3,2.3,11.8,1.5,13.4,Thunderstorm
5.8,98.9,4.4,212.1,69.0,1010.6,1.6,0.0,3.1,9.8,Foggy
24.1,42.6,4.3,266.4,9.0,1026.5,19.4,0.0,7.2,10.6,Sunny
4.5,96.1,6.3,9.5,78.1,1012.6,1.7,0.3,0.7,7.6,Foggy
19.8,91.7,50.3,213.9,89.5,994.5,1.8,18.8,2.5,16.8,Thunderstorm
23.8,57.5,23.0,342.7,70.6,999.1,9.7,0.0,2.8,12.9,Cloudy
12.9,66.7,17.3,60.6,92.7,1011.9,5.9,0.5,2.3,12.9,Cloudy
14.6,90.8,20.4,150.8,83.6,995.1,3.5,7.8,1.5,9.1,Rainy
23.4,56.8,10.4,221.4,49.7,1018.4,13.0,1.1,4.4,16.0,Partly Cloudy
14.8,93.7,4.0,76.7,71.4,1011.8,1.7,0.7,1.7,10.4,Foggy
31.2,51.9,18.8,237.6,12.1,1018.6,14.4,0.7,6.9,15.2,Partly Cloudy
4.2,68.8,12.1,65.8,73.8,1008.6,6.9,0.7,2.2,15.1,Cloudy
14.6,52.9,11.6,303.9,57.4,1015.3,5.2,3.9,3.4,12.4,Cloudy
18.1,80.3,32.5,12.7,85.9,1002.0,3.0,4.0,3.1,6.1,Rainy
18.9,81.8,23.6,121.2,92.5,1002.1,2.6,15.9,1.0,15.9,Thunderstorm
22.0,77.8,9.3,330.9,65.0,1008.9,4.9,1.2,3.4,13.1,Cloudy
33.8,32.0,9.1,308.0,0.0,1015.5,12.1,0.2,9.3,1.4,Sunny
10.4,97.7,4.8,338.5,60.3,1017.8,3.3,0.8,0.0,9.5,Foggy
12.4,79.7,54.7,210.2,91.0,1004.8,0.1,17.0,1.4,21.4,Thunderstorm
17.4,91.1,39.0,190.7,89.4,999.3,2.2,16.3,1.8,11.4,Thunderstorm
28.9,31.0,4.9,245.8,10.2,1014.6,17.2,0.0,9.5,16.6,Sunny
7.6,75.7,12.4,347.5,86.6,1012.3,3.4,8.9,1.8,13.2,Rainy
25.1,66.6,17.7,341.9,50.6,1011.0,16.1,2.0,6.0,13.6,Partly Cloudy
16.1,75.9,33.8,196.3,79.7,996.9,7.7,10.2,1.7,16.1,Rainy
19.6,55.1,25.3,202.1,63.7,1016.3,10.0,4.7,4.7,11.4,Cloudy
4.1,92.6,4.6,307.9,84.3,1015.0,2.5,0.5,1.3,8.9,Foggy
19.6,96.0,26.3,145.7,95.4,996.0,3.5,14.6,1.1,15.7,Thunderstorm
13.0,95.7,1.7,145.8,77.5,1013.4,0.8,0.1,2.9,14.6,Foggy
25.0,34.5,9.6,195.0,0.0,1013.9,12.8,0.0,7.7,16.7,Sunny
26.0,93.6,36.0,15.3,93.2,995.6,3.1,25.0,1.3,19.1,Thunderstorm
5.2,99.8,6.1,34.3,51.2,1007.3,2.3,0.2,0.8,9.1,Foggy
25.4,88.3,32.8,233.5,88.3,1006.6,7.8,9.5,0.6,11.1,Rainy
20.7,94.8,46.5,95.9,94.0,994.3,5.9,13.1,0.8,20.9,Thunderstorm
17.9,85.2,20.3,353.0,85.5,1012.6,8.3,10.5,1.7,13.7,Rainy
21.6,29.9,9.0,63.9,36.8,1019.2,15.1,0.0,6.5,16.9,Partly Cloudy
15.5,77.4,64.8,337.8,93.5,991.2,3.8,0.7,2.1,21.3,Thunderstorm
23.5,48.1,19.9,186.8,42.9,1012.4,7.8,0.9,6.6,23.1,Partly Cloudy
16.8,54.6,15.2,29.6,34.5,1006.3,6.3,0.5,5.1,11.7,Partly Cloudy
15.7,74.2,25.4,26.4,81.5,1011.2,7.6,0.9,3.9,16.6,Cloudy
9.8,80.1,3.4,90.7,62.0,1010.1,1.7,0.1,0.4,8.9,Foggy
12.5,89.8,6.2,144.4,80.7,1004.1,2.4,0.3,2.5,7.5,Foggy
14.7,62.6,13.7,40.7,87.7,1015.1,8.2,1.7,3.4,13.0,Cloudy
10.6,78.2,31.5,193.3,89.3,1011.8,9.1,6.7,2.4,13.7,Rainy
19.1,48.2,13.3,79.8,16.4,1026.1,12.7,0.7,5.6,10.7,Partly Cloudy
21.7,39.7,8.8,292.0,12.7,1016.2,15.2,0.1,9.5,5.9,Sunny
23.4,96.7,36.7,280.9,97.2,1010.3,3.1,19.2,1.1,17.4,Thunderstorm
15.1,92.3,26.5,92.8,93.4,1016.1,6.9,7.7,4.1,11.7,Rainy
25.8,78.6,36.2,323.9,95.6,1000.5,1.0,12.7,1.0,14.1,Thunderstorm
19.3,80.9,17.9,210.0,83.0,1006.9,6.2,7.4,1.0,13.3,Rainy
28.9,38.5,6.3,259.4,17.4,1020.1,7.3,0.5,4.2,16.8,Sunny
24.2,59.0,13.3,356.4,10.3,1019.2,14.7,0.0,7.7,13.2,Sunny
15.5,73.5,11.5,341.5,90.9,995.7,7.2,13.9,1.2,14.1,Rainy
28.2,30.2,7.9,243.5,11.2,1011.0,17.3,0.0,9.2,12.5,Sunny
16.2,98.3,34.9,123.8,86.0,999.8,3.9,2.3,1.7,14.7,Rainy
16.0,79.5,27.2,114.1,82.3,1003.6,6.1,2.4,2.3,12.7,Rainy
35.9,56.2,5.6,141.0,21.8,1013.9,15.3,0.7,6.6,5.8,Sunny
19.1,58.1,16.0,262.6,77.9,1011.0,10.0,2.8,3.9,13.7,Cloudy
20.1,76.3,27.7,302.5,81.9,1008.7,8.7,1.4,2.4,12.4,Cloudy
22.2,73.7,26.4,292.4,91.9,1010.2,5.3,8.6,2.9,9.6,Rainy
18.7,81.3,14.6,160.2,99.0,1011.7,6.0,6.0,2.1,15.7,Thunderstorm
18.7,83.7,22.1,24.7,86.0,1002.5,5.4,5.4,3.4,14.7,Rainy
22.5,48.4,6.8,19.2,39.5,1011.9,11.2,1.1,9.1,11.3,Partly Cloudy
18.4,99.4,34.7,199.8,85.2,1008.0,4.8,17.3,2.0,14.9,Rainy
13.4,85.5,20.6,108.8,100.0,1009.1,6.3,13.0,1.3,15.0,Rainy
12.6,77.5,16.8,227.1,100.0,1008.1,6.1,7.5,1.9,12.1,Rainy
10.0,100.0,6.0,90.4,75.7,1016.7,3.6,0.4,3.1,9.3,Foggy
8.2,100.0,3.3,122.4,78.6,1022.0,1.8,0.0,2.0,7.7,Foggy
13.5,89.3,8.4,58.9,44.8,1006.1,0.7,0.7,2.7,11.4,Foggy
35.6,37.6,16.8,324.2,16.9,1024.2,17.0,0.0,7.7,3.6,Sunny
14.0,86.9,25.4,310.4,99.8,1005.8,10.2,6.1,3.2,13.4,Rainy
15.7,63.8,10.7,262.0,55.1,999.1,7.4,1.3,2.8,13.9,Cloudy
21.1,65.7,24.6,302.7,78.5,1004.4,15.4,0.0,2.3,11.5,Cloudy
18.6,74.9,18.8,237.8,88.9,1003.8,4.8,8.1,1.6,14.9,Rainy
39.1,49.9,6.6,241.7,0.0,1022.4,16.2,0.0,6.5,15.4,Sunny
31.5,27.8,11.2,239.3,26.4,1014.9,17.5,0.0,11.1,3.9,Sunny
13.6,80.2,24.1,265.6,90.0,998.3,6.3,8.6,3.3,10.6,Rainy
19.3,85.6,30.2,105.6,93.3,1009.7,7.0,11.3,1.1,12.6,Rainy
6.7,97.6,16.1,201.4,95.1,1007.7,1.7,0.8,1.3,10.7,Foggy
10.6,94.2,5.6,101.7,79.3,1006.5,4.0,0.1,0.0,10.2,Foggy
21.7,60.4,12.4,242.7,73.7,1009.1,10.8,3.0,2.4,11.1,Cloudy
21.4,38.4,17.5,133.3,14.7,1027.6,11.6,0.0,6.8,14.2,Sunny
31.4,53.5,15.1,147.1,55.7,1007.2,15.4,0.7,5.1,16.1,Partly Cloudy
18.4,75.0,11.4,273.8,70.7,1006.0,5.2,3.2,2.5,15.6,Cloudy
11.8,63.4,25.0,81.6,96.7,1009.8,3.4,6.1,1.8,20.6,Rainy
18.9,64.2,22.0,173.4,67.4,1020.7,8.2,1.4,3.5,11.7,Cloudy
25.9,51.8,18.1,124.4,45.6,1017.3,11.5,1.1,6.3,17.8,Partly Cloudy
13.6,91.3,20.9,328.3,100.0,987.6,5.2,7.4,1.2,13.0,Rainy
10.1,93.5,7.4,177.4,73.7,1020.6,0.6,1.1,2.8,12.6,Foggy
34.1,16.4,6.6,121.8,19.4,1021.5,11.1,0.0,11.0,11.9,Sunny
10.3,88.7,3.4,165.5,49.0,1012.1,3.5,0.0,1.8,4.1,Foggy
19.0,62.9,20.8,207.0,72.0,997.9,8.5,3.7,2.6,13.5,Cloudy
29.8,49.3,10.3,255.9,2.6,1011.6,20.7,0.0,6.4,16.0,Sunny
16.3,70.9,27.5,251.8,86.8,1014.7,7.6,1.0,2.6,12.4,Cloudy
9.6,93.2,5.1,187.8,59.6,1012.6,1.3,0.5,2.3,9.5,Foggy
15.7,82.4,28.3,301.6,86.6,999.3,8.4,7.0,1.7,13.7,Rainy
23.3,69.9,13.1,298.6,72.7,999.8,7.3,2.3,2.4,10.8,Cloudy
35.5,39.7,12.1,47.8,16.2,1016.3,7.5,0.2,12.3,10.5,Sunny
16.8,66.9,30.4,246.4,100.0,1009.9,5.0,9.1,2.0,11.8,Rainy
20.7,74.0,50.1,265.5,93.7,1000.6,2.1,1.2,1.2,12.3,Thunderstorm
8.3,90.6,7.2,79.3,97.3,1016.3,1.3,0.5,3.5,11.8,Foggy
25.4,32.7,17.2,271.7,3.2,1017.8,10.8,0.4,6.9,13.6,Sunny
29.9,62.8,12.7,340.2,43.5,1025.2,14.1,2.9,7.8,12.0,Partly Cloudy
19.1,44.1,14.9,110.6,19.8,1010.0,11.8,3.0,2.9,11.9,Partly Cloudy
27.7,58.4,25.7,252.0,45.0,1027.8,11.6,0.5,6.3,13.0,Partly Cloudy
22.1,83.6,28.1,195.4,98.1,1011.9,7.1,13.3,1.6,18.8,Thunderstorm
24.6,37.1,14.4,168.6,27.2,1013.8,10.4,2.0,5.2,20.6,Partly Cloudy
27.3,34.7,15.9,134.3,12.3,1016.8,15.1,0.5,7.9,15.3,Sunny
28.3,31.3,1.7,158.7,6.3,1012.4,14.6,0.2,7.4,13.9,Sunny
7.1,86.0,5.3,94.9,71.1,1008.6,2.5,0.5,2.7,11.7,Foggy
9.5,100.0,4.2,16.2,60.6,1005.4,1.2,1.1,0.1,11.0,Foggy
24.0,41.8,14.7,300.9,64.9,1012.6,5.3,3.1,2.9,15.7,Cloudy
8.1,100.0,6.5,344.8,83.4,1019.9,1.3,0.8,1.0,8.3,Foggy
24.9,42.8,16.1,254.7,50.3,1021.9,15.7,0.4,6.9,21.0,Partly Cloudy
13.3,78.9,54.9,119.0,93.5,993.9,4.1,11.1,1.6,18.3,Thunderstorm
21.9,63.4,23.4,301.9,47.1,1006.7,11.8,2.5,4.8,14.5,Partly Cloudy
34.8,38.2,8.8,81.6,18.8,1016.3,16.9,0.0,6.6,12.4,Sunny
20.5,58.5,18.8,204.5,63.7,1012.4,9.6,2.0,3.5,15.3,Cloudy
15.7,66.6,18.9,194.4,67.6,1010.7,10.2,0.0,2.6,12.2,Cloudy
20.9,46.8,13.5,141.6,48.5,1009.5,11.7,0.2,6.0,7.7,Partly Cloudy
30.2,30.7,9.4,284.8,2.2,1017.0,17.8,0.7,7.7,20.1,Sunny
13.3,80.2,35.0,53.4,87.0,994.1,4.6,19.6,1.0,24.0,Thunderstorm
28.1,45.1,4.3,14.9,13.4,1030.2,12.3,0.7,7.9,8.7,Sunny
26.1,42.4,15.0,47.5,54.0,1002.4,7.4,0.9,6.3,14.5,Partly Cloudy
25.3,88.0,59.2,165.2,100.0,978.8,2.3,5.6,2.9,17.5,Thunderstorm
17.3,81.3,30.5,258.1,89.6,1012.4,3.5,3.0,0.3,19.8,Thunderstorm
11.2,90.1,4.8,261.3,52.4,1017.9,2.1,0.0,4.0,15.4,Foggy
21.2,75.5,57.1,167.0,89.2,994.8,0.0,19.5,0.4,20.7,Thunderstorm
12.8,96.5,0.0,327.3,66.5,1004.5,2.0,0.2,2.0,7.1,Foggy
16.5,68.2,21.1,303.7,90.1,1008.6,3.0,9.9,0.3,16.6,Rainy
13.6,67.1,24.6,28.3,95.1,999.0,6.2,12.0,0.8,7.4,Rainy
18.2,54.5,22.7,52.5,72.4,1015.7,9.3,0.1,3.0,17.9,Cloudy
15.6,85.0,28.3,198.4,92.0,1005.9,8.2,3.3,4.1,12.5,Rainy
20.4,56.9,19.0,231.6,27.7,1012.6,15.0,1.6,4.3,13.0,Partly Cloudy
14.1,66.0,31.5,301.9,98.6,991.0,6.4,0.0,2.5,12.7,Rainy
23.6,31.6,16.4,146.0,8.7,1017.1,16.5,0.2,4.5,14.1,Sunny
1.8,100.0,3.8,253.2,65.4,1018.6,2.3,0.9,1.3,7.1,Foggy
23.6,69.9,17.0,262.1,39.7,1019.5,10.1,0.0,5.4,12.5,Partly Cloudy
10.4,96.9,4.9,75.9,58.7,1020.5,1.6,1.1,2.7,13.3,Foggy
5.5,78.5,22.3,239.2,83.4,1011.4,5.1,0.0,4.3,11.2,Cloudy
25.3,31.2,11.4,73.3,10.0,1009.5,13.9,0.0,9.6,11.5,Sunny
10.1,92.7,1.1,191.2,88.2,1013.7,1.0,0.1,2.7,11.7,Foggy
12.9,90.1,8.8,233.6,81.0,1008.8,1.8,0.2,2.9,10.0,Foggy
22.3,53.2,21.4,219.4,67.3,1009.2,4.0,1.1,4.4,10.0,Cloudy
35.3,18.7,5.1,117.3,5.9,1024.9,17.6,0.0,7.2,13.1,Sunny
28.4,43.2,12.9,279.7,0.0,1017.7,15.6,0.4,9.1,5.0,Sunny
16.7,43.3,22.2,259.5,73.5,1008.7,6.0,1.4,2.3,19.2,Cloudy
6.3,97.9,3.5,279.7,76.6,1017.2,1.0,0.3,2.1,7.1,Foggy
7.5,93.2,7.4,337.2,73.0,1007.2,1.0,0.1,1.5,13.3,Foggy
20.3,94.7,43.5,203.3,95.2,1006.0,3.1,12.6,2.3,8.1,Thunderstorm
10.9,91.0,8.1,39.4,86.1,1016.7,1.6,0.9,3.6,7.2,Foggy
19.1,54.5,24.2,343.1,70.9,1013.0,5.7,2.0,3.1,14.7,Cloudy
22.9,75.9,53.2,45.2,86.6,1003.4,2.8,26.8,0.8,9.4,Thunderstorm
24.9,45.9,14.0,61.0,58.7,1012.3,10.6,0.0,4.7,15.6,Partly Cloudy
16.2,66.9,9.5,63.8,86.4,1002.4,6.5,2.8,3.7,13.1,Cloudy
23.9,90.6,53.2,116.2,86.4,997.1,3.9,18.6,1.0,17.3,Thunderstorm
18.7,77.7,18.2,3.3,90.4,999.5,9.2,6.2,0.2,11.5,Rainy
22.3,44.9,17.4,272.3,29.9,1015.0,13.6,0.0,6.4,17.7,Partly Cloudy
17.9,39.5,16.6,345.1,38.2,1012.4,15.3,1.3,3.4,10.1,Partly Cloudy
25.5,49.3,17.2,132.8,80.5,999.5,9.8,1.7,3.1,20.1,Cloudy
27.9,48.6,12.8,200.8,34.1,1021.5,6.9,2.3,4.5,21.4,Partly Cloudy
8.0,92.4,21.5,349.7,100.0,1012.0,6.1,10.8,2.5,11.3,Rainy
11.7,92.2,7.3,185.2,75.5,1016.1,0.9,0.2,1.0,17.1,Foggy
11.9,93.4,3.8,7.8,49.4,1002.9,1.9,0.1,2.2,4.0,Foggy
23.7,81.7,31.6,187.1,70.2,1012.6,7.9,2.2,3.6,17.7,Cloudy
23.5,48.5,11.6,262.9,44.4,1017.0,12.0,1.4,5.6,10.3,Partly Cloudy
26.7,36.2,13.6,120.8,0.0,1022.5,15.1,0.0,5.6,9.8,Sunny
18.9,83.8,33.3,355.6,86.6,1011.5,7.5,7.5,0.2,10.4,Rainy
28.1,60.9,14.9,46.1,50.6,1014.1,10.7,1.1,3.7,13.9,Partly Cloudy
20.5,78.3,50.7,301.8,98.0,996.7,8.8,1.2,0.9,20.7,Thunderstorm
22.8,54.6,14.3,51.1,40.7,999.0,11.5,1.0,5.9,15.4,Partly Cloudy
22.1,78.6,35.9,7.4,93.0,989.9,3.2,24.3,0.9,20.4,Thunderstorm
19.4,86.7,23.0,35.1,74.7,1019.3,8.0,8.3,2.8,11.8,Rainy
19.1,74.0,17.4,53.4,89.1,984.7,6.3,13.0,2.8,9.4,Rainy
27.8,44.7,13.0,170.6,44.6,1014.4,10.9,0.1,6.2,14.1,Partly Cloudy
6.9,100.0,4.5,221.4,88.3,1010.2,1.5,0.3,2.8,13.0,Foggy
29.6,53.2,14.9,105.7,0.0,1016.5,19.1,0.1,7.0,15.8,Sunny
13.7,76.3,12.4,56.0,86.0,1018.6,7.5,8.4,0.1,12.9,Rainy
21.2,67.5,7.8,35.7,38.5,1021.6,13.0,0.5,2.6,17.5,Partly Cloudy
15.5,92.9,19.2,121.5,100.0,1004.3,5.8,6.9,1.2,12.3,Rainy
17.1,38.5,13.1,330.2,11.1,1014.3,11.9,0.0,3.6,12.2,Sunny
14.2,100.0,3.1,258.9,57.3,1013.6,3.1,0.0,2.1,7.8,Foggy
7.4,100.0,2.5,63.5,62.1,1000.3,2.3,0.0,2.0,5.4,Foggy
4.6,94.9,0.4,351.3,34.2,1020.1,2.4,0.5,1.6,10.2,Foggy
32.4,30.6,16.0,137.2,0.4,1023.7,20.0,0.0,10.5,11.0,Sunny
19.1,83.7,26.9,27.7,100.0,1005.6,4.7,3.7,3.4,10.9,Rainy
16.0,32.1,12.7,53.6,0.0,1022.4,14.6,0.0,6.3,16.6,Sunny
19.5,59.6,11.6,174.3,55.3,1010.6,9.6,0.4,4.5,17.3,Partly Cloudy
16.5,63.9,2.7,259.4,76.3,1010.2,9.9,3.0,2.6,16.3,Cloudy
23.6,91.1,32.1,138.0,100.0,1014.9,10.4,10.3,2.5,9.3,Rainy
20.4,58.7,14.9,135.8,36.9,1012.3,16.0,1.0,6.9,13.5,Partly Cloudy
23.3,60.7,15.9,126.9,76.3,1006.6,6.7,0.3,3.8,8.8,Cloudy
33.4,56.5,9.8,44.2,10.2,1019.1,9.9,0.7,8.3,13.2,Sunny
19.6,58.6,20.0,139.1,87.2,1003.8,15.2,1.8,3.1,14.1,Cloudy
11.2,98.8,9.1,181.9,68.1,1016.5,2.4,1.3,3.1,10.9,Foggy
33.6,91.4,26.0,307.9,88.5,992.0,5.5,11.1,2.9,16.8,Thunderstorm
16.9,81.5,29.2,157.5,87.0,993.8,7.9,18.9,2.4,15.6,Thunderstorm
17.8,79.1,58.5,125.2,96.8,1011.9,4.4,12.7,0.9,12.1,Thunderstorm
28.4,57.2,9.8,336.2,40.9,1014.6,12.3,1.1,4.0,10.0,Partly Cloudy
14.0,62.9,15.4,346.2,69.4,1004.8,7.4,2.8,4.2,9.0,Cloudy
14.7,49.8,21.8,216.0,76.1,1007.7,11.0,3.5,2.4,11.8,Cloudy
16.2,75.5,29.4,275.0,89.6,1008.3,4.1,6.8,2.0,23.8,Thunderstorm
10.9,74.2,32.3,170.0,96.9,1006.2,6.6,12.7,1.5,11.9,Rainy
28.3,43.2,14.9,227.7,38.4,1018.1,13.3,0.5,6.3,14.1,Partly Cloudy
22.5,81.8,24.5,357.3,99.8,990.4,2.6,0.8,1.4,17.6,Thunderstorm
33.9,25.1,8.5,317.8,0.0,1020.2,13.2,0.0,9.4,13.0,Sunny
17.9,70.3,19.5,262.2,49.7,1010.6,11.0,2.5,2.2,13.1,Cloudy
10.5,77.5,18.6,59.0,96.7,1017.4,7.8,4.6,1.7,11.0,Rainy
15.9,66.1,26.0,96.5,44.7,1006.0,6.6,3.4,2.0,18.8,Cloudy
13.9,69.9,19.2,248.4,78.9,1016.2,8.1,3.2,3.4,13.6,Cloudy
22.1,79.7,47.2,60.1,100.0,1004.3,3.8,23.8,2.2,17.8,Thunderstorm
15.2,74.5,28.7,280.2,94.2,1012.8,5.7,10.8,0.6,9.4,Rainy
26.4,42.1,10.8,197.3,3.5,1025.9,19.3,0.0,8.3,12.3,Sunny
26.0,76.8,55.6,103.7,91.5,998.2,3.5,11.7,2.0,19.4,Thunderstorm
16.8,80.0,13.2,147.7,94.5,1001.8,7.0,8.1,3.8,19.8,Rainy
8.6,87.5,2.9,249.5,75.4,1009.1,1.0,0.0,2.4,6.2,Foggy
9.6,93.9,2.5,200.8,97.1,1013.4,0.8,0.0,1.9,11.0,Foggy
9.4,89.5,4.8,192.4,54.4,1018.8,0.8,0.8,1.1,5.6,Foggy
26.2,35.9,11.8,84.8,29.2,1017.0,18.5,0.1,6.1,12.7,Partly Cloudy
8.6,93.2,1.8,356.9,73.8,1016.3,4.0,0.0,1.8,3.6,Foggy
28.0,84.8,38.7,218.5,96.1,985.7,6.9,11.9,1.4,10.2,Thunderstorm
8.1,99.0,5.0,96.1,39.1,1017.8,1.1,0.6,2.4,9.6,Foggy
23.8,49.0,20.8,322.6,84.0,1005.5,12.7,5.7,2.6,12.9,Cloudy
16.5,59.7,14.9,111.7,80.4,1004.8,6.2,1.0,3.5,13.2,Cloudy
21.5,65.5,11.0,59.3,82.3,1001.2,4.3,0.1,2.6,8.0,Cloudy
17.9,86.1,56.8,234.9,94.4,982.4,5.7,23.7,1.8,10.4,Thunderstorm
32.5,38.4,14.6,69.5,21.8,1024.7,12.4,0.0,10.3,10.6,Sunny
7.1,88.6,7.4,330.4,36.8,1016.3,1.9,0.1,1.6,8.4,Foggy
29.7,37.4,7.9,80.3,7.9,1013.3,11.1,0.0,8.6,9.4,Sunny
34.4,50.1,12.3,309.3,21.0,1011.9,16.9,0.5,8.0,15.3,Sunny
9.8,98.4,6.5,261.6,52.9,1004.3,1.8,0.0,2.4,9.5,Foggy
32.8,46.1,8.8,252.2,9.4,1020.3,15.4,0.4,4.2,11.0,Sunny
21.6,66.6,23.2,276.9,81.5,1004.7,6.0,1.0,2.6,17.7,Cloudy
6.5,87.6,4.3,8.1,63.5,1015.4,0.7,0.5,1.8,9.1,Foggy
25.9,28.9,12.9,329.3,2.3,1018.6,14.4,0.7,8.0,16.0,Sunny
27.4,69.2,17.2,30.1,40.4,1018.9,8.8,1.5,4.1,12.6,Partly Cloudy
25.9,38.0,9.1,264.0,11.8,1012.9,12.4,0.1,10.6,11.8,Sunny
16.7,69.4,42.3,205.8,89.0,997.3,6.8,8.6,1.8,16.6,Rainy
8.4,94.4,7.8,208.7,73.9,1008.1,2.0,0.4,1.6,10.0,Foggy
22.0,73.9,49.9,75.2,100.0,1011.1,2.3,32.9,1.8,21.7,Thunderstorm
14.8,78.9,31.1,330.6,100.0,1017.5,8.3,4.4,2.6,9.5,Rainy
19.2,84.5,27.0,257.1,90.8,1010.6,5.5,6.8,2.0,15.6,Rainy
9.9,97.1,7.0,204.8,83.8,1011.3,1.7,0.0,1.6,10.1,Foggy
28.9,87.5,34.0,347.0,88.4,1004.3,4.9,15.1,0.0,20.0,Thunderstorm
16.8,77.3,16.4,298.8,89.1,1009.3,4.9,4.6,2.2,9.2,Cloudy
30.1,84.7,15.1,340.0,91.3,993.3,7.6,16.2,2.6,19.0,Thunderstorm
7.2,99.1,5.1,96.0,46.5,1019.6,1.2,0.0,3.0,5.5,Foggy
35.0,66.9,10.8,260.9,0.0,1017.1,17.6,0.4,9.3,10.0,Sunny
17.8,70.2,18.8,305.3,83.0,1004.2,6.4,5.5,0.6,11.9,Rainy
25.3,41.0,20.3,246.4,23.9,1013.5,9.2,0.0,7.9,12.2,Partly Cloudy
12.6,80.5,32.9,110.5,84.2,1018.4,5.6,9.0,2.2,9.7,Rainy
12.2,96.8,4.3,23.8,77.5,1012.3,2.1,0.0,0.6,10.4,Foggy
21.8,71.0,11.8,348.7,53.1,1018.3,13.0,1.0,7.2,1.2,Partly Cloudy
36.2,19.8,10.0,293.6,0.0,1023.4,15.0,0.0,8.7,11.0,Sunny
19.1,88.1,39.7,38.0,99.4,991.1,2.9,19.6,1.5,22.1,Thunderstorm
14.1,84.2,49.3,277.6,100.0,996.4,5.6,14.8,1.0,21.2,Thunderstorm
22.9,42.2,13.3,131.1,37.0,1020.1,12.8,0.0,5.4,14.6,Partly Cloudy
7.8,89.7,6.8,14.3,76.7,1011.6,1.9,1.0,0.6,5.2,Foggy
29.4,47.6,16.3,235.9,35.9,1018.2,11.3,0.5,3.6,19.9,Partly Cloudy
20.0,63.2,14.6,102.7,45.6,1019.0,13.0,0.1,5.6,10.2,Partly Cloudy
26.1,54.0,20.0,262.7,45.3,1024.4,19.9,0.8,3.6,3.7,Partly Cloudy
32.7,36.2,18.6,278.0,29.6,1015.1,15.2,3.0,4.4,8.8,Partly Cloudy
15.0,95.1,5.8,248.0,84.2,1012.7,2.0,0.1,1.1,8.9,Foggy
20.7,48.7,6.2,344.7,51.9,1013.5,8.5,1.5,4.8,12.9,Partly Cloudy
19.1,75.8,21.1,328.1,70.7,1009.8,8.1,2.6,3.9,16.2,Cloudy
12.0,100.0,4.0,234.6,68.5,1013.0,3.5,-0.0,2.8,6.3,Foggy
22.6,67.1,12.1,94.0,65.3,999.3,4.8,2.1,4.5,12.7,Cloudy
15.9,69.7,22.5,144.9,86.2,1002.5,7.1,6.5,2.4,9.6,Rainy
25.7,59.2,11.8,15.3,55.3,1013.7,11.6,2.1,5.7,10.5,Partly Cloudy
13.9,80.5,26.4,71.0,88.4,984.0,7.5,12.7,4.0,12.5,Rainy
15.3,71.6,13.2,41.2,78.9,1000.1,11.7,2.8,4.2,12.2,Cloudy
27.5,60.1,16.2,238.5,71.2,1000.4,5.2,1.4,4.5,12.8,Cloudy
29.6,44.5,11.5,66.6,16.6,1013.8,13.8,1.0,9.2,8.7,Sunny
25.7,97.0,21.3,306.2,94.0,984.7,3.4,16.3,0.6,18.2,Thunderstorm
10.1,94.3,8.0,237.9,74.3,1015.4,0.4,0.5,3.0,11.5,Foggy
42.1,36.2,9.8,354.7,11.7,1012.0,9.8,1.1,8.2,12.7,Sunny
19.2,70.2,23.9,15.2,85.8,1000.1,5.5,11.9,1.5,16.7,Rainy
26.9,71.3,46.5,326.6,100.0,1000.1,0.5,1.9,0.6,19.1,Thunderstorm
26.5,51.2,18.0,320.0,45.5,1009.1,9.3,0.9,4.2,15.2,Partly Cloudy
16.5,66.5,0.0,260.3,61.5,1014.1,10.3,0.0,2.5,15.6,Cloudy
14.6,74.7,36.6,43.6,91.5,992.5,4.9,12.2,1.3,7.5,Rainy
27.7,89.8,44.2,296.3,96.5,1003.2,2.6,1.6,2.0,22.4,Thunderstorm
31.4,44.0,12.4,268.0,24.2,1010.3,13.9,0.0,5.4,13.9,Partly Cloudy
14.1,79.7,34.4,215.8,96.8,1013.9,7.8,11.2,0.2,15.5,Rainy
21.7,47.0,18.4,62.3,26.6,1014.2,9.6,1.1,5.1,16.0,Partly Cloudy
29.9,45.6,6.2,231.8,8.5,1015.4,14.8,0.0,8.0,13.6,Sunny
13.1,91.8,2.2,9.0,80.3,1015.5,0.9,0.4,2.5,8.2,Foggy
18.8,72.9,29.4,110.1,93.4,996.1,6.3,19.3,1.0,9.7,Rainy
24.9,40.8,19.1,61.7,45.5,1007.1,10.8,0.1,3.4,13.0,Partly Cloudy
18.2,57.3,12.6,331.0,75.8,1018.7,11.9,1.5,1.1,17.7,Cloudy
8.5,94.0,3.9,45.6,41.0,1012.7,3.5,0.6,2.6,6.7,Foggy
22.2,93.2,24.2,245.5,99.6,1006.7,5.2,15.5,0.7,18.1,Thunderstorm
15.2,67.1,23.2,317.0,87.3,1005.9,7.7,0.3,2.9,11.7,Cloudy
22.7,74.1,49.9,328.0,91.1,998.7,3.6,22.2,2.4,12.5,Thunderstorm
25.2,57.2,10.7,48.9,58.9,1015.8,12.1,1.1,6.8,10.6,Partly Cloudy
11.1,93.2,5.5,107.8,57.3,1012.8,3.2,1.1,2.9,9.9,Foggy
14.2,72.5,21.6,204.3,90.7,1009.8,5.3,17.7,2.9,9.0,Rainy
14.3,48.4,15.1,142.7,41.4,1013.3,15.7,1.6,8.2,17.3,Partly Cloudy
16.4,93.2,43.3,184.9,99.6,1001.5,4.3,1.8,1.8,20.4,Thunderstorm
20.7,15.4,8.8,211.7,23.1,1022.5,9.3,0.6,8.2,3.8,Sunny
16.3,77.3,31.9,10.9,90.9,998.8,5.0,16.5,0.8,15.0,Thunderstorm
13.8,64.8,18.8,333.9,63.6,1016.1,5.8,3.2,3.2,11.8,Cloudy
19.8,76.2,24.1,157.2,83.4,992.2,8.0,9.0,2.0,11.0,Rainy
7.3,81.0,37.8,281.1,89.4,1005.1,11.1,8.2,1.2,10.0,Rainy
38.0,46.2,10.4,338.3,9.3,1028.1,19.0,0.0,10.9,16.5,Sunny
22.1,34.9,19.0,53.0,38.0,1013.7,14.2,1.5,4.4,16.7,Partly Cloudy
20.6,45.8,21.1,276.8,64.2,1014.3,9.7,2.0,2.6,15.8,Cloudy
17.6,86.1,58.5,281.3,94.0,1000.5,2.8,33.4,1.0,23.3,Thunderstorm
20.4,77.9,33.0,63.6,87.5,996.7,5.4,3.0,2.7,11.5,Rainy
8.5,87.1,14.3,304.6,69.4,1015.5,14.8,1.8,1.0,9.9,Cloudy
11.9,69.9,17.7,234.8,69.9,1008.4,9.7,0.7,2.9,9.3,Cloudy
10.4,59.7,28.0,205.9,83.9,1012.3,6.9,2.5,3.7,14.7,Cloudy
30.1,43.1,6.2,346.4,30.5,1018.1,15.1,0.0,6.8,13.7,Sunny
28.6,31.5,7.1,116.3,12.4,1021.2,18.5,0.0,9.3,14.3,Sunny
19.2,70.0,41.4,135.5,100.0,980.8,1.2,15.5,1.5,23.1,Thunderstorm
17.9,80.0,22.1,291.2,71.2,1013.8,13.8,1.6,3.4,17.1,Cloudy
23.2,36.8,13.3,131.1,36.6,1009.7,13.0,0.2,4.1,5.3,Partly Cloudy
25.8,62.6,12.8,57.8,97.1,1017.1,6.9,3.0,1.9,10.6,Cloudy
21.2,63.0,16.6,36.9,86.9,1002.2,7.2,10.3,2.0,9.7,Rainy
8.0,84.3,8.6,31.2,69.0,1012.1,2.6,0.2,2.1,8.0,Foggy
20.5,76.5,23.5,223.3,100.0,989.3,3.4,16.5,1.2,20.4,Thunderstorm
23.2,57.3,6.9,291.5,26.1,1012.7,8.0,3.7,5.3,6.0,Partly Cloudy
32.5,42.7,14.4,28.2,22.2,1012.9,14.4,0.5,0.4,9.5,Partly Cloudy
18.3,59.4,17.4,118.0,77.2,1011.0,10.9,1.2,2.2,10.6,Cloudy
30.4,43.5,12.4,315.9,0.0,1018.3,16.7,0.0,6.4,4.5,Sunny
9.4,93.2,6.2,151.5,52.4,1012.8,1.3,0.0,2.7,8.4,Foggy
30.1,46.5,16.9,217.3,37.4,1003.5,14.8,1.4,7.4,11.6,Partly Cloudy
35.4,27.0,9.3,357.9,5.9,1014.6,13.6,0.0,9.5,5.7,Sunny
17.3,63.4,18.0,338.7,74.8,1006.8,3.5,2.8,3.7,10.2,Cloudy
10.3,88.6,7.1,112.7,72.1,1007.3,1.4,0.3,1.3,6.6,Foggy
27.8,31.3,10.1,68.4,8.7,1018.2,21.9,0.3,5.7,8.2,Sunny
16.3,82.7,23.6,193.3,100.0,1014.3,4.0,5.9,0.0,12.6,Rainy
8.4,89.0,2.6,181.5,69.6,1003.7,1.1,0.7,2.4,9.3,Foggy
27.0,88.6,58.3,329.9,89.9,994.7,5.2,19.9,0.9,21.9,Thunderstorm
29.1,52.2,21.7,289.4,35.8,1014.4,10.1,0.3,7.6,23.0,Partly Cloudy
13.2,89.7,0.7,340.5,71.1,1015.6,3.4,0.4,2.7,10.1,Foggy
20.8,46.6,17.0,139.2,58.4,1010.1,10.8,0.8,4.9,17.8,Partly Cloudy
15.0,65.3,23.4,276.6,93.2,1008.5,5.1,4.3,1.5,16.8,Rainy
14.8,35.9,0.6,274.1,35.9,1014.1,10.3,0.0,8.5,11.7,Partly Cloudy
21.4,55.4,12.5,151.6,61.8,1004.6,16.8,2.7,4.1,10.4,Partly Cloudy
26.8,64.5,18.7,37.5,54.8,1015.4,6.2,0.0,4.0,15.5,Partly Cloudy
20.3,69.4,10.2,204.1,70.9,1008.1,9.2,2.2,2.9,9.2,Cloudy
21.9,92.0,42.6,55.9,99.0,1006.2,5.3,7.5,2.4,16.7,Thunderstorm
13.7,80.1,17.8,237.6,63.0,1009.0,10.6,0.0,1.8,12.3,Cloudy
20.5,61.7,17.9,144.8,72.5,1009.6,10.8,4.7,1.9,15.0,Cloudy
10.8,91.5,52.0,66.1,95.4,1006.4,4.8,8.3,1.1,18.1,Thunderstorm
28.3,44.9,7.1,218.6,5.8,1021.6,11.0,0.0,5.4,10.0,Sunny
8.9,88.6,19.4,77.6,89.9,1009.7,10.4,1.2,1.5,8.9,Rainy
18.8,54.8,24.6,209.4,95.3,1012.9,5.1,1.5,0.9,15.3,Cloudy
14.6,51.2,17.2,193.2,89.8,1007.6,5.9,1.7,2.6,16.7,Cloudy
20.4,42.7,12.7,81.8,32.8,1015.4,12.9,1.0,3.1,15.6,Partly Cloudy
6.4,91.0,5.3,279.7,97.5,1014.0,2.8,1.0,2.7,15.2,Foggy
25.8,29.0,13.7,282.9,9.0,1018.2,16.5,0.0,8.0,12.0,Sunny
19.6,44.4,19.2,256.5,34.9,1020.5,10.3,2.8,2.7,11.7,Partly Cloudy
16.7,80.5,23.5,239.2,99.4,1006.7,6.1,2.6,2.5,14.6,Rainy
19.7,56.1,9.3,125.6,66.6,1017.6,8.3,0.0,5.1,17.5,Cloudy
16.5,63.0,14.0,25.2,77.3,1017.9,13.2,1.9,2.4,17.8,Cloudy
19.0,44.1,11.5,138.9,0.5,1015.0,13.8,0.4,6.9,8.1,Sunny
18.5,64.5,13.3,323.8,68.1,1008.7,6.9,5.1,1.7,12.9,Cloudy
16.7,52.9,11.5,161.1,50.0,1017.6,12.3,0.7,4.6,10.7,Partly Cloudy
26.6,77.0,1.1,321.9,96.4,988.4,7.1,10.1,0.9,10.8,Thunderstorm
20.4,74.6,18.1,222.5,80.5,1017.9,6.2,4.7,3.0,15.4,Cloudy
16.7,84.4,43.4,47.0,99.5,1009.4,0.5,19.5,1.3,14.9,Thunderstorm
8.3,93.8,1.7,183.6,63.3,1010.5,1.8,0.4,3.0,8.2,Foggy
14.4,72.6,18.8,184.1,85.8,1009.9,7.7,4.6,1.1,13.2,Rainy
24.7,63.3,16.9,169.2,54.2,998.8,10.6,0.5,5.4,11.4,Cloudy
24.1,32.5,2.2,44.0,26.4,1019.9,12.9,0.0,8.5,13.9,Sunny
24.5,31.3,9.1,355.1,15.5,1012.4,18.5,0.0,12.3,12.3,Sunny
10.1,65.4,29.8,124.1,87.4,1005.0,3.4,5.7,3.3,8.0,Rainy
13.1,88.3,6.9,78.9,72.4,1011.9,0.7,0.3,1.9,10.7,Foggy
33.9,88.7,37.7,92.6,100.0,1000.2,4.4,15.4,2.9,24.2,Thunderstorm
7.5,83.7,6.2,132.5,73.7,1017.6,2.3,0.7,2.2,11.0,Foggy
29.7,57.4,17.6,349.3,33.7,1001.8,11.2,2.3,4.3,8.8,Partly Cloudy
27.8,58.2,24.6,38.7,38.1,1012.2,16.2,0.0,5.5,14.3,Partly Cloudy
10.3,91.9,25.5,290.2,100.0,1007.7,8.2,7.0,3.0,12.5,Rainy
19.7,94.3,51.7,17.4,99.0,997.5,3.0,20.3,1.5,18.2,Thunderstorm
15.9,46.2,15.9,62.6,40.4,1010.1,12.3,2.0,5.1,12.7,Partly Cloudy
12.8,85.8,15.4,39.3,89.6,1005.8,5.8,7.8,1.5,7.5,Rainy
25.3,56.2,13.1,59.7,38.5,1016.7,19.6,1.7,5.8,10.6,Partly Cloudy
17.1,62.9,10.2,14.9,84.3,1009.8,6.2,2.7,3.2,11.0,Cloudy
31.5,42.3,10.1,250.8,57.2,1014.3,11.1,0.1,5.9,18.4,Partly Cloudy
27.7,45.0,8.8,160.7,12.5,1016.5,13.3,0.5,4.6,17.6,Sunny
10.7,85.5,5.5,45.2,47.3,1014.1,2.8,0.8,1.1,9.2,Foggy
29.5,62.3,14.2,342.0,5.1,1011.4,14.7,0.0,6.4,6.3,Sunny
24.1,36.8,18.8,358.7,45.5,1007.6,16.4,0.0,6.2,12.8,Partly Cloudy
10.6,100.0,2.8,167.7,62.5,1012.5,4.3,0.0,3.2,8.9,Foggy
20.4,63.2,18.1,124.8,68.2,1003.9,9.3,1.6,1.3,12.8,Cloudy
19.8,100.0,65.1,255.5,94.6,1006.4,2.6,6.9,1.4,18.5,Thunderstorm
33.7,50.9,4.8,36.6,14.3,1027.0,15.3,0.8,6.5,14.2,Sunny
15.1,99.5,64.4,331.2,90.7,1006.5,3.4,17.3,1.6,16.8,Thunderstorm
10.9,83.0,12.7,134.0,96.9,1002.3,7.6,9.4,2.0,16.1,Rainy
16.8,70.6,16.0,139.9,63.4,1004.4,4.0,1.0,1.9,6.1,Cloudy
25.8,24.1,5.5,319.5,17.0,1016.9,12.8,0.1,13.7,6.8,Sunny
19.0,75.2,10.9,238.4,76.9,998.4,7.4,7.5,1.0,15.6,Rainy
14.6,97.8,2.0,10.3,68.7,1010.5,0.3,0.7,2.4,13.0,Foggy
23.4,47.9,11.5,232.0,48.1,1021.0,12.0,0.4,2.6,14.2,Partly Cloudy
22.5,37.1,10.5,43.3,1.9,1012.6,13.4,0.4,8.8,4.8,Sunny
14.7,100.0,2.6,167.3,50.0,1008.4,3.4,0.4,2.9,5.0,Foggy
20.6,83.0,54.7,182.4,99.7,994.9,0.2,21.1,1.8,11.2,Thunderstorm
16.7,75.4,28.5,352.6,94.5,1003.3,8.4,13.7,2.0,14.6,Rainy
18.3,85.4,14.6,125.5,100.0,998.9,6.7,6.2,3.1,12.0,Rainy
33.6,82.5,51.1,291.4,98.3,1001.1,0.8,15.4,1.4,19.9,Thunderstorm
32.8,38.3,6.0,210.9,7.6,1017.9,16.3,0.5,6.5,9.8,Sunny
22.2,49.1,14.6,2.8,51.2,1012.1,13.4,1.3,5.0,11.8,Partly Cloudy
22.1,51.0,11.6,152.5,41.6,1009.0,10.1,0.4,4.7,14.0,Partly Cloudy
33.1,31.4,7.1,183.3,15.6,1013.8,13.9,0.0,10.4,13.9,Sunny
22.3,58.4,7.6,345.1,4.4,1017.9,14.7,0.0,10.2,16.0,Sunny
23.9,79.8,52.6,43.9,92.7,1005.7,5.2,14.3,0.5,22.6,Thunderstorm
20.3,84.5,22.0,266.5,94.5,1008.1,2.2,6.5,1.7,12.2,Rainy
12.2,95.3,7.0,117.3,34.8,1003.6,2.9,0.6,3.7,11.3,Foggy
26.9,87.8,58.8,170.0,92.5,985.5,4.0,20.6,1.7,22.3,Thunderstorm
11.9,60.3,20.1,284.6,75.1,1023.1,8.2,3.6,4.4,8.6,Cloudy
15.7,81.8,23.2,271.2,100.0,992.1,8.4,8.8,2.3,14.3,Rainy
30.1,42.7,14.4,113.0,32.3,1013.5,19.2,1.6,3.7,8.7,Partly Cloudy
18.3,64.2,17.2,3.1,78.7,1003.9,3.4,2.4,2.8,14.4,Cloudy
8.2,91.8,3.3,321.9,60.6,1002.4,2.2,0.3,2.2,6.9,Foggy
21.8,49.8,14.4,147.7,74.7,1017.6,15.5,2.8,6.0,17.7,Partly Cloudy
19.9,58.7,16.6,106.5,47.0,1022.4,11.5,0.3,4.3,17.6,Partly Cloudy
15.8,82.0,21.5,352.8,61.4,1024.9,7.9,1.6,2.7,16.6,Cloudy
17.4,51.5,26.2,270.0,63.5,1005.7,10.0,3.2,3.2,15.9,Cloudy
31.1,28.8,9.2,215.7,22.8,1014.5,14.6,0.4,9.1,11.5,Sunny
13.3,77.5,24.4,70.7,94.2,983.8,4.1,1.0,1.0,12.4,Rainy
6.0,93.9,7.1,312.7,70.2,1016.1,3.1,0.4,0.8,11.9,Foggy
11.9,82.3,28.5,203.3,76.7,1011.4,5.6,7.3,2.5,9.7,Rainy
17.8,86.6,28.6,19.4,94.6,989.1,5.9,15.7,1.8,13.5,Thunderstorm
24.7,87.3,41.4,46.7,100.0,1005.4,1.4,22.8,1.8,19.8,Thunderstorm
4.6,93.2,1.0,77.2,85.3,1012.7,2.5,0.6,2.3,9.8,Foggy
11.7,82.0,49.0,20.6,88.3,999.7,5.9,3.5,3.6,14.7,Rainy
22.8,73.1,5.9,251.8,87.1,1007.2,8.2,0.5,3.6,16.3,Cloudy
7.4,92.8,2.7,323.6,58.1,1014.0,2.8,0.5,1.8,12.0,Foggy
14.5,98.0,44.8,314.2,92.6,1007.1,3.9,10.9,0.2,10.5,Rainy
15.1,72.0,31.6,38.5,94.6,996.5,8.2,7.6,1.1,7.8,Rainy
20.4,59.1,12.0,333.1,29.7,1016.4,12.6,2.3,4.6,12.8,Partly Cloudy
29.3,53.5,17.3,339.8,56.8,1013.0,14.1,0.1,6.0,17.7,Partly Cloudy
19.0,75.9,18.4,254.1,78.2,1012.2,14.9,0.9,2.8,15.0,Cloudy
21.4,66.8,16.1,194.9,89.0,1006.8,4.2,3.3,2.3,12.0,Cloudy
19.9,88.8,67.1,202.6,87.9,1008.9,5.8,21.5,2.2,17.5,Thunderstorm
20.1,85.7,42.6,193.9,95.3,998.8,2.8,27.9,2.1,13.6,Thunderstorm
21.1,46.4,18.2,175.7,45.6,1014.4,11.5,0.9,5.4,12.1,Partly Cloudy
21.4,58.6,17.8,317.9,53.9,1013.1,11.0,2.9,1.7,14.4,Cloudy
26.9,39.2,7.8,101.8,36.1,1022.3,14.3,0.8,2.2,20.9,Partly Cloudy
22.8,73.7,37.7,294.7,94.5,1006.5,6.0,4.6,0.8,13.5,Rainy
23.5,51.6,22.8,195.2,38.4,1010.2,9.8,1.1,7.4,12.3,Partly Cloudy
15.1,69.2,23.6,194.4,94.5,1009.1,6.3,2.9,4.6,12.6,Cloudy
4.9,96.4,8.1,155.7,92.6,1012.5,2.3,0.8,3.4,6.7,Foggy
13.3,71.1,23.5,241.2,97.7,1000.8,3.3,12.2,2.5,11.5,Rainy
28.9,41.8,9.6,52.5,13.6,1019.1,15.8,0.1,9.9,15.5,Sunny
29.7,24.1,8.5,51.2,23.9,1011.9,11.7,0.9,11.4,4.8,Sunny
29.6,93.4,58.8,195.2,98.9,1012.0,6.8,17.1,0.9,27.8,Thunderstorm
22.9,55.3,17.6,204.8,52.5,1007.0,18.9,2.2,5.1,19.4,Partly Cloudy
10.0,100.0,2.9,132.5,77.1,1010.2,0.9,0.0,4.0,9.1,Foggy
25.4,78.4,16.9,139.4,79.5,1010.9,3.2,5.4,1.8,8.8,Rainy
22.0,75.2,42.1,127.8,100.0,995.7,6.6,13.4,1.8,16.8,Thunderstorm
24.7,81.0,24.1,119.9,91.9,995.8,4.7,19.9,2.6,24.4,Thunderstorm
18.4,89.0,42.7,224.0,98.3,994.4,4.9,4.0,1.7,28.7,Thunderstorm
16.3,84.2,19.3,14.4,100.0,997.8,5.8,5.0,2.0,6.2,Rainy
13.4,78.2,29.1,307.9,91.8,990.5,5.5,10.2,4.2,15.1,Rainy
25.8,51.3,15.0,101.6,59.4,1010.2,13.1,1.2,2.5,11.6,Partly Cloudy
9.8,90.7,2.6,350.4,84.4,1012.7,2.7,0.8,1.7,10.2,Foggy
24.9,49.4,14.5,108.2,33.2,1010.2,10.2,0.9,5.0,11.5,Partly Cloudy
13.7,90.7,7.5,48.9,75.8,1009.6,1.9,1.2,0.5,7.0,Foggy
15.4,92.9,23.2,342.4,100.0,1002.0,7.0,14.6,2.0,12.0,Rainy
23.6,90.8,60.7,151.3,98.8,1003.2,6.6,2.2,2.0,19.2,Thunderstorm
21.7,39.4,15.6,334.6,31.0,1012.3,10.0,1.9,3.8,7.4,Partly Cloudy
15.9,68.9,19.7,109.7,36.8,1013.1,5.6,3.2,1.6,13.2,Cloudy
11.8,91.3,44.6,358.4,98.3,994.7,3.4,24.0,0.1,17.2,Thunderstorm
35.0,37.1,10.3,97.5,0.0,1021.4,17.1,-0.0,9.1,10.9,Sunny
26.6,65.7,7.1,127.0,48.2,1016.8,13.9,2.2,2.5,14.3,Partly Cloudy
20.4,92.9,13.9,1.8,100.0,998.9,5.3,7.9,2.3,17.7,Rainy
7.1,96.7,7.0,349.7,75.9,1011.2,1.9,1.7,3.2,12.1,Foggy
19.7,70.9,21.3,29.3,66.4,996.1,7.7,0.4,4.0,9.8,Cloudy
11.9,96.6,27.4,354.4,98.7,989.8,7.5,8.2,1.3,11.0,Rainy
13.8,63.3,24.5,344.1,68.2,1002.5,7.8,2.1,2.0,10.3,Cloudy
27.9,91.3,46.6,301.7,95.6,985.4,3.9,11.5,2.3,19.0,Thunderstorm
14.5,80.3,30.0,163.4,85.0,1003.3,4.0,9.0,1.8,11.2,Rainy
26.4,90.0,46.4,216.7,100.0,1011.4,2.6,17.9,2.5,24.2,Thunderstorm
20.6,91.8,51.0,231.4,95.2,990.5,4.0,18.4,2.4,16.9,Thunderstorm
23.2,44.6,22.8,49.0,49.9,1009.2,15.1,0.0,4.6,8.3,Partly Cloudy
22.6,57.2,1.3,347.6,39.2,1014.1,12.4,1.5,3.7,13.9,Partly Cloudy
23.1,43.6,19.5,139.0,36.8,1011.5,13.1,1.2,5.8,9.0,Partly Cloudy
9.5,89.4,5.7,289.7,71.9,1009.2,1.2,0.4,3.6,15.6,Foggy
12.9,90.0,7.2,148.2,65.6,1011.5,0.9,1.0,1.2,10.7,Foggy
18.0,84.5,44.7,183.2,90.7,1012.6,5.9,9.8,3.0,12.5,Thunderstorm
19.0,85.4,29.5,225.2,94.1,1001.1,6.5,11.1,1.2,10.3,Rainy
25.7,59.5,14.6,87.5,52.2,1018.2,10.2,1.2,4.1,9.6,Partly Cloudy
24.4,67.6,69.0,272.8,98.4,1003.0,5.4,23.9,2.2,19.7,Thunderstorm
9.8,69.0,23.0,83.8,92.6,1007.0,15.3,3.4,2.5,16.6,Cloudy
20.9,73.0,16.2,210.9,83.8,1005.3,8.7,2.9,2.3,9.5,Cloudy
27.8,19.0,8.0,163.1,9.4,1028.4,14.2,0.6,8.1,7.2,Sunny
17.9,49.2,28.8,6.9,37.1,1011.6,8.9,2.7,1.5,18.1,Partly Cloudy
7.7,92.3,5.8,315.4,67.0,1012.1,3.3,1.2,1.2,10.0,Foggy
29.1,35.1,25.0,345.6,42.3,1022.6,8.1,1.9,4.1,10.6,Partly Cloudy
8.1,89.6,5.9,289.9,100.0,1006.3,0.8,0.7,1.0,6.8,Foggy
16.7,83.7,19.8,75.3,99.9,993.1,4.0,0.0,2.1,12.6,Rainy
23.4,90.8,16.3,45.5,91.6,999.7,4.9,11.2,1.3,14.0,Thunderstorm
12.8,83.2,40.3,208.2,88.0,994.4,8.4,2.8,2.2,14.2,Rainy
8.6,90.5,14.6,320.3,90.9,1001.8,8.0,8.5,3.3,13.1,Rainy
13.6,75.9,7.2,21.7,67.3,1009.6,9.4,2.5,4.4,15.9,Cloudy
29.3,51.5,10.1,10.8,0.0,1021.8,10.4,0.7,6.1,13.0,Sunny
24.8,33.8,26.3,107.9,26.6,1011.7,12.4,1.5,4.8,16.5,Partly Cloudy
33.3,27.5,5.2,165.0,18.5,1010.2,11.8,0.0,8.5,19.8,Sunny
34.0,25.1,6.2,325.0,13.8,1021.1,18.0,0.0,9.6,11.5,Sunny
28.3,31.2,8.6,312.9,10.5,1013.0,9.6,0.3,7.3,9.1,Sunny
16.2,85.1,0.3,297.3,52.8,1013.8,2.9,0.7,2.4,8.9,Foggy
23.1,49.2,14.0,19.0,32.0,1009.1,13.4,0.0,2.8,16.0,Partly Cloudy
20.3,55.4,22.4,294.9,62.7,1005.8,7.6,0.1,2.7,12.0,Cloudy
24.6,58.9,17.4,143.6,38.2,1008.8,9.3,2.8,7.9,16.1,Partly Cloudy
30.1,55.6,15.2,94.5,18.1,1016.6,10.9,1.8,4.2,7.3,Partly Cloudy
14.6,87.2,3.9,226.6,63.8,1004.3,2.4,0.0,1.0,8.7,Foggy
10.1,87.3,1.2,153.3,76.5,1005.8,1.5,0.5,2.7,8.3,Foggy
19.7,70.3,59.8,58.0,90.6,1006.6,0.7,17.2,2.2,14.1,Thunderstorm
12.9,89.1,2.9,272.8,66.0,1017.6,0.0,0.7,3.8,0.1,Foggy
17.8,68.8,15.2,244.6,80.3,1014.0,8.8,0.9,2.7,11.8,Cloudy
28.4,45.7,17.9,105.5,15.6,1018.2,7.9,1.3,3.4,9.2,Partly Cloudy
31.0,37.1,0.0,25.2,19.8,1018.5,14.8,0.2,8.0,5.0,Sunny
13.9,90.9,6.4,52.6,83.1,1005.3,1.2,0.5,0.4,6.1,Foggy
20.5,77.6,43.5,279.5,89.5,1010.5,4.9,22.6,1.8,19.5,Thunderstorm
25.8,64.7,31.6,177.9,97.2,989.1,4.9,17.8,2.7,17.6,Thunderstorm
30.3,23.3,10.3,109.8,0.0,1014.5,14.6,0.0,11.0,13.4,Sunny
12.2,83.2,26.3,54.9,84.2,1025.9,2.5,8.4,2.7,14.5,Rainy
26.1,87.3,41.6,85.6,99.8,1004.8,2.5,4.6,0.9,15.9,Thunderstorm
20.7,45.4,22.2,120.9,31.1,1010.4,8.3,0.0,4.3,9.9,Partly Cloudy
16.0,86.3,34.5,330.5,100.0,1004.8,3.2,15.6,0.0,12.5,Thunderstorm
11.8,66.1,19.9,122.2,71.7,997.7,5.9,0.0,3.1,13.3,Cloudy
18.4,62.6,24.1,226.9,86.5,1005.1,6.4,1.0,2.5,11.5,Cloudy
9.6,91.1,2.6,188.4,76.6,1015.6,0.3,0.6,1.2,10.2,Foggy
25.9,48.3,11.7,134.4,38.8,1012.8,16.1,1.7,6.6,20.9,Partly Cloudy
25.5,54.3,5.9,164.9,62.6,1023.6,10.5,1.2,4.1,15.7,Partly Cloudy
19.4,53.7,4.5,358.3,4.8,1015.3,15.7,0.3,9.5,8.1,Sunny
9.2,92.6,3.9,147.8,66.2,1015.5,2.7,0.0,1.3,11.5,Foggy
12.9,85.2,5.8,173.1,92.5,1008.8,1.5,1.0,1.8,5.8,Foggy
19.9,79.9,8.8,181.2,89.3,988.9,8.5,6.9,2.8,9.2,Rainy
22.4,58.9,26.4,238.9,73.9,1008.5,3.8,0.5,4.2,13.5,Cloudy
15.1,80.2,44.1,347.6,97.2,1002.0,1.8,7.9,2.4,19.0,Thunderstorm
25.5,74.6,31.3,146.7,98.7,1002.7,2.2,6.7,2.6,21.5,Thunderstorm
19.5,62.4,11.8,193.1,74.3,1001.6,9.3,1.2,2.4,9.6,Cloudy
16.5,54.3,27.5,77.6,68.2,1008.5,8.5,3.0,3.0,10.9,Cloudy
27.8,40.6,10.4,224.2,7.4,1017.5,12.6,0.7,9.9,13.0,Sunny
16.9,79.8,15.8,145.9,97.7,986.5,2.7,26.7,1.8,18.3,Thunderstorm
14.0,91.7,5.7,151.7,75.0,1006.3,1.5,0.8,1.9,7.7,Foggy
33.1,43.8,17.0,46.3,33.4,1005.4,13.0,1.7,5.9,13.2,Partly Cloudy
21.7,54.6,23.8,66.7,81.5,1014.5,7.3,3.8,1.0,11.3,Cloudy
15.2,79.8,6.6,285.7,59.5,1016.5,2.1,0.6,1.7,4.5,Foggy
19.3,65.3,18.6,162.9,71.5,1011.1,12.9,3.6,1.4,12.1,Cloudy
18.3,88.4,21.2,151.6,93.2,998.9,3.6,8.6,2.9,17.0,Thunderstorm
26.1,29.7,15.8,32.2,46.9,1012.1,13.9,1.3,6.3,11.9,Partly Cloudy
12.9,69.3,12.8,254.9,100.0,1000.7,7.2,10.0,1.9,9.7,Rainy
6.3,93.6,5.0,185.8,61.5,1018.0,2.2,0.7,2.1,9.3,Foggy
25.9,52.7,13.9,11.7,50.9,1007.9,12.8,0.4,4.3,10.6,Partly Cloudy
24.5,51.3,17.6,272.5,68.1,1009.3,15.0,0.0,6.6,15.5,Partly Cloudy
11.4,89.7,5.4,177.0,57.5,1021.7,2.3,0.0,1.0,8.2,Foggy
21.5,71.1,12.6,275.5,78.9,999.6,5.1,12.0,0.4,17.6,Thunderstorm
22.7,78.0,14.7,58.4,85.2,1005.5,9.1,1.9,4.2,13.7,Cloudy
27.8,71.1,3.5,293.5,45.0,1019.1,12.8,0.0,4.5,12.1,Partly Cloudy
26.5,42.9,21.4,266.8,40.3,1012.7,16.5,1.1,5.0,6.8,Partly Cloudy
25.5,82.0,53.2,347.7,88.0,1005.5,3.4,6.2,3.2,24.1,Thunderstorm
28.9,33.4,6.8,226.6,9.7,1011.4,17.3,0.1,7.1,17.1,Sunny
12.0,83.5,17.6,310.6,85.5,1003.3,4.7,6.7,1.7,13.2,Rainy
31.1,37.3,12.5,334.4,41.8,1017.2,11.1,1.3,2.9,20.2,Partly Cloudy
21.1,30.4,15.7,42.6,16.0,1012.3,13.5,0.3,3.8,19.4,Sunny
18.9,53.1,18.6,199.7,96.0,1004.4,15.3,3.4,1.6,12.9,Cloudy
28.2,53.3,14.2,206.9,27.9,1005.8,9.2,0.6,4.7,12.1,Partly Cloudy
18.8,76.2,19.9,326.9,71.1,1007.9,8.2,4.1,3.2,18.5,Cloudy
10.9,100.0,6.9,340.8,87.6,1001.4,2.8,0.0,1.4,11.2,Foggy
16.0,96.7,28.2,336.0,84.3,1005.9,7.3,0.0,1.9,10.7,Rainy
15.1,44.2,25.2,210.7,69.5,1012.0,6.8,1.9,0.9,15.7,Cloudy
7.3,95.8,8.9,355.7,56.0,1017.8,1.2,0.2,1.7,11.0,Foggy
13.6,91.7,4.7,170.2,71.2,1008.1,0.7,0.8,2.3,7.2,Foggy
11.2,100.0,5.6,307.5,72.1,1013.6,1.8,1.0,0.7,9.9,Foggy
18.7,80.9,16.8,113.2,92.9,1009.9,6.7,4.2,1.8,17.0,Rainy
9.0,86.6,6.5,356.5,71.7,1003.5,0.2,0.5,0.8,10.6,Foggy
9.1,97.1,3.9,39.2,70.9,1017.8,2.1,1.3,2.7,5.1,Foggy
6.8,100.0,16.1,227.4,58.4,1011.5,1.3,0.0,2.2,10.2,Foggy
33.4,39.6,12.9,241.2,0.0,1016.0,11.5,0.0,4.3,14.4,Sunny
20.7,66.9,21.0,166.0,93.4,1004.6,12.6,2.6,5.0,12.0,Cloudy
18.6,68.1,15.0,13.2,72.1,1018.1,14.3,1.8,4.0,13.5,Partly Cloudy
17.3,43.5,14.3,286.5,56.0,998.6,4.1,1.5,3.3,10.5,Cloudy
12.6,74.4,19.2,274.6,61.2,1003.1,6.0,5.0,2.5,17.0,Cloudy
12.7,78.3,45.9,220.1,83.0,1004.8,4.4,9.2,2.1,10.5,Rainy
25.1,37.1,15.1,30.7,4.3,1016.8,11.7,0.0,10.2,10.5,Sunny
26.3,46.8,16.5,68.2,55.6,1014.0,16.4,2.5,4.3,4.6,Partly Cloudy
12.7,86.4,4.3,143.0,61.7,1012.3,3.3,0.9,2.1,12.8,Foggy
9.7,92.6,2.4,13.3,58.8,1012.4,2.0,0.4,2.3,8.6,Foggy
22.0,52.9,21.6,316.7,63.4,1012.0,9.2,6.1,0.8,11.6,Cloudy
32.7,41.3,11.9,329.3,48.7,1017.3,11.0,3.8,8.4,10.7,Partly Cloudy
28.7,27.4,0.0,266.1,1.2,1009.3,15.7,0.2,8.8,16.3,Sunny
12.7,81.9,24.1,340.4,100.0,1003.7,5.6,10.9,1.4,15.2,Rainy
23.5,54.8,18.5,318.4,22.7,1025.0,13.7,0.0,2.8,20.3,Partly Cloudy
19.1,81.6,25.3,56.0,91.6,988.7,4.9,3.1,2.2,11.5,Rainy
31.9,28.5,10.0,315.0,18.8,1021.5,13.1,0.0,9.9,5.6,Sunny
11.1,75.8,25.4,260.6,90.7,1005.2,4.8,0.4,3.2,14.6,Rainy
23.2,56.9,15.8,22.5,21.4,1009.7,15.2,0.0,4.8,9.6,Partly Cloudy
22.8,96.4,12.8,243.8,79.1,1018.0,7.9,1.4,2.2,13.2,Cloudy
11.9,89.9,2.4,318.6,57.1,1017.4,1.5,0.7,1.4,8.3,Foggy
9.6,89.6,3.2,151.2,57.7,1011.8,0.9,0.6,2.3,10.2,Foggy
19.8,69.8,30.9,282.7,50.1,1011.1,10.1,0.0,2.7,11.5,Cloudy
8.8,87.6,3.1,118.3,55.3,1017.6,0.5,0.7,4.3,9.3,Foggy
10.3,95.4,5.2,244.7,53.8,1011.4,0.0,0.3,1.6,13.2,Foggy
9.6,91.4,3.9,118.1,85.4,1009.1,2.2,0.9,1.6,8.2,Foggy
17.3,77.7,16.9,297.5,85.1,1000.8,5.7,13.1,2.4,11.6,Rainy
22.5,80.7,44.2,259.2,89.9,1002.0,2.7,21.2,1.0,16.3,Thunderstorm
27.1,40.1,14.2,36.5,48.9,1023.5,16.8,0.2,2.7,9.0,Partly Cloudy
7.1,80.7,10.6,34.5,88.8,1006.7,2.4,9.7,2.1,12.3,Thunderstorm
17.6,86.5,20.2,140.2,92.7,994.2,4.5,1.8,0.7,14.6,Rainy
14.7,60.6,25.3,266.6,57.9,1012.8,5.1,1.2,2.4,7.5,Cloudy
31.4,22.5,11.0,276.1,15.7,1020.4,17.9,-0.0,6.4,14.2,Sunny
17.0,85.1,36.8,352.1,95.6,1005.1,3.2,6.4,3.6,7.3,Rainy
21.0,85.6,18.5,25.3,80.6,1017.0,13.3,2.8,4.5,14.0,Cloudy
16.4,77.9,14.6,154.4,89.2,1001.6,3.6,0.0,1.9,13.6,Rainy
10.6,82.8,4.0,65.2,52.4,1007.7,2.0,0.1,3.8,7.8,Foggy
6.7,66.8,16.8,160.8,54.5,1010.7,7.7,2.5,3.4,8.0,Cloudy
12.9,49.0,17.3,90.2,89.0,1004.2,9.5,0.8,3.5,17.1,Cloudy
31.9,38.2,6.8,56.3,10.4,1025.0,19.3,0.4,7.5,8.7,Sunny
26.2,87.6,40.2,60.1,94.5,998.1,5.6,8.9,1.0,12.2,Thunderstorm
23.0,74.2,19.7,139.1,37.2,1024.1,9.6,0.0,4.2,17.6,Partly Cloudy
32.4,76.2,56.8,88.7,88.4,992.7,5.8,26.4,1.8,17.0,Thunderstorm
27.0,50.7,12.8,212.1,38.5,1008.3,8.2,1.8,5.2,11.1,Partly Cloudy
22.9,32.5,11.5,254.3,15.4,1017.3,14.9,0.9,3.8,8.5,Sunny
22.6,75.3,5.7,295.9,71.1,1003.6,12.2,0.8,3.2,17.5,Cloudy
10.5,89.5,4.5,314.9,55.5,1005.5,1.0,0.2,0.1,3.8,Foggy
24.0,56.3,18.3,342.6,59.1,1010.2,13.8,1.1,3.4,10.1,Partly Cloudy
26.9,54.5,21.1,177.1,45.8,1017.9,13.5,1.3,4.9,17.0,Partly Cloudy
20.7,53.5,24.2,199.4,91.4,994.1,6.6,2.0,2.3,10.2,Cloudy
18.1,44.6,11.9,137.5,43.5,1015.3,12.9,2.4,5.0,11.4,Partly Cloudy
11.9,63.4,19.7,105.5,75.1,1019.1,10.8,2.6,1.6,15.5,Cloudy
16.2,60.3,21.1,12.4,70.9,1016.3,4.4,2.1,4.7,14.5,Cloudy
23.7,34.8,3.5,100.6,3.3,1020.1,17.5,1.0,7.5,11.0,Sunny
18.3,74.5,19.3,173.2,90.7,1002.1,4.5,6.9,1.7,11.3,Rainy
36.4,45.6,11.2,274.0,15.2,1011.9,14.4,0.0,10.3,9.7,Sunny
18.2,89.1,50.8,194.4,89.5,996.9,5.5,16.1,2.0,21.2,Thunderstorm
4.5,92.2,2.3,110.4,98.9,1008.4,1.4,0.2,2.7,8.7,Foggy
24.2,62.8,20.9,235.7,74.3,1007.1,9.2,1.6,3.8,11.6,Cloudy
17.8,78.0,9.0,100.7,88.7,996.1,4.5,5.3,1.2,11.9,Rainy
19.5,56.3,9.8,68.4,34.2,1012.0,11.7,0.0,4.7,15.4,Partly Cloudy
6.9,97.1,8.1,66.7,56.4,1020.6,2.0,1.1,2.9,6.9,Foggy
14.7,82.0,37.7,344.4,82.0,1007.8,4.6,7.9,2.0,17.1,Rainy
19.1,26.0,17.6,311.7,32.8,1015.9,15.8,1.4,5.8,11.6,Partly Cloudy
34.1,31.8,19.3,240.8,0.0,1014.2,10.5,0.7,10.2,15.0,Sunny
21.0,67.3,14.8,30.9,55.9,1012.7,0.0,1.1,3.2,12.8,Cloudy
27.7,15.6,8.4,247.6,14.7,1015.5,17.4,0.2,9.8,10.3,Sunny
14.7,86.8,25.4,84.7,94.2,998.9,9.5,15.0,0.9,9.4,Rainy
18.5,38.7,11.3,68.4,0.0,1014.0,12.3,0.0,6.9,12.0,Sunny
27.1,48.0,9.5,203.2,64.2,1019.5,11.7,0.1,4.8,20.8,Partly Cloudy
20.3,79.2,30.8,126.7,97.5,1004.8,6.0,1.7,1.3,7.9,Rainy
6.8,100.0,2.8,181.9,69.2,1009.8,0.9,0.8,2.0,4.6,Foggy
29.1,88.3,31.5,329.4,95.7,997.4,2.9,22.7,1.6,20.3,Thunderstorm
17.9,82.3,17.9,24.7,84.2,1004.3,11.2,7.7,3.4,13.7,Rainy
12.8,81.3,33.1,117.2,72.5,1008.2,6.8,1.1,3.0,17.2,Rainy
7.2,84.7,7.0,0.7,95.0,1006.5,1.2,0.5,2.0,7.3,Foggy
13.8,75.7,19.7,84.5,74.0,1003.4,2.1,11.0,1.4,11.6,Rainy
21.4,82.0,60.3,208.7,97.8,1005.1,5.0,10.0,2.4,11.6,Thunderstorm
11.5,92.4,2.5,152.0,61.1,1007.0,0.7,0.0,1.6,11.7,Foggy
20.2,72.4,36.8,55.1,91.4,1013.7,7.3,7.3,1.5,6.2,Rainy
9.3,94.2,4.1,326.9,70.8,1004.2,1.0,0.7,0.7,8.9,Foggy
33.1,38.4,8.1,193.5,31.4,1018.5,15.8,0.4,6.6,14.1,Sunny
14.9,85.7,4.6,80.1,60.2,1006.7,2.3,0.3,1.6,4.8,Foggy
26.2,52.9,9.7,38.8,36.8,1020.8,13.1,0.7,5.8,11.3,Partly Cloudy
13.8,78.8,10.8,334.4,100.0,1007.9,6.7,9.0,0.7,9.3,Rainy
16.7,55.4,26.7,327.2,71.7,1013.2,9.0,3.3,3.8,17.5,Cloudy
33.4,25.6,7.9,174.0,10.4,1018.6,16.8,0.2,5.4,16.8,Sunny
20.0,54.9,22.1,292.5,43.5,1020.9,13.9,3.6,2.9,13.9,Partly Cloudy
19.2,79.8,21.0,118.6,100.0,1006.7,7.2,5.4,2.2,12.0,Rainy
20.0,84.4,31.6,314.9,96.4,1012.1,5.5,5.6,2.2,11.9,Rainy
27.5,26.9,3.7,25.8,14.3,1012.4,17.8,0.4,9.9,10.8,Sunny
30.9,32.3,10.0,315.6,31.7,1015.9,17.6,0.0,7.9,22.3,Sunny
29.4,95.6,44.9,102.5,99.8,992.1,4.3,13.7,2.1,26.8,Thunderstorm
11.8,94.9,0.2,88.6,64.4,1015.5,3.3,0.8,1.4,10.6,Foggy
32.1,15.2,13.4,102.4,12.2,1010.9,10.8,0.0,8.4,11.2,Sunny
17.1,72.7,27.3,205.3,76.2,1006.6,7.4,1.5,3.4,14.5,Cloudy
17.2,67.3,23.7,358.7,81.1,1006.9,4.2,17.0,1.5,11.2,Rainy
16.7,89.4,42.0,335.1,100.0,995.9,0.5,17.1,2.7,13.0,Thunderstorm
12.8,92.9,2.4,127.5,71.7,1013.8,1.7,0.6,2.5,9.6,Foggy
25.0,53.0,11.7,140.2,40.5,1013.9,13.9,0.6,3.8,7.6,Partly Cloudy
9.5,90.7,7.0,3.2,68.4,1016.7,0.9,-0.0,1.7,11.1,Foggy
15.9,43.7,21.5,332.2,82.8,1008.9,11.3,2.1,5.5,11.4,Cloudy
20.1,90.2,58.5,323.0,98.4,1008.8,2.4,13.1,2.1,17.7,Thunderstorm
19.7,69.1,18.4,141.9,87.3,1019.3,8.8,1.0,2.6,16.7,Cloudy
12.9,87.7,46.0,32.6,91.2,1010.0,7.8,3.5,2.1,6.0,Rainy
32.2,21.2,11.8,147.1,6.3,1013.5,21.7,0.4,10.6,7.9,Sunny
15.4,100.0,5.7,224.8,64.2,1012.9,2.3,0.9,0.5,13.5,Foggy
19.5,46.1,14.1,272.6,11.2,1016.9,15.0,0.0,7.7,10.7,Sunny
8.5,95.1,3.9,134.3,82.1,1011.3,2.4,0.7,1.0,6.2,Foggy
27.4,84.3,82.1,350.5,89.4,999.2,5.9,5.1,0.6,24.6,Thunderstorm
27.2,58.9,7.3,200.9,58.7,1012.7,11.6,0.0,5.2,14.8,Partly Cloudy
14.7,82.4,28.6,8.0,82.2,1012.2,5.6,11.6,0.0,15.3,Rainy
23.5,28.0,22.3,26.0,10.4,1024.2,10.1,0.0,8.0,15.3,Sunny
21.8,99.2,30.2,222.1,92.9,998.3,5.6,6.5,2.3,12.7,Rainy
25.0,62.6,14.7,80.3,72.3,1000.9,11.0,3.0,3.4,11.8,Cloudy
6.9,96.9,5.9,84.2,60.3,1015.6,0.7,0.7,3.4,8.3,Foggy
26.3,60.7,17.2,194.2,32.9,1019.2,12.1,0.3,4.9,11.9,Partly Cloudy
15.1,98.2,48.6,25.6,92.8,989.5,6.0,6.7,1.7,14.7,Thunderstorm
23.9,47.5,5.1,301.0,43.9,1010.1,12.3,0.3,4.0,12.8,Partly Cloudy
21.4,81.6,51.3,294.6,95.2,993.7,5.3,16.4,0.9,26.4,Thunderstorm
43.5,29.5,4.2,322.2,2.5,1023.8,13.5,0.3,8.9,12.5,Sunny
11.9,96.1,6.1,174.8,71.7,1014.4,2.6,2.4,1.5,4.2,Foggy
20.0,93.1,57.6,252.0,86.3,995.6,6.0,8.5,2.5,25.2,Thunderstorm
17.9,86.5,22.8,95.0,83.6,1000.0,6.1,6.4,2.3,14.6,Rainy
18.5,82.7,68.1,81.2,100.0,999.8,1.1,27.8,1.2,15.9,Thunderstorm
29.1,36.2,10.5,301.9,15.1,1024.4,14.6,-0.0,7.0,12.6,Sunny
29.8,44.0,14.5,216.0,14.0,1018.0,15.1,0.0,7.2,12.2,Sunny
33.4,26.9,13.5,235.8,11.6,1026.2,19.8,0.1,9.3,8.1,Sunny
21.7,73.6,48.5,250.5,100.0,1013.8,1.1,14.6,0.6,11.1,Thunderstorm
32.5,28.0,6.7,213.0,11.5,1022.4,11.8,0.7,10.1,9.0,Sunny
9.6,85.1,7.7,192.2,52.0,1020.7,1.8,0.9,2.7,8.0,Foggy
6.3,95.0,8.2,23.3,71.7,1013.7,3.0,1.0,3.1,9.2,Foggy
5.5,78.9,29.7,58.1,91.4,1005.7,4.0,13.2,0.0,11.2,Rainy
22.4,61.1,17.6,337.5,64.8,1008.7,6.1,3.4,3.0,16.1,Cloudy
27.1,37.1,10.6,68.2,27.9,1017.1,18.6,0.0,6.7,18.8,Sunny
11.9,87.3,3.2,88.3,69.1,1011.6,4.3,0.8,1.8,8.8,Foggy
15.0,85.7,41.9,305.5,100.0,980.3,3.0,2.0,2.0,15.0,Thunderstorm
25.9,51.6,20.1,33.8,64.8,1020.0,9.8,3.2,2.8,12.1,Cloudy
13.8,89.2,41.6,296.1,87.3,1013.9,4.4,9.1,2.0,9.3,Rainy
22.2,58.8,18.4,216.7,51.1,1016.1,10.7,2.3,3.8,23.2,Partly Cloudy
26.3,53.9,11.2,202.8,54.5,1009.4,8.6,0.5,5.1,14.2,Partly Cloudy
20.5,83.7,39.9,266.3,97.6,992.4,3.1,9.2,2.4,16.1,Thunderstorm
24.7,84.5,32.6,143.0,95.0,1011.2,6.7,8.2,0.2,17.3,Thunderstorm
30.7,22.6,6.5,73.5,26.9,1017.9,11.7,0.0,9.2,8.8,Sunny
13.7,84.1,5.4,222.1,70.6,1010.3,1.6,0.7,1.5,11.5,Foggy
28.9,27.7,9.6,117.0,17.2,1012.2,16.7,1.0,8.6,13.8,Sunny
28.3,61.9,16.8,65.2,32.0,1011.9,14.1,1.8,3.6,8.6,Partly Cloudy
17.5,60.3,16.8,18.4,100.0,999.7,4.8,5.1,1.9,12.4,Rainy
17.4,68.4,6.3,138.6,74.4,1010.9,9.5,4.4,2.0,11.1,Cloudy
7.4,97.8,6.7,48.6,70.2,1000.9,1.9,1.0,3.4,3.9,Foggy
32.3,25.6,8.6,333.0,0.0,1021.2,13.4,0.5,5.9,13.8,Sunny
6.4,86.4,8.1,314.4,62.7,1008.2,1.6,0.3,1.8,13.1,Foggy
28.0,51.5,17.9,257.0,42.9,1012.7,10.4,0.7,5.7,17.3,Partly Cloudy
12.6,62.0,16.5,300.2,61.6,1011.5,9.3,0.5,4.5,11.0,Cloudy
21.2,79.0,22.5,284.4,94.2,1004.0,7.8,6.3,0.4,9.9,Rainy
14.7,84.0,10.5,183.0,89.2,1008.1,4.2,9.4,1.1,8.5,Rainy
13.4,69.7,19.7,59.8,76.8,1013.6,5.4,3.1,4.7,14.4,Cloudy
29.5,98.5,41.2,73.3,97.6,995.1,1.5,24.7,0.8,17.8,Thunderstorm
14.4,75.4,26.7,86.2,60.7,1007.6,16.0,2.4,3.9,13.9,Cloudy
30.9,45.1,0.0,336.9,0.0,1014.5,16.3,0.0,7.0,11.9,Sunny
31.1,17.8,6.6,215.8,7.8,1015.4,18.0,0.0,8.9,13.3,Sunny
12.0,100.0,6.4,186.7,67.7,1013.0,2.9,0.9,0.0,10.3,Foggy
7.3,88.0,2.7,146.2,97.1,1011.3,1.6,0.1,4.3,12.0,Foggy
31.9,44.7,11.7,160.0,29.2,1012.4,12.7,1.3,4.5,14.2,Partly Cloudy
25.5,65.4,14.4,50.8,39.3,1016.0,8.5,0.4,5.9,7.3,Partly Cloudy
27.5,50.8,8.3,346.1,9.2,1022.4,20.1,0.4,5.5,11.8,Sunny
19.2,50.6,24.6,134.8,63.2,1002.5,8.3,2.3,1.6,12.7,Cloudy
18.8,71.2,22.8,130.2,81.7,1009.4,10.1,2.4,2.8,9.0,Cloudy
10.6,89.9,4.5,168.1,55.1,1015.0,1.4,0.1,1.0,6.6,Foggy
9.8,87.0,4.2,124.5,85.6,1012.9,3.0,1.4,0.8,9.4,Foggy
6.9,92.3,2.9,213.0,68.6,1014.6,2.3,0.2,1.9,8.0,Foggy
18.3,75.3,32.8,57.6,92.7,998.9,5.5,6.0,0.7,12.4,Rainy
18.8,81.6,28.8,38.3,83.3,1010.2,6.9,12.9,2.7,11.8,Rainy
6.2,95.5,7.4,180.4,61.8,1013.9,3.0,0.3,2.1,5.3,Foggy
24.6,43.0,6.9,27.9,37.3,1013.4,18.3,2.8,7.1,21.2,Partly Cloudy
20.5,85.9,21.0,86.1,97.0,994.1,4.8,23.0,0.4,16.2,Thunderstorm
25.6,49.2,16.0,93.0,65.5,1010.4,13.6,0.5,3.5,14.3,Partly Cloudy
32.0,30.8,20.1,67.2,0.9,1019.9,12.0,0.0,5.2,5.8,Sunny
14.5,89.2,29.8,342.2,75.2,1004.8,7.1,9.7,2.9,13.4,Rainy
15.4,47.0,14.7,255.8,78.0,1013.6,8.0,2.4,4.3,14.3,Cloudy
12.1,81.3,30.1,185.2,94.5,1006.1,3.3,10.9,2.9,12.9,Rainy
25.3,43.9,19.7,265.4,38.7,1022.5,5.7,0.0,2.0,9.1,Partly Cloudy
17.3,75.9,26.8,52.2,73.4,1008.0,8.1,7.4,1.3,9.1,Rainy
11.0,78.9,8.6,331.1,98.7,1017.9,3.4,5.6,2.9,8.8,Rainy
18.1,54.8,13.8,181.8,71.1,1003.9,10.8,0.7,2.4,13.8,Cloudy
16.7,57.0,11.1,27.1,87.2,1008.5,13.2,0.0,3.2,15.6,Cloudy
10.8,98.2,6.0,344.6,44.3,1009.7,0.6,0.9,0.4,10.2,Foggy
36.0,35.8,11.7,206.0,12.5,1012.1,20.9,0.0,9.3,19.3,Sunny
28.9,38.7,7.9,124.8,11.6,1017.5,18.9,0.5,6.5,16.8,Sunny
17.9,65.7,19.0,61.5,72.7,1008.6,0.0,1.9,2.3,15.0,Cloudy
10.5,94.6,1.8,46.1,57.3,1017.4,2.3,0.0,2.8,11.7,Foggy
21.3,61.2,23.8,96.8,87.1,1006.6,11.5,0.0,2.3,12.4,Cloudy
17.0,89.5,0.0,326.7,100.0,996.3,6.3,11.1,0.5,17.2,Thunderstorm
20.9,56.9,4.1,336.9,95.9,1016.3,11.5,1.0,4.0,12.3,Cloudy
17.6,72.0,30.3,98.1,72.1,1004.9,14.3,6.6,1.2,10.7,Cloudy
25.4,84.5,59.9,185.4,96.8,1002.4,2.1,9.1,0.8,17.2,Thunderstorm
23.9,48.3,10.9,3.0,47.6,1020.4,10.4,1.7,6.1,19.9,Partly Cloudy
16.0,76.2,20.6,135.8,84.8,1002.1,10.2,7.6,2.6,12.5,Rainy
15.0,80.7,69.7,348.3,96.8,997.7,3.7,20.4,2.8,18.8,Thunderstorm
25.3,41.1,2.1,59.1,9.0,1024.5,20.7,0.3,8.7,14.7,Sunny
18.6,74.9,51.1,273.1,89.8,996.0,3.9,13.8,1.4,26.8,Thunderstorm
3.4,88.1,5.7,79.7,75.5,1016.5,2.0,0.4,2.0,7.5,Foggy
11.2,75.4,16.1,293.4,63.3,1013.9,9.3,0.0,4.3,15.6,Cloudy
25.2,91.4,52.5,270.4,99.7,1008.5,0.5,11.6,1.9,24.3,Thunderstorm
8.5,100.0,5.6,25.8,51.7,1005.7,3.9,0.6,3.0,14.8,Foggy
7.9,86.2,6.5,269.8,60.4,1013.2,1.5,0.0,2.1,7.9,Foggy
23.1,86.1,50.3,148.1,92.4,1002.7,4.4,17.9,2.6,19.1,Thunderstorm
22.4,20.5,8.2,41.6,9.0,1021.5,14.3,0.4,5.6,16.8,Sunny
19.4,64.3,11.5,357.7,77.9,1003.2,4.6,0.0,3.2,15.8,Cloudy
21.1,81.6,47.2,290.0,98.1,1006.0,5.1,8.3,3.0,17.3,Thunderstorm
29.2,53.7,12.2,119.8,49.2,1016.7,10.6,1.2,6.1,12.6,Partly Cloudy
16.7,93.1,16.6,291.5,78.7,994.0,6.5,6.8,0.1,13.7,Rainy
22.1,46.5,16.6,254.0,23.0,1019.0,9.8,0.2,3.6,18.6,Partly Cloudy
26.3,39.6,6.9,288.8,13.1,1018.6,17.4,-0.0,8.8,9.2,Sunny
22.8,45.3,13.8,128.7,35.6,1016.2,14.2,1.3,5.4,13.0,Partly Cloudy
35.5,41.3,4.4,332.9,7.9,1018.2,13.9,0.0,3.6,20.3,Sunny
33.0,78.9,98.6,50.0,100.0,990.4,5.8,24.2,2.3,17.3,Thunderstorm
37.5,34.5,13.2,233.6,3.7,1022.0,15.9,0.0,5.4,12.9,Sunny
13.4,85.6,29.9,311.1,96.0,1006.8,8.0,10.7,2.8,13.2,Rainy
16.2,68.1,17.9,108.1,64.2,1021.2,10.0,3.1,2.0,14.3,Cloudy
24.5,58.0,1.6,350.1,17.2,1023.1,18.7,1.5,6.5,10.4,Sunny
28.8,32.6,6.1,351.1,4.4,1024.4,13.0,0.0,10.5,9.2,Sunny
11.0,89.2,5.4,168.0,84.1,1011.2,2.3,1.8,2.9,8.4,Foggy
20.1,42.7,9.6,231.9,5.3,1019.0,17.1,0.0,8.8,6.0,Sunny
30.3,44.1,11.2,357.5,41.5,1019.8,10.4,2.8,3.1,5.6,Partly Cloudy
17.6,74.8,11.5,130.8,90.3,1004.9,7.0,7.2,3.8,15.6,Rainy
12.9,79.7,17.4,63.4,91.8,997.8,4.6,7.2,2.9,15.4,Rainy
21.4,55.3,26.9,185.1,63.2,1010.0,4.5,0.8,4.0,9.6,Cloudy
27.2,54.4,17.2,27.3,60.9,1018.3,11.8,0.9,6.4,13.0,Partly Cloudy
13.1,63.8,26.1,111.7,84.0,1016.9,6.1,4.9,2.0,10.7,Rainy
30.1,56.9,8.7,182.2,0.0,1023.5,16.2,0.0,5.3,13.1,Sunny
20.6,65.8,19.8,144.2,67.9,1013.4,9.2,1.5,1.6,15.0,Cloudy
12.2,91.2,5.2,334.1,93.4,1010.3,3.5,0.5,3.0,6.4,Foggy
20.2,67.0,32.9,343.4,87.7,1012.9,6.6,9.8,2.7,10.8,Rainy
8.9,93.0,3.2,235.9,75.2,1013.1,1.2,0.9,2.2,8.6,Foggy
27.8,65.7,13.2,303.0,68.0,1007.4,10.1,0.0,4.9,15.8,Cloudy
20.0,88.5,76.7,21.2,94.1,997.8,4.2,29.8,1.6,13.7,Thunderstorm
13.6,87.7,12.2,12.9,89.4,1000.2,6.4,11.4,0.7,13.2,Rainy
29.7,50.4,9.6,279.2,29.0,1019.4,14.4,-0.0,3.2,15.6,Partly Cloudy
19.2,69.1,10.6,290.3,73.7,1018.3,4.4,1.0,1.2,17.7,Cloudy
31.1,52.2,4.8,34.7,7.8,1019.0,14.1,0.4,10.1,13.5,Sunny
24.1,83.3,67.9,50.4,90.9,993.9,4.4,8.3,2.4,13.0,Thunderstorm
14.5,72.4,29.5,102.2,100.0,1008.2,6.4,9.7,3.7,9.8,Rainy
26.5,31.5,7.1,346.8,16.1,1020.1,13.0,0.5,9.0,6.5,Sunny
13.6,81.7,42.7,227.7,89.0,991.4,6.9,15.8,2.7,15.8,Thunderstorm
26.0,46.3,15.5,126.8,52.7,1023.6,12.6,0.9,5.1,16.1,Partly Cloudy
22.6,77.0,31.9,118.4,79.8,1009.8,6.4,0.0,1.6,16.9,Cloudy
19.9,77.1,8.1,229.1,94.5,1012.1,5.8,6.9,3.6,17.2,Cloudy
19.7,77.3,22.1,170.8,68.2,1018.9,10.2,3.2,0.9,14.3,Cloudy
30.0,86.3,32.9,182.0,93.6,1003.5,1.2,25.6,1.6,11.2,Thunderstorm
15.6,90.4,7.2,356.4,57.9,1018.6,2.3,0.2,1.4,10.1,Foggy
31.0,53.0,15.0,268.4,39.2,1007.1,12.5,2.0,6.0,8.4,Partly Cloudy
7.2,94.4,6.1,112.3,84.7,1011.5,2.4,0.2,1.3,7.9,Foggy
7.8,80.7,14.6,79.2,85.7,1011.8,5.9,5.6,1.1,10.7,Rainy
34.6,26.1,9.5,357.2,9.1,1021.7,12.2,0.0,7.9,16.4,Sunny
5.3,93.9,5.5,72.5,60.8,1015.7,2.5,0.5,2.3,7.7,Foggy
13.1,92.1,2.9,325.2,67.7,1014.8,1.4,1.3,2.0,11.3,Foggy
18.8,80.5,24.3,192.1,88.7,1005.7,6.0,2.2,5.9,11.9,Cloudy
23.5,83.5,41.7,121.2,97.4,1004.8,3.5,27.5,3.3,20.0,Thunderstorm
6.7,79.6,40.3,263.1,79.0,1001.7,4.5,12.6,3.8,14.4,Rainy
14.0,95.7,7.3,11.1,80.5,1009.1,2.3,0.3,3.6,10.6,Foggy
12.4,91.0,7.0,335.3,79.8,1011.1,2.1,0.5,0.4,12.9,Foggy
19.1,80.9,34.0,7.1,89.6,1010.2,6.3,0.4,0.6,8.7,Rainy
13.0,90.9,16.6,205.7,100.0,1005.1,6.5,9.0,1.7,12.4,Rainy
23.8,36.0,6.8,150.1,7.9,1024.6,12.9,0.0,10.8,13.6,Sunny
17.9,71.2,16.3,315.7,60.5,1008.8,10.7,2.0,4.0,8.5,Cloudy
32.4,29.4,9.5,270.1,33.9,1016.3,17.3,0.3,7.2,9.2,Sunny
23.2,81.2,42.3,232.9,93.7,1000.2,0.4,13.2,1.2,17.1,Thunderstorm
28.4,32.3,8.0,33.5,11.9,1019.3,15.3,0.0,10.2,18.1,Sunny
19.4,61.6,9.4,321.9,66.6,1020.1,9.5,3.4,2.8,12.6,Cloudy
21.2,69.0,18.8,224.1,73.4,1012.3,7.7,0.0,1.7,15.9,Cloudy
30.0,84.9,49.9,190.0,90.6,994.2,7.3,9.0,1.9,18.7,Thunderstorm
21.4,80.4,22.4,43.1,98.4,994.1,8.0,9.0,1.2,16.4,Thunderstorm
31.6,42.6,15.5,68.5,17.8,1016.7,16.2,-0.0,3.9,13.9,Sunny
26.9,52.3,10.9,126.2,2.6,1019.2,13.4,0.5,9.1,11.3,Sunny
12.5,73.0,5.9,206.5,60.6,1013.9,3.0,0.2,3.1,7.7,Foggy
19.0,62.9,17.0,129.4,73.6,1001.6,11.0,0.6,3.9,14.4,Cloudy
30.0,50.7,15.0,131.0,62.8,1010.5,9.4,0.0,5.3,15.3,Partly Cloudy
20.5,64.2,27.9,224.7,91.0,1009.3,8.9,2.0,2.4,11.8,Cloudy
15.1,65.0,19.4,227.1,66.2,1011.7,7.3,0.4,4.1,15.5,Cloudy
7.6,90.0,3.1,78.0,54.4,1007.0,1.3,1.0,0.2,10.3,Foggy
31.6,29.2,11.0,215.5,12.9,1015.3,12.6,0.1,7.1,7.5,Sunny
22.8,70.3,18.9,142.1,98.1,1009.6,10.6,1.4,3.5,15.7,Cloudy
16.5,87.8,22.8,295.1,100.0,1004.7,3.3,19.0,2.3,21.5,Thunderstorm
22.5,84.7,55.7,224.1,91.5,1000.0,3.5,16.7,2.8,14.1,Thunderstorm
20.0,61.2,10.9,358.8,49.7,1020.9,8.4,0.7,5.5,7.7,Partly Cloudy
36.9,38.7,17.0,81.0,7.7,1005.3,13.9,0.0,4.9,11.6,Sunny
6.3,100.0,5.5,336.1,90.3,1017.0,2.0,1.9,3.0,5.2,Foggy
21.6,50.2,13.6,162.4,18.8,1015.1,14.1,0.1,7.6,16.1,Sunny
31.5,37.8,6.9,214.2,0.0,1019.1,15.9,0.1,8.1,16.7,Sunny
28.9,36.2,15.6,352.2,1.7,1020.1,16.7,0.5,4.8,13.1,Sunny
7.7,93.4,5.8,139.8,79.5,1006.2,2.5,0.3,2.4,9.2,Foggy
16.9,52.2,15.0,292.7,71.8,996.4,9.1,1.8,2.1,12.3,Cloudy
26.1,92.3,51.0,67.9,99.0,999.8,8.4,15.1,1.8,17.6,Thunderstorm
10.1,100.0,7.1,263.2,37.5,1008.3,3.2,0.4,2.0,13.2,Foggy
21.9,72.3,12.8,233.7,83.7,1004.0,7.8,11.7,2.4,9.4,Rainy
30.8,30.5,15.4,167.8,10.8,1026.6,10.8,0.0,8.6,11.1,Sunny
28.6,55.1,15.5,286.9,14.8,1011.3,15.5,2.2,3.1,13.6,Partly Cloudy
12.2,83.9,3.8,239.5,74.0,1018.0,1.3,0.8,2.6,3.9,Foggy
14.1,74.6,17.1,19.8,65.5,1010.2,8.0,0.1,3.9,11.3,Cloudy
12.4,80.0,16.3,348.0,82.8,1013.3,6.8,10.4,2.9,14.7,Rainy
10.1,75.2,20.6,216.1,89.9,1009.0,3.1,12.8,2.4,11.4,Rainy
14.3,85.9,29.3,335.2,97.9,1011.3,3.5,33.8,3.0,16.1,Thunderstorm
24.4,71.3,21.2,294.2,45.4,1013.1,13.3,2.2,5.1,15.0,Partly Cloudy
26.1,75.5,28.4,87.2,94.3,988.4,6.5,9.4,2.1,14.5,Thunderstorm
15.4,78.9,25.4,120.9,88.7,1000.7,6.7,7.6,0.4,13.1,Rainy
16.0,90.5,22.8,266.5,90.7,989.6,4.6,15.7,2.0,13.4,Thunderstorm
18.6,92.2,19.7,235.0,84.0,1009.2,7.4,10.5,2.2,12.9,Rainy
24.8,82.5,19.8,233.2,69.2,1004.0,10.4,2.0,3.7,10.4,Cloudy
28.7,52.3,26.6,86.5,62.7,1006.9,16.2,0.0,6.5,17.2,Partly Cloudy
37.4,30.3,15.8,47.8,23.1,1019.3,13.7,0.0,5.8,15.7,Sunny
28.3,25.4,6.8,125.1,9.3,1018.7,14.4,0.4,9.4,4.0,Sunny
14.8,84.8,29.0,59.6,83.3,1005.5,5.9,13.6,2.5,9.7,Rainy
10.9,84.9,27.7,113.7,95.3,997.5,6.2,5.9,1.8,15.1,Rainy
31.6,41.2,9.0,193.4,26.0,1021.8,14.2,0.6,5.7,9.9,Sunny
22.7,85.8,35.1,134.1,97.8,1002.6,5.0,25.0,2.2,16.3,Thunderstorm
13.5,72.1,20.4,68.7,64.8,998.0,4.5,1.9,2.8,12.9,Cloudy
19.8,64.8,26.6,50.8,91.6,1012.5,10.6,1.7,2.3,14.2,Cloudy
33.7,31.4,3.8,186.6,8.5,1021.6,12.9,0.3,8.2,9.1,Sunny
11.7,87.7,2.6,158.8,78.1,1013.9,1.2,1.2,0.0,14.8,Foggy
23.2,89.8,21.4,206.6,95.0,982.0,3.8,11.3,2.0,16.3,Thunderstorm
20.4,79.3,42.0,130.8,86.0,999.0,7.7,4.5,2.6,9.1,Rainy
27.2,94.3,16.4,355.3,92.3,991.0,6.7,21.9,2.1,24.4,Thunderstorm
25.9,47.5,14.9,77.5,38.5,1013.4,10.0,1.0,8.2,15.0,Partly Cloudy
26.9,89.2,30.7,347.4,94.6,997.4,1.0,4.0,1.4,23.5,Thunderstorm
32.8,40.0,13.6,58.4,4.1,1017.4,17.3,0.5,8.9,8.9,Sunny
9.0,93.6,20.4,67.2,93.4,1011.5,8.5,3.8,1.3,14.7,Rainy
10.9,80.5,33.7,318.5,96.0,1000.6,10.1,13.1,1.9,13.5,Rainy
19.3,55.2,13.4,221.9,75.2,1005.2,10.0,0.0,3.7,7.5,Cloudy
24.5,39.0,16.8,91.4,40.9,1014.5,7.2,0.4,4.2,18.5,Partly Cloudy
14.7,63.1,17.3,270.6,88.5,1004.5,5.7,3.2,5.5,20.0,Cloudy
28.5,39.5,10.9,110.1,1.4,1024.6,14.6,1.0,13.5,15.5,Sunny
12.3,80.3,27.9,210.8,97.4,994.8,5.2,9.0,0.0,10.0,Rainy
14.7,28.4,8.7,15.5,7.2,1018.0,14.0,0.0,6.7,9.5,Sunny
33.2,38.2,10.7,74.6,12.0,1021.8,16.9,0.0,8.5,9.7,Sunny
8.9,93.8,6.0,83.6,73.0,1007.3,1.0,0.0,1.9,15.0,Foggy
17.0,57.5,11.6,344.5,48.3,1012.7,6.7,2.5,5.3,14.7,Partly Cloudy
26.4,33.6,10.7,264.5,9.4,1015.2,16.2,0.0,10.6,9.2,Sunny
24.4,74.9,60.5,29.5,97.3,995.3,3.7,20.8,1.8,27.4,Thunderstorm
16.6,78.9,71.6,322.5,100.0,1001.4,4.6,12.8,2.2,14.3,Thunderstorm
9.8,75.8,15.2,53.3,71.7,1013.4,8.2,1.9,3.6,11.6,Cloudy
11.9,79.2,15.6,215.9,79.3,1011.2,2.5,10.1,2.8,13.7,Rainy
14.5,91.0,18.1,302.0,84.9,1010.7,3.4,0.0,0.4,9.2,Rainy
26.7,79.5,45.2,122.0,97.5,995.9,2.6,24.8,1.3,18.2,Thunderstorm
18.2,78.0,13.4,332.5,79.6,1001.6,6.4,0.0,0.6,17.9,Rainy
26.8,36.8,11.9,20.7,33.1,1014.2,9.9,0.3,8.9,5.2,Sunny
23.8,42.6,10.7,184.9,6.3,1021.3,13.5,0.0,8.8,14.7,Sunny
20.7,21.0,6.2,347.3,0.0,1020.7,21.1,0.0,6.1,13.3,Sunny
20.4,63.9,8.0,275.1,44.7,1008.9,9.6,2.3,4.2,10.8,Partly Cloudy
27.9,45.5,6.2,107.3,4.9,1016.1,16.0,0.4,6.0,9.1,Sunny
3.7,90.6,8.9,34.2,93.9,1017.3,2.8,0.4,4.1,12.1,Foggy
17.2,71.1,23.3,124.9,49.8,1010.5,0.0,2.9,3.0,10.1,Cloudy
7.0,87.1,4.8,126.6,87.1,1015.4,1.3,0.5,2.7,9.6,Foggy
13.5,94.1,5.0,152.9,71.6,1021.6,1.5,1.2,2.3,3.7,Foggy
18.3,48.4,9.0,357.0,35.7,1018.6,12.2,3.6,5.3,3.0,Partly Cloudy
19.1,80.5,38.2,71.9,88.9,999.6,4.8,7.9,2.1,13.2,Thunderstorm
26.8,58.0,11.1,5.5,16.0,1020.1,10.4,1.3,6.5,10.2,Partly Cloudy
6.6,100.0,5.5,156.8,67.3,1004.6,2.6,0.3,1.9,2.6,Foggy
9.3,93.7,6.3,164.6,69.0,1003.0,0.4,1.2,1.5,11.4,Foggy
24.6,46.9,13.7,313.5,13.6,1019.5,18.2,0.0,7.9,11.8,Sunny
19.5,99.4,2.5,215.6,63.8,1010.0,1.6,1.3,1.4,14.0,Foggy
7.5,96.7,5.0,224.6,100.0,1018.1,0.0,0.4,0.5,6.4,Foggy
10.2,85.6,6.6,27.5,72.6,1008.7,2.1,0.6,1.1,12.6,Foggy
22.6,66.6,18.2,42.5,78.7,1007.9,7.7,0.7,3.2,10.7,Cloudy
15.4,71.7,28.1,303.5,91.2,1003.5,5.5,9.9,4.6,11.9,Rainy
12.0,51.4,17.3,137.3,76.6,1020.9,5.1,2.0,3.2,11.8,Cloudy
15.6,56.8,7.0,182.6,75.0,1009.1,13.0,2.3,4.6,10.6,Cloudy
13.8,64.4,29.5,124.0,82.3,999.4,7.4,5.1,0.0,13.4,Rainy
4.2,88.1,9.9,216.1,65.3,1015.8,0.0,0.4,3.2,7.9,Foggy
23.6,83.7,61.4,270.5,91.3,991.6,2.1,25.9,0.4,21.1,Thunderstorm
25.2,34.0,18.2,122.6,15.4,1016.9,8.3,0.2,5.1,13.2,Partly Cloudy
8.7,68.1,16.5,271.4,87.2,1000.3,3.8,9.4,2.2,12.4,Rainy
22.7,47.5,11.6,358.1,37.1,1015.3,10.1,0.6,5.0,13.7,Partly Cloudy
26.9,90.8,28.6,99.2,95.1,998.9,0.8,17.3,0.2,23.1,Thunderstorm
11.5,57.6,18.1,281.8,94.7,1016.1,9.0,4.3,5.1,13.3,Cloudy
15.5,95.7,16.3,124.6,79.0,997.3,2.1,8.0,0.2,13.2,Rainy
29.6,93.6,63.4,89.3,95.3,997.4,1.4,15.8,2.2,14.9,Thunderstorm
25.3,80.9,56.2,325.7,96.5,986.3,1.2,13.2,2.5,18.1,Thunderstorm
27.8,97.6,62.5,318.5,97.5,993.8,6.3,22.9,1.4,20.9,Thunderstorm
9.1,96.4,7.8,134.3,69.9,1010.0,2.8,0.9,3.2,8.0,Foggy
14.0,89.1,30.2,108.9,84.4,1008.6,6.8,8.0,2.3,14.0,Rainy
17.0,77.6,23.7,332.6,93.9,994.6,11.2,8.7,3.2,11.0,Rainy
17.9,58.5,19.2,265.3,65.9,1023.2,9.1,0.0,3.1,8.7,Cloudy
31.5,50.5,6.6,105.7,2.8,1021.9,19.9,0.1,10.5,10.6,Sunny
25.0,96.5,36.2,154.6,93.5,989.4,1.9,10.6,1.8,15.6,Thunderstorm
28.4,36.8,9.4,311.3,11.6,1021.4,16.5,0.4,6.8,9.1,Sunny
15.8,85.7,17.3,189.9,87.7,1018.5,7.4,10.1,0.0,5.6,Rainy
5.2,87.4,5.0,181.1,89.4,1021.0,1.3,0.7,1.4,7.1,Foggy
11.0,93.0,4.3,226.2,70.7,1010.9,1.9,0.0,2.8,4.6,Foggy
14.7,88.5,31.0,284.5,70.9,999.9,4.0,9.5,2.8,12.1,Rainy
11.9,67.7,18.3,16.8,87.8,1012.7,5.2,13.8,1.8,10.0,Rainy
28.2,40.0,9.0,268.6,25.5,1015.5,13.1,0.1,4.8,15.5,Sunny
12.6,84.3,19.0,56.0,100.0,996.1,6.7,11.7,1.3,12.0,Rainy
18.5,42.6,6.3,79.7,33.4,1020.7,7.0,0.0,6.5,12.2,Partly Cloudy
25.9,44.4,14.7,322.2,44.1,1013.0,11.7,1.8,7.2,7.5,Partly Cloudy
13.5,74.4,25.5,285.3,100.0,1008.6,9.0,11.1,2.0,10.0,Rainy
25.8,81.9,24.7,41.0,82.2,1011.2,2.5,1.2,3.0,10.9,Rainy
18.8,74.2,22.4,154.3,70.2,1007.8,0.0,1.9,1.2,15.3,Cloudy
28.9,40.0,13.6,76.5,0.0,1016.5,9.4,0.2,8.5,12.5,Sunny
8.9,93.8,4.4,350.2,79.8,1011.1,3.3,0.7,3.6,9.2,Foggy
35.9,48.8,15.8,72.9,1.3,1011.5,16.7,0.3,7.0,17.7,Sunny
30.0,41.6,13.8,80.5,4.4,1014.0,11.6,0.7,4.4,18.8,Sunny
25.4,42.3,13.6,262.9,32.1,1018.8,12.3,0.0,4.2,9.1,Partly Cloudy
27.7,47.5,8.1,76.9,0.0,1027.9,19.9,0.1,11.1,14.7,Sunny
9.2,96.7,8.0,231.7,73.0,1011.8,2.4,0.2,3.0,8.4,Foggy
10.6,92.2,5.7,12.2,64.8,1013.0,1.4,0.0,1.5,5.3,Foggy
9.3,95.7,5.2,174.9,71.2,1009.7,3.1,0.2,3.7,8.4,Foggy
18.2,100.0,63.4,225.3,89.8,984.7,6.0,20.6,1.2,11.1,Thunderstorm
23.7,80.9,32.2,226.4,88.7,998.5,4.0,21.3,1.0,22.3,Thunderstorm
19.9,65.4,19.4,146.7,64.8,998.5,9.0,2.1,2.9,13.1,Cloudy
11.6,94.0,4.0,23.0,39.1,1005.4,2.0,0.8,1.3,10.4,Foggy
16.8,94.1,31.3,145.9,85.0,1001.7,6.0,3.4,1.7,9.2,Rainy
14.6,79.3,9.1,129.7,53.1,1020.9,9.2,1.2,1.6,13.0,Cloudy
35.5,48.9,12.0,282.8,31.0,1005.9,14.0,1.8,6.2,13.4,Partly Cloudy
19.2,47.1,4.1,90.4,1.8,1012.4,20.5,0.9,2.8,10.1,Sunny
18.1,90.5,24.4,64.6,98.0,986.6,5.5,15.9,3.0,20.6,Thunderstorm
23.6,77.0,62.3,33.8,92.4,990.8,6.9,15.4,1.4,19.0,Thunderstorm
37.5,43.3,5.1,110.2,6.9,1017.6,21.5,0.0,9.4,11.0,Sunny
16.0,86.3,21.5,155.0,98.2,999.7,5.3,6.2,1.6,7.2,Rainy
23.2,88.3,62.5,250.5,92.0,982.9,5.9,15.2,2.2,13.2,Thunderstorm
32.3,59.0,20.2,96.1,53.3,1008.8,17.2,2.1,5.2,10.0,Partly Cloudy
19.5,91.3,3.8,217.3,88.6,1007.6,1.8,0.2,2.5,14.5,Foggy
20.1,83.9,35.6,221.3,97.3,993.2,5.0,2.7,0.5,19.9,Thunderstorm
17.3,61.0,16.6,303.6,73.6,1015.3,11.0,3.7,2.9,11.5,Cloudy
30.1,37.4,9.6,319.7,2.3,1024.0,14.4,0.0,9.5,10.9,Sunny
9.8,76.1,58.7,169.8,88.9,997.4,1.5,21.0,1.3,21.0,Thunderstorm
27.0,82.1,60.2,253.2,100.0,996.0,2.6,13.5,1.6,17.7,Thunderstorm
21.3,77.2,16.2,147.6,80.5,997.6,5.8,5.0,1.7,9.6,Rainy
27.0,91.9,34.2,150.3,98.2,1006.1,2.2,10.7,0.5,23.3,Thunderstorm
22.7,41.3,25.8,26.0,49.6,1022.2,14.1,0.4,3.9,17.2,Partly Cloudy
8.3,78.1,7.7,247.9,71.1,1015.7,5.7,3.2,2.6,18.9,Cloudy
22.6,26.3,13.9,242.9,9.7,1025.5,17.3,0.0,10.1,12.2,Sunny
8.7,95.4,23.0,2.7,88.9,1010.1,3.7,9.2,3.1,10.1,Rainy
29.4,48.3,16.3,39.5,20.8,1013.0,11.8,0.0,6.5,9.0,Sunny
12.9,52.0,17.7,283.8,70.1,1013.5,9.1,1.1,3.5,17.6,Cloudy
9.1,93.8,4.5,117.3,61.2,1016.8,2.5,0.2,0.3,8.4,Foggy
7.3,84.8,3.6,291.1,77.7,1013.9,1.4,0.4,3.8,5.9,Foggy
25.5,60.4,19.2,222.5,59.8,1013.6,7.5,2.9,2.4,16.4,Cloudy
22.1,45.2,17.6,328.0,43.9,1018.9,12.1,2.5,4.7,9.9,Partly Cloudy
19.5,88.9,31.5,235.9,95.3,1009.9,4.0,10.2,1.8,23.2,Thunderstorm
14.7,79.9,11.0,185.1,68.9,1017.7,8.0,6.0,2.7,22.0,Cloudy
20.6,34.3,10.2,248.0,16.2,1009.9,14.5,0.6,8.3,18.2,Sunny
20.7,49.7,2.8,57.8,45.1,1008.7,7.6,2.2,5.2,4.6,Partly Cloudy
12.1,94.7,7.2,45.3,72.2,1008.9,2.1,0.0,1.8,5.5,Foggy
24.4,88.4,42.3,86.6,84.5,1002.5,4.4,17.1,1.1,21.3,Thunderstorm
29.1,42.6,16.7,289.2,10.3,1018.0,17.4,0.3,6.6,11.1,Sunny
14.0,61.5,8.4,275.7,75.0,1016.1,7.4,0.0,0.3,13.9,Cloudy
10.3,90.8,6.1,67.2,67.3,1012.2,0.1,0.0,1.4,6.5,Foggy
16.2,52.3,22.2,217.8,84.9,1011.1,5.0,1.1,2.1,10.6,Cloudy
5.5,100.0,5.8,101.0,66.9,1012.0,2.1,0.1,0.8,8.5,Foggy
11.1,83.0,18.6,227.2,95.7,1010.7,5.8,6.5,2.7,14.9,Rainy
25.7,77.8,92.5,149.9,98.9,995.3,3.3,13.0,0.0,17.2,Thunderstorm
28.4,85.0,35.1,124.8,91.7,1000.6,3.5,7.9,2.5,18.3,Thunderstorm
4.7,98.8,6.0,237.9,63.0,1012.0,1.7,0.7,1.8,11.2,Foggy
30.9,34.2,13.2,142.7,27.9,1019.2,8.9,0.2,2.8,15.5,Partly Cloudy
17.8,93.8,54.3,181.5,100.0,990.2,3.8,6.5,1.6,22.2,Thunderstorm
21.9,66.1,29.4,359.2,84.9,1004.5,6.3,2.8,2.3,12.1,Rainy
16.9,58.4,23.1,189.7,57.2,1011.0,11.7,2.8,5.5,16.7,Partly Cloudy
12.3,75.0,21.1,88.3,83.6,1010.8,7.0,15.7,3.2,12.5,Rainy
9.9,98.0,6.3,150.7,57.9,1007.5,2.2,0.0,3.4,14.5,Foggy
12.2,91.3,36.8,264.0,82.7,995.8,3.9,9.8,0.7,12.5,Rainy
22.6,88.8,63.0,28.7,95.0,997.7,4.8,23.2,2.2,21.3,Thunderstorm
19.1,84.0,14.7,252.2,100.0,1008.0,6.0,0.0,4.0,15.2,Cloudy
15.1,77.4,30.5,346.6,99.9,1009.0,4.1,0.0,2.5,18.4,Rainy
19.9,90.5,78.7,14.1,94.9,1006.9,0.4,13.8,1.0,14.4,Thunderstorm
18.8,80.3,32.3,240.6,87.0,1007.0,7.7,10.0,2.7,13.3,Rainy
25.0,28.6,6.6,82.6,17.3,1018.0,14.4,0.0,5.9,14.1,Sunny
26.2,30.3,16.0,37.0,41.0,1015.2,8.3,0.0,2.6,16.1,Partly Cloudy
7.9,69.8,36.4,5.2,88.9,1016.1,7.5,16.6,1.4,10.8,Rainy
16.7,98.5,5.4,210.3,64.5,1009.4,1.5,0.8,2.2,8.6,Foggy
31.4,54.3,13.3,226.4,27.7,1018.6,13.2,0.8,9.0,9.2,Partly Cloudy
29.4,34.6,9.0,341.5,8.7,1012.1,17.1,0.0,8.4,17.2,Sunny
18.9,84.6,16.7,39.5,99.7,1006.0,5.8,10.5,3.3,12.4,Rainy
25.6,59.8,19.8,318.8,64.9,1020.0,14.3,0.0,3.7,10.3,Partly Cloudy
18.1,91.8,24.9,283.4,100.0,989.5,3.0,13.2,1.0,13.5,Thunderstorm
12.4,85.9,6.7,31.7,73.2,1014.2,1.7,0.3,2.5,9.6,Foggy
14.3,84.4,21.4,152.6,86.5,1014.4,6.4,6.5,1.2,11.5,Rainy
16.4,73.3,16.5,168.6,78.2,1013.4,7.2,4.4,3.7,13.3,Cloudy
36.1,14.8,15.3,243.7,17.8,1021.0,11.5,0.0,8.0,16.8,Sunny
9.8,57.2,28.8,300.2,76.9,1002.2,5.6,13.3,2.7,11.9,Rainy
18.7,78.4,28.5,352.8,86.2,1002.5,8.5,4.6,2.0,9.6,Rainy
10.0,92.3,9.1,66.9,66.4,1013.4,3.0,0.7,2.7,11.3,Foggy
10.1,98.0,3.0,125.4,80.9,1007.4,2.7,0.7,0.4,9.0,Foggy
19.4,72.3,20.2,290.2,84.6,999.0,5.4,6.4,1.0,11.1,Rainy
23.6,80.0,16.1,4.7,93.9,1002.2,0.0,29.6,2.3,18.8,Thunderstorm
13.0,82.9,13.3,177.3,87.2,1007.3,5.9,8.6,2.8,12.7,Rainy
15.6,87.5,66.2,22.2,100.0,985.1,3.7,9.1,2.0,20.1,Thunderstorm
33.7,63.5,15.4,180.6,6.5,1012.4,16.5,0.0,9.9,3.3,Sunny
28.7,35.3,5.0,271.3,20.2,1022.4,12.0,0.5,9.7,12.3,Sunny
12.2,92.9,4.3,214.7,71.4,1010.6,2.7,0.0,1.2,4.2,Foggy
30.2,56.5,6.1,35.0,8.6,1010.7,10.5,0.0,7.4,15.9,Sunny
10.6,50.5,29.3,108.0,59.5,1009.9,2.7,4.1,5.0,13.9,Cloudy
16.7,73.0,20.5,32.7,93.2,997.2,3.3,12.4,1.5,13.6,Rainy
22.7,54.1,9.4,136.2,43.7,1020.8,7.3,2.6,6.9,10.3,Partly Cloudy
23.3,46.6,10.8,34.5,39.1,1012.1,12.9,1.9,4.3,13.6,Partly Cloudy
25.4,86.6,60.7,204.0,94.2,992.8,4.0,19.0,2.1,16.5,Thunderstorm
14.9,72.4,34.1,8.4,87.1,1007.5,4.7,3.5,2.5,15.8,Rainy
8.3,91.9,6.7,222.7,50.1,1005.8,3.6,0.0,1.8,8.7,Foggy
13.8,84.8,22.4,212.4,97.2,1001.9,4.9,2.0,2.6,10.8,Rainy
18.0,79.4,26.5,321.1,93.1,1010.8,8.8,1.5,1.4,11.3,Rainy
11.1,82.4,24.5,24.5,88.9,1015.2,8.0,4.6,2.8,12.8,Rainy
32.0,23.2,11.7,28.4,20.4,1024.8,16.7,0.3,6.4,10.6,Sunny
24.7,59.8,8.9,74.0,41.6,1011.4,10.0,1.2,4.6,12.3,Partly Cloudy
21.7,66.3,10.2,61.1,86.8,1009.8,4.0,3.3,3.2,18.8,Cloudy
16.2,70.6,32.1,192.3,81.5,1015.1,7.7,10.6,1.3,9.0,Rainy
18.0,74.3,9.5,5.8,99.3,1011.5,5.0,7.4,2.1,10.4,Rainy
24.4,87.8,42.2,76.8,96.6,998.2,6.1,29.8,0.6,22.0,Thunderstorm
18.6,82.8,61.8,53.2,87.1,1009.7,5.3,11.7,1.4,20.5,Thunderstorm
19.0,98.4,37.0,240.0,95.2,985.9,4.3,14.1,2.3,15.6,Thunderstorm
25.5,79.8,44.4,40.9,88.3,1008.6,4.2,23.3,1.5,16.0,Thunderstorm
25.7,62.9,8.1,266.1,48.0,1020.0,8.4,0.0,4.5,13.6,Partly Cloudy
13.3,81.6,24.4,224.4,94.0,1002.3,7.0,7.7,1.7,12.0,Rainy
35.1,41.8,17.0,19.6,25.8,1022.1,19.0,0.4,9.9,12.2,Sunny
14.5,92.5,5.9,45.5,85.4,1015.0,0.3,0.7,3.3,14.0,Foggy
33.1,32.2,5.2,61.4,13.6,1018.6,13.3,0.3,8.5,7.4,Sunny
8.6,100.0,7.5,323.1,75.7,1014.5,2.0,0.5,2.6,12.3,Foggy
17.1,86.9,33.1,104.4,88.5,1006.0,9.4,9.1,2.2,14.9,Rainy
32.2,40.7,10.2,13.8,14.5,1011.7,20.1,0.0,9.2,14.5,Sunny
30.7,79.4,33.0,285.0,83.0,999.8,3.0,20.7,0.9,17.3,Thunderstorm
26.7,38.7,6.7,227.9,0.8,1027.4,9.3,0.2,6.3,13.9,Sunny
18.7,93.6,60.2,227.6,97.9,999.6,2.8,9.2,2.2,17.6,Thunderstorm
23.4,89.5,30.0,152.1,92.7,998.8,5.2,2.7,0.8,24.4,Thunderstorm
33.1,31.0,9.9,126.9,0.0,1025.2,15.6,0.3,5.5,17.9,Sunny
11.7,70.0,39.4,168.5,84.1,1014.4,5.0,8.8,1.4,6.1,Rainy
15.6,71.4,10.9,296.0,86.1,1019.3,8.3,1.2,2.6,16.8,Cloudy
19.3,79.3,45.0,302.3,90.0,992.1,3.8,18.6,1.2,21.4,Thunderstorm
30.6,39.9,8.8,60.9,23.1,1016.6,23.1,0.4,11.7,16.0,Sunny
11.7,92.2,3.4,106.2,80.8,1015.5,1.5,0.8,2.2,5.5,Foggy
26.4,90.0,44.1,98.7,95.5,993.3,1.5,4.4,3.0,23.0,Thunderstorm
14.1,68.3,10.1,231.7,68.3,1012.7,7.4,2.1,1.3,15.7,Cloudy
21.2,70.7,28.1,318.9,82.5,1006.2,9.7,6.6,3.1,11.6,Rainy
22.1,35.5,12.6,101.3,54.1,1013.8,11.6,1.1,4.8,17.6,Partly Cloudy
20.0,100.0,27.6,150.5,100.0,999.2,6.7,4.7,1.2,2.6,Rainy
12.6,96.6,7.1,177.5,60.4,1012.1,3.9,0.1,0.5,6.2,Foggy
14.4,74.7,22.5,269.2,96.4,1004.6,8.0,6.3,2.3,18.0,Rainy
9.4,100.0,7.6,186.1,98.1,1018.0,2.1,0.8,0.1,5.9,Foggy
17.6,82.5,40.1,187.8,77.0,1003.9,8.6,13.1,2.9,8.9,Rainy
17.1,52.6,14.3,336.3,89.4,1007.6,7.7,0.0,4.4,14.6,Cloudy
18.7,58.3,12.2,261.1,86.0,1016.4,8.6,2.3,3.0,10.7,Cloudy
7.3,97.6,8.0,253.0,74.2,1018.3,1.2,0.6,2.7,11.2,Foggy
24.0,80.0,62.6,344.0,93.4,1016.6,1.6,9.8,2.4,25.0,Thunderstorm
36.8,44.5,9.9,176.1,8.4,1019.7,9.9,0.0,6.2,14.7,Sunny
11.2,93.1,4.0,323.1,19.4,1023.5,2.5,1.1,1.3,6.2,Foggy
3.2,86.8,4.8,252.3,85.1,1012.1,0.7,1.5,1.2,8.5,Foggy
5.3,71.7,36.8,198.7,86.7,995.9,6.4,14.7,1.7,15.3,Thunderstorm
14.3,61.6,18.4,128.2,83.2,1003.8,7.4,15.4,4.1,15.7,Rainy
19.3,48.6,15.3,90.1,82.7,1006.9,8.1,2.5,3.1,12.2,Cloudy
9.6,89.9,7.3,111.5,62.4,1012.6,3.0,1.1,2.4,5.9,Foggy
12.4,90.4,6.7,70.1,90.3,1012.0,2.5,0.0,1.7,9.8,Foggy
25.7,36.4,13.3,176.7,52.0,1017.9,11.6,0.2,5.1,12.8,Partly Cloudy
8.0,86.5,32.4,1.7,85.9,1008.1,6.0,4.0,1.1,12.6,Rainy
27.8,28.2,9.6,233.8,4.2,1017.7,10.1,0.9,3.4,12.6,Sunny
15.3,80.4,41.6,205.6,100.0,995.1,7.7,21.0,2.2,24.9,Thunderstorm
18.9,42.2,12.6,235.1,33.2,1013.7,14.7,0.0,4.2,9.5,Partly Cloudy
18.1,90.3,33.0,188.6,88.5,1008.8,6.3,23.5,1.0,19.8,Thunderstorm
7.9,95.3,3.6,291.8,57.6,1013.7,0.7,0.4,3.5,9.7,Foggy
29.8,44.3,16.7,228.8,50.2,1008.6,9.0,0.9,3.8,11.2,Partly Cloudy
11.8,91.8,7.0,353.2,77.0,1004.1,2.2,0.6,2.4,9.3,Foggy
16.4,80.8,16.9,208.0,85.4,998.0,6.7,6.7,1.3,18.0,Rainy
7.5,87.8,4.3,196.3,81.6,1009.4,2.7,0.1,2.6,10.6,Foggy
17.3,79.3,13.2,212.1,84.9,1009.6,5.6,6.1,3.6,16.6,Rainy
25.5,60.7,20.0,98.0,75.5,1004.4,9.6,1.2,2.8,11.9,Cloudy
27.9,41.6,18.2,86.5,42.2,1019.5,12.6,0.0,6.1,8.6,Partly Cloudy
21.2,59.9,16.1,78.4,78.4,1012.8,7.0,2.7,1.8,13.3,Cloudy
22.1,57.9,9.1,141.8,36.1,1014.2,8.9,0.6,3.9,15.2,Partly Cloudy
7.0,86.2,25.6,117.6,88.6,999.8,6.6,0.0,2.4,15.5,Rainy
18.5,57.6,22.2,61.9,83.7,1018.0,6.8,3.0,4.0,10.2,Cloudy
30.9,22.3,16.1,309.0,55.6,1012.5,11.7,0.8,8.5,15.6,Partly Cloudy
27.7,50.5,12.4,302.6,42.0,1015.9,10.9,0.0,7.4,18.3,Partly Cloudy
26.3,47.6,24.5,265.2,67.0,1015.3,10.7,1.5,2.8,15.1,Cloudy
4.7,89.0,5.6,337.5,59.0,1013.6,1.9,1.1,2.8,7.3,Foggy
28.3,52.5,13.1,316.3,46.0,1009.7,6.1,2.1,3.0,9.9,Partly Cloudy
22.5,82.9,63.0,51.6,94.7,983.4,5.0,19.6,1.6,14.7,Thunderstorm
23.9,34.8,22.2,283.8,50.6,1024.9,14.1,1.6,6.3,17.7,Partly Cloudy
29.3,83.6,61.0,201.5,94.6,999.2,3.6,26.1,1.9,16.5,Thunderstorm
11.1,84.9,5.0,282.8,85.4,1016.8,2.2,0.5,3.2,9.2,Foggy
10.5,91.9,3.6,151.9,75.0,1011.3,1.8,0.8,3.6,7.8,Foggy
15.9,80.5,32.8,4.4,69.1,1005.8,7.2,6.0,1.9,13.0,Rainy
24.5,53.4,18.1,11.7,42.4,1011.5,12.7,0.5,5.2,16.7,Partly Cloudy
16.7,75.3,10.6,354.8,78.6,1009.8,10.3,0.0,4.7,12.1,Cloudy
26.6,34.4,2.7,303.6,0.0,1018.2,12.3,0.0,9.7,13.9,Sunny
20.3,91.1,23.0,83.1,88.9,1000.9,3.5,15.7,1.9,23.2,Thunderstorm
15.5,77.7,13.3,23.7,65.0,1008.3,8.4,1.1,2.8,17.2,Cloudy
12.6,88.5,5.7,54.2,92.8,1011.2,2.4,0.3,2.1,14.8,Foggy
10.3,100.0,8.1,354.6,91.5,1001.5,6.1,0.0,1.5,10.7,Rainy
16.4,71.5,11.6,257.0,84.2,1000.3,10.6,3.9,5.6,22.4,Cloudy
32.0,45.1,6.8,45.8,47.7,1017.3,11.5,2.3,4.3,14.9,Partly Cloudy
3.5,89.9,4.4,314.8,42.9,1022.8,2.2,1.0,1.8,7.0,Foggy
10.8,91.2,2.6,205.1,58.7,1011.0,2.5,0.7,2.2,8.4,Foggy
33.1,63.4,16.8,304.0,65.7,1028.1,7.7,1.3,6.1,14.3,Partly Cloudy
19.5,94.8,17.2,326.1,91.5,1012.4,9.5,7.6,3.2,7.5,Rainy
17.5,45.1,13.3,38.0,55.1,1017.3,9.2,1.1,4.3,12.7,Partly Cloudy
30.0,22.4,7.3,79.3,0.0,1013.7,12.8,0.4,10.3,7.0,Sunny
9.7,94.5,4.3,1.0,80.7,1013.0,1.6,0.5,3.1,14.1,Foggy
12.2,94.3,7.5,316.0,84.4,1015.8,1.3,0.6,1.3,8.9,Foggy
27.0,51.5,12.5,10.9,14.6,1019.8,12.6,0.0,10.8,5.9,Sunny
10.8,82.5,6.4,349.6,62.1,1011.6,0.8,0.0,2.0,8.4,Foggy
23.4,42.0,13.1,199.2,31.2,1015.7,12.3,0.1,4.7,11.2,Partly Cloudy
11.3,75.9,26.4,153.6,70.5,1000.5,6.5,8.3,2.7,7.6,Rainy
8.6,93.7,6.7,60.0,83.9,1016.0,3.1,0.8,1.9,4.6,Foggy
20.0,84.3,29.7,204.0,83.5,997.5,7.0,5.0,3.7,9.9,Rainy
20.6,62.9,8.4,63.7,39.7,1005.4,13.0,0.0,4.4,6.9,Partly Cloudy
28.1,34.1,16.2,137.9,16.5,1026.2,14.3,0.0,8.0,13.7,Sunny
11.4,63.7,38.1,31.4,80.1,1014.6,6.0,8.4,2.8,13.3,Rainy
15.3,72.6,6.6,168.9,82.9,996.7,11.7,1.3,3.9,13.0,Cloudy
29.7,37.9,7.4,279.0,9.3,1014.5,19.7,0.4,10.9,9.0,Sunny
35.4,27.5,10.9,101.1,9.3,1018.5,11.1,0.0,10.2,9.8,Sunny
19.6,70.5,46.5,342.9,95.6,990.0,3.2,14.9,2.2,19.3,Thunderstorm
27.2,59.0,14.2,350.1,25.2,1011.9,11.6,2.1,7.5,15.2,Partly Cloudy
26.4,60.9,22.5,310.4,21.9,1000.8,11.0,2.9,5.7,9.2,Partly Cloudy
27.2,24.4,9.6,125.4,2.1,1026.8,15.6,0.0,7.8,15.9,Sunny
11.5,96.3,1.6,154.0,66.0,1015.9,0.6,0.5,3.3,10.5,Foggy
14.0,76.5,23.1,288.2,89.4,1004.8,7.7,6.8,1.9,12.7,Rainy
13.1,74.8,25.9,152.1,95.4,1004.2,6.0,8.3,3.0,14.1,Rainy
14.7,85.0,43.7,76.1,66.7,1000.4,5.3,1.4,2.7,9.2,Rainy
5.7,90.0,5.3,267.6,96.1,1006.1,2.4,1.2,3.1,6.7,Foggy
16.5,87.3,21.4,163.7,91.4,984.2,2.8,26.0,0.0,22.0,Thunderstorm
32.4,38.5,14.2,99.0,0.0,1019.4,8.6,1.0,5.4,14.3,Sunny
23.7,74.3,16.6,15.0,66.3,1012.7,5.3,2.2,2.6,18.9,Cloudy
40.1,47.6,7.3,129.0,18.5,1007.6,13.6,0.2,8.9,15.4,Sunny
28.0,22.9,10.7,277.3,12.4,1008.1,15.0,0.0,11.0,8.1,Sunny
23.8,60.1,19.8,73.9,32.9,1019.0,13.5,0.0,5.0,14.1,Partly Cloudy
11.2,93.3,7.0,29.1,87.4,1012.3,0.7,0.4,1.2,4.8,Foggy
22.1,87.4,67.1,38.0,100.0,982.4,4.0,11.5,2.2,12.4,Thunderstorm
31.0,45.1,3.3,314.8,14.4,1014.7,14.6,0.0,8.6,7.0,Sunny
8.0,57.3,13.7,221.0,85.9,1017.6,6.1,1.1,3.3,12.0,Cloudy
26.4,46.4,24.7,40.8,40.4,1014.4,15.5,1.4,5.7,15.3,Partly Cloudy
15.2,80.9,22.1,130.0,90.3,1020.5,6.3,3.6,3.1,13.5,Cloudy
10.9,89.8,3.6,64.8,82.8,1013.2,1.2,0.0,1.1,8.8,Foggy
27.0,49.5,7.0,238.0,13.9,1026.6,11.9,0.2,11.1,7.2,Sunny
17.4,61.2,14.6,147.7,81.0,997.4,7.0,15.2,3.2,12.7,Rainy
28.6,41.5,10.7,242.8,0.0,1024.3,17.2,0.0,6.0,14.6,Sunny
30.0,27.3,12.2,248.9,0.0,1021.4,11.8,0.3,12.3,4.5,Sunny
28.4,38.5,12.3,86.2,37.7,1011.0,14.8,0.3,6.9,19.5,Partly Cloudy
17.3,81.9,23.0,332.3,84.2,997.0,5.0,7.8,1.4,11.2,Rainy
20.0,55.1,10.5,193.0,35.0,1013.9,11.0,1.6,5.5,14.6,Partly Cloudy
21.5,73.2,29.0,338.2,96.1,1003.7,6.1,4.2,1.9,9.5,Rainy
30.9,25.8,7.7,301.6,16.9,1015.6,16.6,0.0,2.8,12.7,Sunny
13.4,82.2,13.9,72.3,96.7,1001.5,11.5,5.0,1.3,14.3,Rainy
9.4,93.5,5.6,153.1,79.3,1009.2,1.4,0.0,3.8,3.9,Foggy
18.8,78.6,33.2,286.3,87.4,1008.0,3.5,7.1,1.9,8.0,Rainy
26.4,43.5,14.7,348.3,49.4,1018.4,12.2,0.7,7.4,14.3,Partly Cloudy
24.0,60.1,4.6,317.3,43.3,1010.9,8.9,0.8,2.0,17.1,Partly Cloudy
13.0,74.6,23.7,333.6,82.9,1004.0,4.2,4.2,0.6,10.9,Rainy
29.4,74.1,61.7,143.2,100.0,1006.8,6.8,9.3,1.8,18.2,Thunderstorm
22.7,45.8,27.5,327.3,76.6,1006.1,10.0,0.0,2.7,14.1,Cloudy
31.2,37.1,7.9,100.3,1.3,1011.7,14.2,0.0,8.7,12.3,Sunny
22.0,59.5,19.0,210.6,61.1,1011.3,3.9,-0.0,4.2,11.8,Cloudy
24.3,56.2,18.6,7.8,26.3,1017.2,15.4,2.5,4.3,16.6,Partly Cloudy
20.6,46.2,12.9,307.1,7.3,1014.0,13.6,0.2,10.0,15.7,Sunny
8.7,78.4,18.6,27.9,88.9,1013.9,9.2,15.2,1.6,15.1,Rainy
28.2,25.9,10.9,271.4,8.6,1027.8,17.5,0.0,9.1,13.3,Sunny
18.2,63.5,12.4,230.8,69.2,1010.2,3.6,2.6,1.7,9.7,Cloudy
24.5,45.9,23.0,284.0,23.0,1019.6,14.5,0.8,5.0,18.1,Partly Cloudy
14.9,92.4,6.1,168.9,50.3,1009.7,2.1,0.6,4.0,12.0,Foggy
31.5,49.9,17.8,354.0,22.4,1011.5,11.4,0.1,4.5,14.0,Partly Cloudy
35.0,99.8,33.7,83.8,89.8,1001.0,6.8,20.3,0.8,19.0,Thunderstorm
14.9,73.8,20.0,166.7,53.6,1010.5,5.3,1.5,1.7,13.6,Cloudy
29.2,30.4,10.8,70.9,0.6,1016.7,13.9,0.0,5.1,17.1,Sunny
28.5,41.0,11.4,65.4,41.5,1016.4,8.7,0.0,5.2,15.4,Partly Cloudy
17.1,60.3,17.9,61.8,81.6,1012.7,4.3,3.5,4.0,16.6,Cloudy
27.0,51.6,11.5,70.6,20.7,1018.4,16.5,0.4,8.8,11.6,Sunny
9.9,85.0,4.7,128.1,80.3,1013.7,1.7,0.3,2.3,11.8,Foggy
8.1,86.1,1.1,166.5,58.6,1007.2,3.9,0.0,0.1,11.4,Foggy
17.8,73.0,28.5,217.8,96.4,1010.1,8.7,8.1,2.1,14.5,Rainy
34.2,53.6,8.0,273.3,27.0,1018.1,12.6,0.0,9.9,13.7,Sunny
32.6,14.8,11.2,314.2,0.0,1011.4,17.0,0.1,11.6,12.3,Sunny
20.7,82.5,35.2,47.1,100.0,1018.0,4.7,16.8,1.2,11.2,Rainy
34.0,47.6,16.5,123.6,20.0,1011.2,20.2,0.2,10.1,8.8,Sunny
10.6,95.2,2.0,95.3,77.0,1016.8,1.8,0.4,4.7,12.7,Foggy
18.6,67.3,29.0,224.7,86.1,1017.1,8.4,1.7,4.5,15.3,Cloudy
5.4,88.5,3.3,321.6,98.8,1011.2,1.3,0.5,3.5,6.8,Foggy
28.3,42.4,8.2,151.0,20.9,1013.0,8.7,0.1,8.5,7.1,Sunny
13.0,80.5,22.4,316.7,78.6,1005.1,5.2,2.8,2.9,9.1,Rainy
5.3,87.9,4.6,151.0,81.8,1007.3,1.0,0.8,2.7,8.3,Foggy
25.8,57.4,20.2,155.1,25.9,1016.8,15.8,0.5,5.8,12.1,Partly Cloudy
17.4,95.9,28.9,301.7,91.5,1005.5,3.0,3.5,1.1,17.0,Rainy
27.1,20.1,5.0,359.6,14.1,1020.1,9.8,0.0,12.1,13.6,Sunny
5.4,85.3,3.9,44.7,73.2,1014.2,1.3,0.1,2.4,7.0,Foggy
32.6,88.2,43.7,243.6,100.0,1003.6,6.9,8.7,1.2,22.9,Thunderstorm
20.7,82.2,22.1,1.7,99.5,1004.0,1.9,3.0,3.0,11.8,Cloudy
24.7,53.4,16.2,26.6,46.3,1019.0,11.7,1.0,6.9,14.2,Partly Cloudy
19.2,59.0,16.1,55.1,40.5,1012.1,15.2,0.0,4.9,11.7,Partly Cloudy
18.4,72.4,21.7,147.5,90.4,1000.4,4.7,15.1,0.9,10.8,Rainy
14.3,85.6,5.4,88.7,62.3,1007.0,0.3,0.4,0.0,7.8,Foggy
11.1,46.2,19.9,200.4,74.9,1006.4,12.8,2.9,2.8,14.6,Cloudy
29.7,84.8,27.3,132.4,94.8,1013.2,4.1,21.5,1.2,23.2,Thunderstorm
27.1,42.6,14.2,229.5,24.0,1022.1,15.5,1.0,7.8,13.4,Partly Cloudy
10.1,87.8,3.7,68.8,44.7,1003.8,1.2,0.6,1.3,15.3,Foggy
25.6,75.1,21.8,66.6,70.9,1004.5,8.6,3.4,2.8,17.7,Cloudy
12.7,90.3,4.8,212.9,65.4,1007.6,2.1,0.6,2.6,4.4,Foggy
9.5,98.7,6.3,129.2,86.3,1003.2,1.2,0.0,2.1,8.8,Foggy
22.9,72.5,18.6,31.5,71.6,1004.4,10.0,4.2,3.2,12.9,Cloudy
31.0,30.9,13.4,279.9,19.2,1014.7,14.9,0.7,5.3,7.5,Sunny
17.2,73.8,28.1,151.2,88.2,1013.4,2.7,6.2,2.0,10.0,Rainy
20.3,93.2,60.4,77.1,93.8,987.1,4.4,16.3,1.4,14.3,Thunderstorm
16.0,66.6,31.4,88.4,81.3,989.9,4.7,14.1,1.6,8.2,Rainy
25.0,44.3,22.3,271.6,54.1,1018.4,13.6,3.1,5.6,6.9,Partly Cloudy
29.1,33.9,4.1,198.5,5.1,1019.2,15.6,0.1,6.6,6.4,Sunny
20.3,89.3,49.6,116.6,94.6,994.6,2.6,14.4,1.9,16.9,Thunderstorm
30.9,28.7,9.8,272.1,15.7,1018.3,16.7,1.1,6.0,8.9,Sunny
15.0,90.8,7.6,156.0,74.4,1002.6,3.7,1.0,2.0,8.3,Foggy
29.9,25.1,10.2,82.7,12.8,1032.2,15.0,0.0,9.3,11.2,Sunny
21.2,71.1,23.2,278.6,64.7,1009.8,11.7,0.6,3.0,13.3,Cloudy
27.9,85.7,28.9,39.8,99.1,986.3,2.1,5.1,1.9,24.2,Thunderstorm
31.0,54.2,10.2,288.9,30.6,1011.2,13.9,0.7,3.8,15.4,Partly Cloudy
12.0,98.7,2.7,186.8,41.5,1013.8,0.6,1.3,2.2,13.7,Foggy
7.5,92.0,4.9,160.9,37.6,1017.2,1.9,0.9,2.0,7.6,Foggy
18.3,93.0,50.1,113.6,97.1,992.9,4.6,20.1,2.1,18.0,Thunderstorm
11.3,93.3,9.6,349.4,75.7,1008.3,0.7,0.2,3.2,7.0,Foggy
10.0,91.6,2.7,109.2,91.7,1004.5,1.6,0.0,2.0,10.4,Foggy
16.7,71.9,29.7,44.2,60.3,1002.7,12.3,0.3,3.8,13.8,Cloudy
24.0,51.7,16.9,121.1,63.5,1014.6,7.9,5.0,2.8,10.6,Cloudy
24.6,71.6,10.8,160.7,51.5,1003.2,11.7,2.3,5.2,15.7,Partly Cloudy
24.9,17.9,9.0,354.9,10.5,1022.5,16.5,0.0,5.0,15.7,Sunny
20.3,76.1,13.5,319.1,85.9,1009.6,8.2,5.6,1.4,21.6,Rainy
17.5,82.8,31.7,154.5,95.5,993.0,4.9,9.2,2.5,17.8,Thunderstorm
21.9,56.3,28.7,98.1,91.4,1002.1,9.1,3.5,2.0,11.0,Cloudy
21.2,98.6,22.2,213.7,98.0,981.6,7.0,18.3,1.0,25.9,Thunderstorm
12.9,79.9,17.7,282.0,79.2,1014.9,5.4,6.7,2.1,14.5,Rainy
8.2,87.8,7.5,296.6,64.3,1015.7,1.0,0.0,1.6,8.9,Foggy
34.0,41.1,11.7,77.8,0.0,1015.3,19.8,0.5,8.3,11.8,Sunny
12.9,73.6,6.9,290.9,92.5,1005.1,7.3,11.4,0.3,17.0,Rainy
40.3,34.5,11.5,258.8,9.4,1019.9,12.5,0.0,8.3,13.5,Sunny
20.2,38.5,15.0,167.9,13.5,1025.7,18.7,1.0,10.1,15.8,Sunny
20.4,84.9,27.2,111.8,87.6,1002.9,5.6,0.4,4.0,8.3,Rainy
32.1,21.7,12.1,143.6,17.7,1023.8,16.1,0.0,7.9,7.6,Sunny
25.1,51.8,19.0,182.3,38.7,1013.2,10.9,0.5,4.7,18.5,Partly Cloudy
15.5,75.8,15.9,9.0,95.8,1000.1,8.3,10.5,3.6,10.5,Rainy
25.8,39.7,14.5,219.2,9.9,1021.0,15.2,0.3,7.6,16.2,Sunny
23.4,59.1,10.8,154.5,87.1,1016.4,3.8,1.6,1.9,15.0,Cloudy
23.5,36.8,10.6,282.4,7.6,1018.9,15.6,0.7,6.5,10.6,Sunny
22.3,83.5,62.7,89.3,94.4,992.0,6.6,18.1,1.4,15.6,Thunderstorm
34.0,19.7,6.9,247.2,14.8,1014.4,13.4,0.0,10.4,9.0,Sunny
11.5,70.8,25.8,105.3,74.8,1014.5,5.4,0.0,2.7,12.2,Cloudy
22.8,92.7,65.0,75.7,100.0,1013.2,4.1,14.3,2.2,19.0,Thunderstorm
17.1,97.4,6.3,131.1,51.9,1009.2,2.2,0.8,1.7,9.0,Foggy
16.1,71.8,40.6,258.4,97.7,992.9,2.3,14.8,1.0,22.3,Thunderstorm
3.2,97.9,6.0,157.2,56.9,1007.5,3.1,0.0,2.0,12.7,Foggy
18.7,91.5,35.1,40.8,96.6,992.7,4.5,17.6,0.7,25.4,Thunderstorm
10.5,68.4,14.0,192.1,62.7,1022.8,9.6,3.7,3.6,10.8,Cloudy
24.6,50.6,9.7,273.3,0.0,1017.8,14.0,0.0,8.1,15.2,Sunny
21.9,70.4,38.9,240.5,98.6,1006.4,0.6,13.2,1.1,22.3,Thunderstorm
20.7,77.0,64.0,161.2,94.9,986.8,4.4,1.6,2.2,19.0,Thunderstorm
12.7,90.0,44.2,149.9,100.0,1006.3,9.1,7.8,0.7,11.0,Rainy
24.5,78.3,78.0,193.4,100.0,986.8,4.3,14.3,0.0,13.3,Thunderstorm
34.6,45.5,7.1,344.5,5.4,1020.5,14.7,0.6,6.6,15.0,Sunny
14.7,92.0,16.8,159.2,73.4,1012.6,16.6,0.6,3.6,9.9,Cloudy
13.0,77.8,30.9,151.2,87.4,982.4,4.3,18.2,0.8,19.9,Thunderstorm
24.9,48.2,18.2,283.5,46.3,1023.0,11.0,0.0,6.7,15.6,Partly Cloudy
10.6,68.7,27.7,99.6,90.2,1009.8,5.9,12.5,2.3,15.0,Rainy
13.5,59.3,7.1,192.4,65.3,1007.3,7.1,0.4,2.7,13.0,Cloudy
23.1,69.5,14.2,350.5,81.7,1009.9,6.5,0.3,4.9,13.2,Cloudy
16.4,82.6,29.2,3.5,77.3,1001.6,9.3,8.8,3.2,13.1,Rainy
35.6,49.4,5.6,57.2,0.0,1020.0,15.9,0.0,7.0,7.1,Sunny
21.0,39.6,20.7,267.3,23.3,1027.2,12.7,1.7,4.9,20.0,Partly Cloudy
21.7,79.3,58.9,96.2,87.3,1002.2,5.4,16.7,2.0,17.5,Thunderstorm
13.7,68.9,4.1,291.6,82.4,1001.8,4.9,6.5,1.6,12.6,Rainy
8.3,83.2,33.8,14.5,79.0,1018.3,7.9,5.2,0.9,8.9,Rainy
35.6,32.3,11.8,268.6,0.0,1013.5,8.4,0.0,7.9,9.7,Sunny
4.6,93.9,5.4,183.2,46.9,1001.9,6.9,1.9,4.1,4.2,Foggy
31.7,47.8,15.5,342.8,50.7,1012.9,9.2,1.2,6.9,6.5,Partly Cloudy
23.9,82.2,18.5,42.6,84.2,1004.6,6.7,7.3,2.2,12.3,Rainy
35.7,38.0,9.6,76.7,9.8,1017.5,13.7,0.0,7.5,13.3,Sunny
37.9,32.7,9.0,20.2,20.3,1010.3,11.9,0.0,6.8,15.5,Sunny
16.9,69.7,23.1,317.6,58.8,1011.5,8.2,2.9,2.5,12.6,Cloudy
25.7,82.7,33.4,246.2,100.0,1003.1,4.0,21.0,0.5,14.3,Thunderstorm
30.8,34.8,2.0,228.9,13.3,1013.9,16.1,0.8,9.8,13.4,Sunny
31.3,34.4,10.6,252.4,0.0,1021.6,13.8,0.0,9.1,4.1,Sunny
24.5,78.1,50.3,196.6,100.0,993.1,4.7,9.3,0.6,19.7,Thunderstorm
15.1,78.8,27.0,191.4,72.7,999.7,8.1,10.4,2.8,12.3,Rainy
7.5,62.1,12.3,295.2,86.1,1017.4,8.6,1.4,2.1,11.3,Cloudy
14.4,88.6,41.1,141.0,88.9,1007.9,4.3,13.0,2.4,11.5,Rainy
19.1,51.9,22.9,329.9,45.2,1013.4,15.2,2.2,4.4,15.4,Partly Cloudy
15.9,88.4,35.8,287.5,99.6,997.2,3.9,16.2,3.1,9.6,Rainy
17.2,76.7,27.1,178.6,71.6,1019.1,11.8,3.2,3.3,16.5,Cloudy
11.9,91.2,32.8,258.1,94.5,996.5,5.8,9.4,0.0,18.4,Thunderstorm
17.8,57.6,12.1,324.6,80.9,1008.5,8.5,1.7,3.8,17.4,Cloudy
28.8,33.1,13.4,245.9,15.9,1021.2,17.0,0.0,7.1,13.3,Sunny
9.4,72.3,29.5,179.3,99.3,1012.2,6.1,9.6,2.3,7.6,Rainy
26.4,42.5,16.3,4.4,1.6,1014.3,10.2,0.1,3.5,11.2,Partly Cloudy
38.0,32.2,9.0,303.2,24.0,1020.7,20.8,0.0,5.2,15.2,Sunny
26.7,48.2,14.3,330.6,30.1,1023.3,10.3,0.0,8.1,15.6,Partly Cloudy
6.6,73.0,25.8,28.4,96.7,1003.9,4.6,7.9,3.7,15.1,Rainy
31.9,42.6,9.3,337.3,11.3,1021.3,19.3,0.0,10.9,12.1,Sunny
12.3,51.6,15.6,39.6,49.0,1002.5,11.8,3.7,5.6,12.8,Cloudy
13.1,74.5,33.0,22.6,93.3,1012.6,9.7,11.3,2.8,17.8,Rainy
23.4,62.4,14.3,163.4,82.1,1012.1,9.0,1.1,2.9,10.4,Cloudy
7.4,94.2,5.5,329.3,57.4,1009.6,1.2,0.4,1.9,9.6,Foggy
19.5,81.4,38.9,121.6,91.9,1004.6,6.0,10.3,1.9,14.4,Thunderstorm
28.1,66.8,11.8,109.6,23.3,1014.6,6.2,0.0,3.1,4.2,Partly Cloudy
19.3,82.7,27.4,321.2,91.9,994.5,5.6,19.2,1.5,22.8,Thunderstorm
10.2,90.7,5.1,252.1,78.0,1014.0,3.2,0.5,2.1,11.4,Foggy
25.2,100.0,35.8,77.2,68.6,990.1,10.0,4.8,3.3,11.7,Rainy
27.3,57.1,9.8,185.0,24.9,1008.5,9.0,0.0,3.8,10.2,Partly Cloudy
17.4,82.9,1.8,290.0,82.0,1012.4,2.6,8.5,3.3,19.1,Rainy
15.7,75.9,62.6,217.7,94.8,994.4,7.0,27.1,1.7,12.7,Thunderstorm
3.9,90.8,4.0,284.7,87.2,1011.0,1.6,0.0,0.4,14.9,Foggy
15.0,63.4,6.6,176.0,78.2,1016.0,2.9,2.8,4.2,13.0,Cloudy
22.9,40.8,11.0,342.8,11.1,1022.5,16.4,0.0,7.6,15.4,Sunny
21.7,88.7,52.5,208.6,97.6,1000.2,4.2,14.5,0.9,16.8,Thunderstorm
20.3,73.5,66.9,353.9,100.0,994.6,4.6,8.2,0.5,22.2,Thunderstorm
15.3,96.9,13.7,97.4,88.0,1005.9,12.9,3.9,3.9,16.3,Cloudy
17.2,57.8,21.1,95.3,80.1,1002.5,9.0,2.7,3.7,14.7,Cloudy
15.6,91.7,53.9,142.6,100.0,1008.8,5.5,29.1,2.3,19.3,Thunderstorm
8.4,95.3,6.4,18.0,93.1,1009.1,1.2,0.5,3.0,11.7,Foggy
27.8,46.4,21.2,63.0,52.0,1015.9,13.0,2.8,8.0,21.6,Partly Cloudy
14.9,73.9,29.1,288.0,97.6,1008.1,4.9,4.4,3.0,8.5,Rainy
8.8,93.4,6.8,184.2,80.8,1008.7,2.0,0.4,2.3,12.0,Foggy
9.7,75.9,30.1,57.2,89.4,999.9,6.7,10.2,0.9,10.0,Rainy
24.7,51.0,6.9,129.2,25.8,1014.6,10.9,0.0,6.3,12.9,Partly Cloudy
26.9,73.9,52.0,285.1,100.0,992.3,1.7,19.3,2.2,20.5,Thunderstorm
25.3,41.5,6.1,233.1,16.9,1016.9,10.9,0.0,7.9,13.6,Sunny
30.9,14.8,10.2,294.6,0.0,1020.8,12.9,0.4,7.8,9.7,Sunny
22.3,81.2,48.2,218.5,94.9,1012.0,4.7,23.7,1.1,19.1,Thunderstorm
22.2,45.6,14.3,215.8,20.9,1015.1,12.3,-0.0,8.4,10.6,Sunny
20.3,28.3,20.5,79.7,65.2,1019.6,10.9,2.7,3.5,11.1,Partly Cloudy
25.4,100.0,58.2,196.3,96.5,996.2,1.6,19.6,0.8,14.9,Thunderstorm
19.9,56.3,11.9,292.8,27.9,1016.8,9.1,0.0,7.5,13.0,Partly Cloudy
24.8,60.6,13.5,341.8,34.1,1030.7,17.6,0.0,5.1,12.7,Partly Cloudy
25.6,55.0,23.1,86.3,58.6,1014.5,10.1,0.5,5.9,8.9,Partly Cloudy
17.2,67.6,20.3,52.0,91.1,1002.6,5.0,12.6,1.4,14.0,Rainy
6.7,92.7,6.2,65.2,80.1,1018.0,1.9,0.6,2.1,10.4,Foggy
13.5,94.6,9.6,68.4,53.6,1022.0,2.0,1.2,0.9,7.1,Foggy
10.3,79.0,36.9,301.9,100.0,1001.2,5.8,17.8,1.8,9.3,Thunderstorm
13.1,84.9,4.6,330.7,72.4,1011.9,3.3,0.5,2.7,8.9,Foggy
25.2,44.8,24.5,177.5,34.2,1008.7,11.7,0.0,3.1,17.1,Partly Cloudy
26.0,61.4,15.3,120.5,85.1,1015.9,13.2,2.2,2.8,16.1,Cloudy
16.3,72.0,27.6,198.0,81.8,1002.8,4.0,9.2,3.2,12.2,Rainy
18.2,73.9,18.2,219.4,91.9,1007.7,8.3,3.6,2.8,4.6,Cloudy
16.1,77.4,23.3,236.1,64.3,1018.3,6.9,1.9,4.7,15.5,Cloudy
9.9,83.6,5.1,35.8,60.4,1016.8,1.1,0.8,2.1,9.1,Foggy
28.2,41.7,11.6,7.0,14.1,1017.6,16.5,0.0,8.8,15.2,Sunny
27.8,92.0,41.2,152.0,88.2,1004.4,6.4,30.0,1.2,14.5,Thunderstorm
7.7,87.6,8.5,330.5,71.9,1010.0,0.8,0.4,0.8,11.6,Foggy
14.0,56.4,12.5,219.6,86.4,1011.5,8.8,2.7,2.0,8.4,Cloudy
20.9,63.6,21.4,206.8,62.3,1010.2,5.7,1.8,3.5,11.3,Cloudy
23.8,53.3,17.2,313.4,33.6,1023.6,10.1,0.8,6.4,16.6,Partly Cloudy
14.8,86.7,14.2,39.6,81.1,1010.0,7.9,7.5,1.8,12.5,Rainy
14.2,70.7,9.4,57.8,78.1,1011.0,5.4,5.0,3.0,15.6,Cloudy
22.0,78.9,47.2,5.5,93.2,1001.0,4.4,12.0,1.0,14.0,Thunderstorm
19.6,84.8,17.8,316.0,97.1,993.7,11.4,11.0,2.8,15.1,Rainy
19.5,79.3,37.8,171.5,93.6,1008.6,6.3,3.5,4.4,13.7,Rainy
8.3,74.4,25.2,207.9,98.6,1010.0,4.7,13.1,2.0,11.6,Rainy
29.5,46.0,13.8,10.4,0.0,1009.3,15.7,0.2,6.2,13.1,Sunny
16.6,49.3,12.7,318.9,73.0,1009.3,0.8,0.8,2.5,17.6,Cloudy
15.4,62.9,16.6,251.6,81.7,1004.4,11.6,1.0,5.3,15.4,Cloudy
11.9,90.9,23.5,192.5,90.1,1011.9,6.5,10.2,1.5,14.8,Rainy
28.2,84.3,61.6,10.7,90.9,999.5,5.1,1.5,0.5,14.4,Thunderstorm
22.1,35.4,19.4,239.7,22.8,1011.9,13.7,0.0,7.9,13.2,Partly Cloudy
16.9,40.8,11.8,269.0,51.8,1005.3,13.4,0.0,4.2,12.2,Partly Cloudy
12.8,84.0,12.0,105.2,85.0,1007.2,5.9,11.1,1.8,11.4,Rainy
12.3,87.1,3.9,103.4,55.4,1012.8,2.3,0.0,2.4,9.6,Foggy
36.5,45.3,6.4,42.4,22.7,1017.8,12.9,0.6,10.7,11.5,Sunny
27.0,62.9,3.5,34.1,32.5,1018.0,10.7,3.9,5.3,7.7,Partly Cloudy
23.1,57.3,24.5,186.2,23.9,1013.8,10.5,1.0,4.9,12.5,Partly Cloudy
23.3,82.3,24.7,18.3,79.6,1018.7,6.2,11.5,2.5,14.9,Rainy
27.9,42.6,21.4,340.6,20.3,1013.2,17.2,0.0,4.3,12.2,Partly Cloudy
16.2,77.9,21.7,225.8,84.5,1008.1,4.7,6.4,2.2,9.1,Rainy
19.0,84.9,0.0,337.5,98.6,1002.8,9.5,5.4,1.7,10.8,Rainy
16.6,99.8,23.9,267.5,91.2,993.1,4.4,7.7,2.8,15.2,Rainy
36.2,45.1,7.2,194.6,25.3,1015.9,9.8,0.0,7.0,10.3,Sunny
14.1,88.8,2.2,78.3,40.3,1013.5,1.2,0.0,2.1,12.2,Foggy
28.1,42.8,15.5,31.9,66.4,1009.2,12.7,0.0,3.5,11.0,Partly Cloudy
14.9,79.5,25.3,79.5,89.0,1006.3,5.1,7.4,3.0,18.0,Rainy
22.6,77.7,8.5,150.5,98.3,990.5,3.9,11.3,2.5,14.8,Thunderstorm
10.5,84.3,22.2,66.1,100.0,1005.5,6.6,9.4,1.7,11.4,Rainy
23.4,45.1,18.8,186.6,29.4,1021.6,14.5,1.0,5.1,19.8,Partly Cloudy
27.0,63.3,15.0,164.9,38.6,1007.9,11.6,0.0,4.5,12.6,Partly Cloudy
30.6,45.1,9.7,185.6,22.2,1008.7,9.6,1.7,4.6,16.9,Partly Cloudy
13.9,72.5,17.9,117.9,77.5,1009.8,7.7,5.7,0.8,14.6,Rainy
12.5,95.2,4.3,170.1,77.9,1012.7,0.0,0.0,2.3,6.0,Foggy
10.1,60.7,18.3,71.1,72.3,999.2,7.6,4.0,3.8,13.3,Cloudy
31.1,87.7,73.3,250.0,90.2,991.3,3.7,9.9,0.8,16.9,Thunderstorm
9.6,91.6,3.8,142.9,60.0,1014.9,3.8,0.2,3.0,15.7,Foggy
28.0,62.7,16.9,50.5,47.2,1012.6,12.4,0.0,2.4,12.9,Partly Cloudy
26.3,44.8,16.0,113.5,35.5,1006.2,15.3,0.5,4.7,15.2,Partly Cloudy
25.0,62.5,13.2,218.2,38.3,1025.6,8.4,1.5,3.5,15.1,Partly Cloudy
13.6,57.1,20.8,86.6,80.5,1003.3,6.4,1.8,3.7,11.7,Cloudy
23.1,17.9,8.8,39.6,17.9,1017.4,14.7,0.7,7.8,18.4,Sunny
22.9,51.6,10.8,140.5,4.7,1017.3,15.6,0.0,6.9,15.7,Sunny
27.5,16.8,7.5,304.3,16.0,1013.3,17.7,0.1,8.4,9.6,Sunny
17.3,39.9,6.1,109.9,80.7,998.7,5.7,5.0,3.2,11.3,Cloudy
23.6,55.7,16.1,296.1,45.2,1013.9,9.8,2.5,3.0,13.6,Partly Cloudy
15.4,93.4,29.7,209.9,94.6,1002.1,6.5,7.5,2.9,12.7,Thunderstorm
24.4,41.1,20.4,308.4,43.5,1022.0,15.7,0.7,6.1,15.0,Partly Cloudy
17.8,72.6,14.6,118.9,64.7,1022.5,4.6,6.2,2.6,15.3,Cloudy
24.3,48.3,21.6,42.6,38.9,1010.5,10.6,1.7,6.3,7.4,Partly Cloudy
15.2,63.7,10.5,232.8,70.4,1006.5,10.6,2.6,3.0,9.4,Cloudy
7.9,93.5,6.4,183.8,64.7,1005.8,3.0,0.1,2.4,2.2,Foggy
16.8,57.9,12.9,279.5,63.3,1009.8,12.4,0.5,5.4,11.9,Partly Cloudy
18.9,91.8,45.6,44.5,100.0,1003.9,6.5,14.3,0.8,26.6,Thunderstorm
21.0,94.4,55.6,332.3,96.3,1004.3,3.8,18.8,0.1,14.2,Thunderstorm
31.0,48.8,15.3,282.9,26.4,1025.0,8.9,0.9,7.0,9.1,Partly Cloudy
13.6,86.8,21.9,223.9,90.7,1021.9,4.1,3.7,1.8,11.1,Rainy
15.2,61.8,10.2,40.5,89.9,1010.8,8.2,1.1,2.4,12.4,Cloudy
19.1,61.4,15.5,201.8,52.5,1014.2,11.8,0.6,6.9,10.2,Partly Cloudy
22.4,42.4,17.0,164.4,45.5,1013.8,16.2,0.6,2.8,12.9,Partly Cloudy
18.0,63.3,28.4,153.7,49.1,1005.5,2.9,3.3,1.8,14.6,Cloudy
29.3,85.6,34.0,126.3,95.5,1006.3,2.9,18.9,1.3,13.8,Thunderstorm
15.7,69.2,22.8,145.7,75.2,1010.7,11.6,4.0,2.9,8.4,Cloudy
17.5,86.3,28.1,115.8,88.1,1021.9,5.1,9.8,0.8,10.2,Rainy
16.2,93.1,20.3,179.8,91.8,1012.8,8.5,10.2,2.2,9.0,Rainy
21.0,17.5,12.8,131.2,30.3,1019.4,10.4,1.6,6.7,10.9,Partly Cloudy
28.3,44.5,11.3,107.2,0.0,1021.9,12.5,0.0,9.2,14.8,Sunny
13.6,71.3,23.3,41.7,100.0,1004.3,6.9,9.8,1.4,13.9,Rainy
8.9,96.6,6.4,264.6,89.1,1007.0,0.8,0.5,3.2,6.3,Foggy
30.6,26.3,11.7,266.0,9.4,1014.8,12.3,0.0,6.4,5.6,Sunny
14.8,75.4,21.0,290.4,82.9,1005.7,7.2,6.1,2.1,12.8,Rainy
15.5,92.2,29.2,198.8,98.1,994.0,5.8,11.2,0.6,9.1,Rainy
11.2,75.3,31.2,153.0,87.9,1017.7,5.1,11.2,0.9,14.5,Rainy
8.3,92.6,2.4,257.0,53.4,1021.4,3.3,0.5,3.2,11.0,Foggy
9.8,87.1,18.9,303.1,90.1,989.9,8.2,11.4,1.4,16.1,Rainy
8.4,95.7,1.4,310.1,48.8,1009.8,1.9,0.2,1.3,13.3,Foggy
18.3,52.5,16.6,117.9,69.9,1019.1,12.3,1.6,2.3,14.7,Cloudy
23.9,32.1,15.4,130.9,11.2,1012.8,7.2,0.0,8.0,8.1,Sunny
30.3,28.3,9.0,355.1,20.9,1022.7,16.8,0.7,8.7,11.9,Sunny
18.5,44.5,18.2,9.4,52.8,1015.7,8.6,2.3,5.9,4.9,Partly Cloudy
22.8,83.0,17.1,240.7,64.2,1013.1,9.7,2.9,2.4,14.1,Cloudy
17.4,70.4,23.7,178.1,77.3,1019.7,12.6,3.4,4.9,15.9,Cloudy
3.0,94.0,5.9,331.1,65.3,1010.3,2.9,0.8,1.1,10.3,Foggy
12.6,83.2,26.2,56.1,78.6,994.1,7.6,6.7,3.3,9.0,Rainy
17.5,65.4,23.3,0.4,76.6,1021.5,6.6,1.4,4.4,14.3,Cloudy
33.0,30.6,14.7,31.2,28.6,1013.2,16.3,1.3,9.2,13.6,Sunny
26.7,63.2,13.0,55.1,34.1,1020.7,11.2,0.7,5.0,14.3,Partly Cloudy
23.2,88.9,51.2,49.1,93.7,992.4,7.5,8.6,0.8,21.1,Thunderstorm
22.0,78.6,50.0,94.2,99.9,1002.9,4.3,23.3,3.1,19.5,Thunderstorm
32.7,27.7,5.4,28.0,0.0,1013.8,15.5,0.1,9.5,12.5,Sunny
10.1,88.4,7.9,75.5,64.1,1017.8,1.8,1.0,1.4,11.2,Foggy
16.9,53.8,11.3,17.1,34.0,1012.2,9.5,0.1,4.6,15.7,Partly Cloudy
29.6,43.3,20.0,65.2,47.2,1016.6,9.7,2.1,3.3,11.9,Partly Cloudy
17.3,91.9,52.0,99.1,93.1,996.2,5.4,15.1,1.4,18.5,Thunderstorm
24.9,56.5,5.9,262.8,61.6,1010.6,12.0,0.8,3.4,7.3,Partly Cloudy
28.3,40.6,19.3,284.8,13.2,1022.2,12.1,0.2,6.7,12.6,Sunny
21.0,45.0,12.5,173.2,38.1,1006.8,17.2,1.2,5.0,16.7,Partly Cloudy
16.8,71.8,17.8,346.4,76.9,1011.3,5.0,1.5,3.2,13.1,Cloudy
18.0,74.0,18.8,154.8,84.5,1005.7,4.9,6.7,2.8,10.2,Rainy
28.3,21.9,14.2,123.3,0.0,1021.6,14.9,0.0,5.5,9.8,Sunny
21.8,79.4,58.5,92.4,94.6,995.3,5.4,5.2,2.0,18.2,Thunderstorm
29.8,42.1,24.5,349.2,30.4,1018.8,10.0,1.6,5.2,15.6,Partly Cloudy
18.6,79.4,28.1,155.6,92.7,993.9,2.7,14.2,1.6,20.0,Thunderstorm
16.4,79.8,24.1,226.8,88.6,991.7,4.8,22.0,1.5,17.5,Thunderstorm
23.4,16.8,8.0,332.4,15.7,1016.8,15.9,0.0,10.3,8.5,Sunny
33.1,47.9,8.5,89.9,22.6,1014.5,14.6,0.0,5.9,11.3,Sunny
10.2,97.2,3.6,91.0,46.0,1015.3,2.3,0.5,2.2,8.1,Foggy
16.1,90.1,4.4,302.1,89.9,1012.0,2.2,1.1,1.6,12.6,Foggy
29.9,79.6,37.9,146.4,100.0,975.4,5.0,18.6,1.1,10.0,Thunderstorm
23.5,45.9,18.2,7.1,40.6,1016.3,9.9,1.6,3.3,21.7,Partly Cloudy
24.9,45.8,11.8,56.8,3.7,1018.0,16.2,0.2,7.2,8.7,Sunny
23.6,87.5,48.6,343.4,92.2,1000.7,5.8,17.2,1.6,15.9,Thunderstorm
30.5,45.6,11.0,160.3,44.2,1014.0,12.1,0.8,6.1,17.5,Partly Cloudy
21.1,63.3,25.0,333.6,65.4,1013.3,12.0,3.2,2.8,12.7,Cloudy
19.2,76.3,58.5,120.6,96.7,998.8,5.5,5.0,1.2,18.8,Thunderstorm
21.8,49.0,14.0,300.6,71.2,998.4,12.8,0.0,8.1,15.4,Partly Cloudy
11.1,96.0,4.1,30.2,73.3,1017.4,3.0,1.4,0.7,10.0,Foggy
13.6,57.1,16.8,213.7,98.1,1014.7,14.0,3.3,3.3,8.7,Cloudy
40.2,27.9,14.4,78.5,0.0,1017.8,12.6,0.0,5.4,8.9,Sunny
14.2,83.8,46.5,219.8,90.6,1021.3,4.0,6.0,4.1,17.3,Rainy
19.5,64.2,25.5,186.8,76.7,1009.8,6.1,3.5,2.7,17.3,Cloudy
15.2,69.1,27.9,236.1,100.0,1000.6,6.3,5.9,0.9,11.1,Rainy
34.0,37.1,17.0,35.7,9.3,1018.4,13.4,0.0,8.1,19.5,Sunny
39.0,38.0,13.0,86.3,9.4,1014.4,15.4,0.2,8.0,12.1,Sunny
25.6,36.4,0.0,135.5,7.0,1013.0,14.4,0.0,8.3,10.9,Sunny
17.2,76.3,32.3,286.5,97.7,1001.0,6.6,0.0,0.8,14.7,Thunderstorm
21.2,77.9,59.7,234.1,100.0,1005.9,1.2,20.0,1.7,18.0,Thunderstorm
19.8,77.6,27.5,201.8,79.3,1012.2,3.8,7.5,1.9,13.6,Rainy
27.9,38.8,3.8,106.7,36.9,1010.1,12.3,1.0,5.2,16.0,Partly Cloudy
12.0,89.9,14.2,247.4,94.0,1000.5,6.2,9.6,2.5,9.2,Rainy
31.5,40.9,9.3,342.1,36.7,1018.7,12.5,1.8,5.3,17.7,Partly Cloudy
37.8,23.1,9.9,249.3,14.0,1020.4,11.4,0.0,6.8,6.1,Sunny
25.2,53.4,20.3,331.0,26.2,1015.5,10.7,0.0,5.5,20.9,Partly Cloudy
26.7,75.7,13.1,294.7,93.1,996.0,11.1,2.5,3.2,11.3,Cloudy
13.6,94.2,31.4,42.0,92.4,996.6,6.3,7.9,1.7,16.6,Rainy
10.7,76.9,21.2,249.2,99.7,1011.7,4.7,9.0,1.2,13.7,Rainy
22.3,65.1,18.5,191.2,84.8,1021.5,6.5,0.9,2.0,13.5,Cloudy
19.7,42.8,14.1,192.7,53.7,1012.8,13.1,0.4,7.3,15.4,Partly Cloudy
22.8,56.7,19.6,223.4,45.7,1015.3,11.7,1.7,5.1,6.7,Partly Cloudy
17.1,95.5,3.0,54.8,100.0,1011.5,1.3,0.5,1.9,10.8,Foggy
36.8,50.4,11.9,281.9,6.9,1012.4,14.8,0.0,6.2,6.4,Sunny
31.3,22.7,11.1,145.4,20.8,1012.1,11.8,0.2,8.7,9.8,Sunny
26.1,82.4,24.9,96.9,97.3,1007.3,1.5,7.1,0.8,20.1,Thunderstorm
33.5,17.6,9.2,359.0,13.6,1022.9,17.5,0.0,6.8,15.0,Sunny
24.8,94.0,60.2,96.6,100.0,999.7,5.6,4.2,2.2,23.7,Thunderstorm
29.7,93.4,38.7,201.0,99.5,1001.7,4.2,17.6,1.1,22.6,Thunderstorm
16.0,83.7,26.2,51.3,94.9,991.4,6.9,12.7,1.6,13.1,Rainy
6.4,87.1,5.0,164.1,60.4,1007.7,1.7,0.2,1.4,8.5,Foggy
24.8,83.3,41.5,57.7,89.1,1000.8,4.2,13.0,1.5,20.1,Thunderstorm
15.9,63.3,19.8,309.4,79.8,1002.4,8.3,0.1,4.2,16.7,Cloudy
13.8,72.2,22.8,310.9,89.8,1005.5,6.0,7.6,2.1,15.8,Rainy
6.4,71.4,25.6,276.0,87.6,1008.7,8.5,7.3,2.9,8.2,Rainy
16.7,90.4,23.8,55.4,100.0,1006.8,3.3,7.8,1.4,11.8,Rainy
18.0,72.1,30.1,98.5,100.0,1000.1,1.2,7.4,0.9,12.0,Rainy
13.0,79.1,20.1,355.2,92.9,1014.6,9.4,3.0,3.9,21.0,Cloudy
11.2,94.3,6.4,230.5,64.3,1011.4,0.7,1.6,1.4,5.5,Foggy
17.9,84.3,30.6,159.4,89.1,998.7,8.0,5.1,1.9,9.3,Rainy
33.4,32.8,12.6,157.2,19.3,1023.3,20.2,0.0,9.4,12.9,Sunny
21.8,69.9,23.0,158.8,69.0,1000.4,4.5,0.2,2.6,17.3,Cloudy
31.4,25.2,12.4,195.7,15.1,1011.4,17.3,0.0,8.5,12.8,Sunny
20.0,63.4,20.8,11.2,88.4,1007.1,4.2,0.5,2.8,14.4,Cloudy
12.3,88.9,21.8,256.3,90.1,1001.3,6.6,7.0,0.0,13.9,Rainy
11.6,90.1,0.8,268.2,77.1,996.4,2.8,0.7,2.7,9.1,Foggy
32.2,40.0,3.0,156.6,1.6,1009.8,15.5,0.0,9.5,14.7,Sunny
17.9,61.3,21.6,68.1,85.9,1005.1,3.3,1.5,2.9,15.6,Cloudy
10.3,93.0,3.3,281.5,64.3,1011.3,3.0,0.7,2.3,8.0,Foggy
11.0,57.8,31.2,6.6,94.8,1012.4,8.2,10.1,1.8,14.0,Rainy
17.6,72.3,18.5,312.1,73.3,1003.4,5.9,3.0,2.7,18.4,Cloudy
25.2,41.0,5.1,65.2,20.0,1015.5,20.6,0.2,8.5,14.6,Sunny
19.1,63.3,17.0,233.2,67.7,1014.3,4.0,1.0,3.3,7.7,Cloudy
12.3,83.4,18.5,291.6,96.8,1000.7,7.9,3.6,1.8,8.9,Rainy
19.3,67.0,25.6,153.3,71.9,1005.2,0.0,2.7,3.3,16.1,Cloudy
11.3,85.9,6.2,69.4,60.2,1011.4,0.6,0.4,1.1,8.8,Foggy
22.3,82.4,28.1,324.8,90.3,1002.6,2.3,18.3,2.1,19.4,Thunderstorm
30.1,29.5,10.4,347.3,21.3,1012.0,13.7,0.1,9.7,7.0,Sunny
13.1,90.9,4.9,213.4,52.5,1017.5,0.7,0.6,2.3,17.5,Foggy
16.7,63.2,14.9,339.7,63.7,1018.6,9.5,2.7,3.3,9.6,Cloudy
13.0,76.7,14.2,254.4,94.2,1002.7,4.4,10.4,2.5,8.6,Rainy
19.0,90.0,54.0,80.2,91.4,997.0,3.5,12.7,2.9,15.3,Thunderstorm
26.7,36.2,17.0,116.4,55.1,1013.8,11.8,0.5,2.7,10.1,Partly Cloudy
28.8,54.8,22.7,184.5,44.6,1018.1,11.2,0.0,6.5,11.6,Partly Cloudy
25.5,85.3,26.7,301.1,82.9,995.8,6.2,1.1,1.6,8.3,Rainy
18.8,88.8,55.3,176.6,96.5,997.5,3.4,17.6,2.6,14.2,Thunderstorm
29.7,73.0,12.4,168.4,44.8,1014.7,10.7,-0.0,6.1,12.9,Partly Cloudy
21.1,39.1,12.9,128.2,0.0,1020.5,16.4,0.6,9.1,14.5,Sunny
25.0,61.9,10.0,310.0,54.8,1009.9,10.6,0.8,3.4,8.0,Partly Cloudy
28.0,76.7,70.8,40.2,91.0,1006.9,6.6,28.7,1.8,25.5,Thunderstorm
24.1,30.9,7.5,17.8,6.4,1021.0,12.6,0.2,8.2,16.3,Sunny
18.7,85.1,24.1,318.6,99.6,1005.6,3.4,22.6,1.4,16.3,Thunderstorm
40.4,50.2,10.2,124.3,6.5,1020.8,9.5,0.0,6.4,14.0,Sunny
7.9,84.7,45.2,318.6,100.0,998.1,0.0,3.9,1.5,12.5,Thunderstorm
21.5,64.1,25.7,150.5,68.9,1013.0,7.5,3.3,3.5,15.5,Cloudy
30.4,27.1,8.6,226.7,4.4,1017.1,13.7,0.0,6.4,9.0,Sunny
22.8,45.9,8.4,103.3,17.3,1011.4,14.9,0.3,6.7,6.2,Sunny
17.9,81.7,16.6,126.4,67.9,1001.4,7.7,2.8,3.5,8.2,Cloudy
15.2,76.9,21.3,331.8,94.4,1009.0,11.3,11.0,2.6,11.3,Rainy
18.0,46.8,21.5,94.0,80.8,1014.6,6.9,3.2,2.6,14.6,Cloudy
22.9,76.3,19.2,183.2,82.9,1007.7,6.2,4.5,2.2,8.1,Rainy
26.6,29.9,12.3,306.7,10.3,1018.9,15.2,0.0,11.6,13.3,Sunny
12.2,94.6,26.5,305.6,88.6,995.1,4.2,1.4,2.5,2.3,Rainy
17.0,87.1,29.9,106.2,100.0,979.9,6.8,14.3,1.8,16.5,Thunderstorm
20.2,85.8,31.3,82.7,93.0,996.9,0.0,8.5,2.8,15.9,Thunderstorm
18.7,94.3,63.9,125.7,97.5,995.4,2.5,8.5,1.9,18.3,Thunderstorm
5.9,74.2,28.7,266.7,88.2,1016.1,5.3,4.1,2.9,13.1,Rainy
28.2,38.5,9.7,243.2,21.9,1022.1,18.0,0.0,8.3,14.3,Sunny
32.8,34.3,5.6,104.9,10.1,1018.3,16.4,-0.0,11.8,12.4,Sunny
11.6,90.2,6.5,124.9,74.1,1018.2,2.7,0.9,1.0,10.5,Foggy
19.0,82.1,25.0,242.3,58.4,1015.0,13.2,3.8,2.6,15.2,Cloudy
23.1,41.9,5.7,288.9,16.2,1030.9,16.6,0.0,7.7,18.5,Sunny
11.9,64.0,15.3,79.6,58.5,1003.5,6.6,1.8,3.7,10.4,Cloudy
17.9,82.0,65.9,132.4,96.4,989.5,4.5,23.8,1.9,14.1,Thunderstorm
9.7,92.7,6.8,73.5,62.1,1012.2,2.0,0.5,2.1,9.8,Foggy
18.8,79.0,23.8,177.8,95.3,986.4,7.1,9.3,2.5,6.2,Rainy
24.3,73.0,33.9,144.4,100.0,993.1,5.6,23.1,1.6,18.3,Thunderstorm
16.7,58.9,11.0,172.7,80.6,1007.0,10.5,1.6,2.0,14.6,Cloudy
21.0,88.0,18.9,40.3,86.2,997.8,6.9,29.6,1.4,19.7,Thunderstorm
16.2,57.8,14.7,87.2,75.1,1010.9,4.6,2.5,2.9,12.4,Cloudy
23.1,61.7,25.9,81.7,88.4,1011.7,7.7,1.6,3.3,11.1,Cloudy
30.1,86.7,15.3,348.2,81.4,992.9,2.5,1.3,3.9,7.6,Cloudy
25.0,72.3,29.1,244.5,99.5,997.9,5.1,5.0,1.1,19.7,Thunderstorm
16.3,47.8,6.1,100.3,35.4,1008.0,15.3,0.4,3.9,19.2,Partly Cloudy
11.4,92.7,4.9,359.9,68.3,1012.5,1.8,0.9,2.7,10.8,Foggy
11.4,80.7,5.6,7.9,84.5,1013.0,1.6,0.0,1.2,8.3,Foggy
16.1,64.8,12.5,321.3,74.7,1007.1,8.5,1.3,4.1,10.8,Cloudy
21.7,54.9,21.8,259.0,30.7,1014.1,8.3,0.7,2.9,17.0,Partly Cloudy
16.1,85.8,26.2,295.2,86.9,999.7,3.1,10.1,0.8,10.4,Rainy
10.6,83.0,5.0,66.3,78.4,1016.7,2.0,0.6,2.0,9.5,Foggy
15.8,51.2,24.7,149.2,73.6,1006.6,9.4,0.3,2.7,10.6,Cloudy
29.2,36.8,12.1,310.7,24.5,1012.5,10.7,0.3,7.5,6.6,Sunny
9.1,99.2,4.0,179.3,70.8,1002.4,0.9,0.3,2.5,9.3,Foggy
23.4,45.2,10.2,162.4,23.0,1014.7,12.3,0.0,8.4,14.0,Sunny
28.5,80.5,34.2,309.2,93.8,990.0,3.4,20.6,1.7,18.7,Thunderstorm
13.3,93.2,7.0,63.4,71.6,1019.5,3.5,0.9,1.9,9.0,Foggy
17.8,38.3,12.5,149.9,51.7,1015.7,11.2,0.3,3.9,15.0,Partly Cloudy
25.2,50.3,15.9,98.5,22.7,1009.6,8.1,0.0,9.0,16.1,Partly Cloudy
7.6,85.9,5.9,48.0,41.7,1002.1,2.1,0.4,2.7,9.9,Foggy
26.0,30.9,17.6,201.6,22.0,1019.9,16.1,2.5,4.7,15.3,Partly Cloudy
8.8,97.1,4.5,154.8,71.4,1009.9,2.3,0.1,1.8,6.7,Foggy
17.4,74.8,20.7,204.0,100.0,999.2,8.4,9.3,3.0,12.5,Rainy
21.9,84.3,35.1,62.0,93.3,1008.7,1.8,9.9,1.7,13.7,Thunderstorm
12.1,75.0,32.2,314.3,90.6,1013.9,5.3,0.0,1.2,16.4,Rainy
12.0,84.1,16.9,16.2,100.0,1013.3,3.4,10.6,3.3,9.1,Rainy
21.1,44.4,24.9,26.0,60.2,1021.1,3.5,1.4,3.8,10.9,Cloudy
27.8,14.6,9.7,47.9,0.0,1014.4,12.8,0.0,8.5,18.9,Sunny
15.4,53.0,19.1,170.9,75.5,1017.9,6.9,0.0,2.4,14.2,Cloudy
21.5,87.7,46.9,17.0,92.8,1000.1,3.5,9.1,2.5,19.2,Thunderstorm
12.1,92.7,4.5,135.2,53.8,1007.0,2.1,0.0,3.4,4.8,Foggy
15.6,94.2,7.8,359.5,76.4,1012.1,3.1,0.7,2.9,11.4,Foggy
23.4,61.1,26.2,289.1,72.6,1007.2,5.8,5.1,3.5,13.2,Cloudy
23.5,81.0,49.5,145.5,96.2,989.7,5.8,11.8,2.0,25.2,Thunderstorm
12.7,79.2,40.2,198.6,94.6,1006.9,4.2,9.8,2.2,18.9,Thunderstorm
15.3,69.4,20.0,276.8,79.2,1006.8,9.8,1.9,3.5,17.9,Cloudy
20.2,92.5,45.9,2.3,100.0,997.2,8.7,27.1,2.1,16.6,Thunderstorm
23.2,45.8,11.1,155.9,19.0,1017.9,16.7,0.0,9.1,8.7,Sunny
29.4,20.9,10.7,241.5,14.9,1021.6,16.5,1.2,9.5,15.9,Sunny
13.2,90.7,3.3,61.6,80.2,1016.3,1.8,0.7,2.2,6.0,Foggy
19.7,68.2,21.5,71.7,88.3,1007.4,9.7,0.2,5.2,10.8,Cloudy
23.9,74.5,86.2,252.7,98.6,1013.3,4.8,12.9,1.5,21.6,Thunderstorm
26.3,65.0,17.6,315.0,67.3,998.4,7.6,0.4,3.9,12.2,Cloudy
30.5,40.9,14.0,68.8,10.6,1019.8,14.2,0.1,7.3,17.4,Sunny
14.1,78.1,29.8,116.4,83.3,1001.9,7.8,11.2,2.9,12.1,Rainy
24.5,58.4,2.8,100.4,8.9,1013.3,10.4,1.2,6.8,15.8,Partly Cloudy
33.2,36.6,9.1,174.6,12.7,1019.1,13.3,0.0,8.3,11.4,Sunny
8.3,98.3,5.5,251.3,64.9,1020.3,1.1,0.7,2.7,10.5,Foggy
17.1,95.4,31.1,270.7,92.2,991.9,6.5,21.8,2.5,20.2,Thunderstorm
26.2,47.1,20.1,153.9,43.3,1018.3,19.4,2.7,7.2,17.3,Partly Cloudy
7.3,93.8,6.0,48.2,55.8,1009.9,1.2,0.9,1.7,7.6,Foggy
19.9,79.4,32.8,143.4,99.0,997.0,0.1,12.9,1.6,11.0,Thunderstorm
7.0,96.6,3.3,133.0,67.1,1023.6,0.1,1.0,1.6,7.8,Foggy
22.9,82.6,44.1,17.3,89.5,1014.3,3.9,18.1,0.3,14.7,Thunderstorm
7.9,89.0,6.7,42.1,41.4,1007.6,1.7,0.6,1.9,6.5,Foggy
17.3,72.4,17.2,2.2,96.2,1012.7,9.1,4.1,2.4,14.7,Rainy
27.1,56.9,11.9,230.7,62.5,1017.6,6.8,4.1,1.8,13.2,Cloudy
14.0,80.9,23.6,263.7,81.0,1008.6,4.6,14.0,2.3,18.3,Rainy
29.7,57.6,17.4,313.7,41.0,1013.4,12.1,1.1,3.6,13.4,Partly Cloudy
10.4,93.0,1.8,168.7,100.0,1016.3,4.2,1.5,1.8,11.0,Foggy
36.3,26.3,9.3,149.2,12.8,1016.3,20.6,0.4,7.7,3.9,Sunny
37.1,18.6,16.5,174.4,2.1,1019.8,10.4,0.0,9.3,13.2,Sunny
23.3,44.8,14.2,288.3,50.1,1014.2,11.2,0.4,1.3,7.6,Partly Cloudy
17.9,82.0,19.4,296.5,99.1,1004.6,6.3,5.9,1.5,10.3,Rainy
21.4,86.6,70.9,349.2,93.5,997.8,5.5,14.6,1.4,17.1,Thunderstorm
3.5,100.0,5.2,214.3,89.3,1014.9,2.8,1.1,3.0,7.3,Foggy
20.3,91.7,33.9,192.3,99.4,996.4,8.9,14.6,1.5,19.3,Thunderstorm
8.6,91.6,5.3,152.7,27.3,1010.3,2.1,0.0,1.8,9.6,Foggy
23.6,54.7,16.1,57.7,52.7,1013.1,10.8,2.6,3.6,12.3,Partly Cloudy
16.3,76.9,34.6,61.4,90.2,994.3,8.2,6.4,1.8,13.6,Rainy
23.2,86.4,28.7,339.8,100.0,1011.2,5.8,3.9,1.3,21.5,Thunderstorm
3.0,90.2,3.2,121.0,69.0,1010.2,3.2,0.0,1.3,5.6,Foggy
35.4,40.1,4.6,300.6,12.5,1012.0,15.6,0.0,8.1,10.6,Sunny
22.2,50.0,18.5,42.2,48.6,1026.3,8.8,1.0,4.4,16.3,Partly Cloudy
32.9,39.3,4.3,349.4,21.1,1020.9,15.6,0.1,7.1,7.7,Sunny
7.5,93.6,1.9,57.4,75.4,1013.2,1.3,0.8,2.4,3.8,Foggy
13.4,90.6,2.3,345.3,70.7,1011.7,2.0,0.0,2.8,12.1,Foggy
14.4,90.7,14.8,142.6,100.0,1013.4,8.5,4.2,1.4,10.3,Rainy
34.3,34.0,2.4,274.5,5.7,1023.3,18.5,0.0,8.3,19.9,Sunny
40.5,40.8,13.6,55.3,11.2,1018.6,18.9,0.0,10.2,1.4,Sunny
12.5,86.4,19.4,187.7,85.3,1002.2,6.6,10.6,2.5,12.1,Rainy
19.2,89.9,36.5,119.9,91.8,1001.5,5.2,5.8,1.3,18.5,Thunderstorm
8.5,87.8,1.7,244.0,53.7,1006.1,2.5,0.4,0.9,8.4,Foggy
25.2,56.1,20.8,20.1,46.9,1022.4,8.1,1.3,5.8,16.8,Partly Cloudy
28.7,45.4,7.7,141.0,3.5,1020.3,18.3,0.0,6.9,5.6,Sunny
10.0,85.8,3.8,135.1,46.9,1018.0,2.7,0.0,2.0,8.3,Foggy
10.8,94.7,4.9,69.3,71.2,1009.9,2.8,0.0,0.0,4.2,Foggy
16.1,60.7,19.4,316.0,84.2,1017.2,11.4,2.9,2.9,14.0,Cloudy
32.1,42.1,15.9,96.7,0.0,1022.9,17.4,0.0,9.0,16.7,Sunny
19.5,97.9,22.4,154.7,100.0,989.5,4.1,16.2,1.8,15.3,Thunderstorm
12.0,81.7,14.5,95.3,86.3,1008.5,4.5,7.0,2.6,12.4,Rainy
23.3,48.6,14.8,317.4,31.3,1006.7,9.5,1.2,2.8,2.6,Partly Cloudy
14.5,97.7,65.7,315.1,91.3,1007.2,1.3,10.6,1.4,16.1,Thunderstorm
38.3,37.6,3.5,45.1,0.0,1020.1,14.4,0.0,7.9,8.1,Sunny
30.5,93.7,45.6,256.8,93.3,1001.3,3.0,2.8,0.2,18.6,Thunderstorm
20.6,82.8,26.0,55.6,92.2,1009.0,5.3,9.0,2.2,13.4,Rainy
28.4,24.3,2.7,40.0,13.8,1016.3,10.1,0.2,10.5,9.4,Sunny
24.3,46.7,7.3,30.1,3.6,1005.8,12.7,0.0,11.8,12.9,Sunny
18.0,82.4,7.6,226.1,100.0,990.2,3.0,18.3,2.0,19.5,Thunderstorm
21.3,39.0,10.9,288.3,50.8,1015.9,9.6,1.2,8.4,11.2,Partly Cloudy
16.8,33.5,14.2,335.9,77.0,1028.2,9.4,4.1,4.0,9.6,Cloudy
13.7,85.6,3.7,93.9,92.2,1020.2,2.6,0.0,1.8,3.3,Foggy
35.4,26.4,9.6,225.6,12.0,1014.0,20.5,0.1,6.1,10.4,Sunny
24.1,69.8,5.2,301.2,45.4,1011.0,13.6,0.5,7.4,8.4,Partly Cloudy
27.2,66.6,13.8,95.6,49.7,1017.1,12.5,0.0,4.4,13.7,Partly Cloudy
14.4,84.7,5.8,127.9,82.5,1016.9,1.9,0.0,3.6,14.0,Foggy
19.7,85.2,35.1,332.1,100.0,990.8,4.7,4.9,4.1,11.4,Rainy
23.9,64.2,15.1,172.8,85.9,998.4,2.8,1.2,2.5,9.7,Rainy
31.4,86.8,42.1,309.1,97.6,992.8,6.8,7.7,0.0,14.9,Thunderstorm
19.0,49.3,27.5,276.7,88.8,1009.4,8.5,0.5,5.1,12.7,Cloudy
11.5,96.4,25.1,158.9,76.7,999.9,3.6,8.9,2.4,17.3,Rainy
12.2,48.4,12.5,95.8,58.3,1008.3,8.5,4.1,3.9,15.1,Cloudy
12.3,88.5,5.1,358.5,70.3,1013.9,1.4,0.2,2.1,7.3,Foggy
11.9,90.7,33.2,113.5,98.3,1005.1,7.5,11.4,0.8,12.2,Rainy
21.9,60.6,11.2,69.9,53.6,1011.3,8.6,0.9,5.5,16.1,Partly Cloudy
16.2,87.5,20.7,245.4,89.9,1001.4,10.4,10.9,1.0,8.5,Rainy
11.3,85.0,16.8,109.0,85.7,1018.9,3.6,0.5,2.4,17.9,Cloudy
13.6,78.0,23.3,125.5,85.3,1017.1,6.4,9.7,2.0,10.1,Rainy
22.5,36.2,16.9,333.6,44.0,1011.6,12.0,1.0,6.0,17.6,Partly Cloudy
18.6,58.2,26.9,164.2,92.4,1011.1,9.2,3.4,2.0,18.3,Cloudy
31.7,25.7,8.5,109.9,4.8,1023.1,18.8,0.0,7.7,5.2,Sunny
20.1,83.7,47.5,117.0,98.3,989.0,0.7,11.2,2.0,16.3,Thunderstorm
12.5,96.3,5.6,150.1,85.2,1020.9,1.1,0.3,2.2,13.7,Foggy
26.3,31.8,18.7,55.8,36.3,1011.8,13.5,2.6,5.3,17.6,Partly Cloudy
15.3,83.6,22.9,137.8,96.4,1012.5,1.9,1.4,3.3,12.3,Cloudy
25.7,56.9,5.7,183.1,43.6,1016.0,11.7,0.0,3.8,16.9,Partly Cloudy
35.2,25.2,11.1,140.6,0.0,1018.0,13.2,0.0,4.7,10.5,Sunny
21.5,69.1,20.2,67.8,68.3,1016.0,15.4,5.0,3.8,11.6,Cloudy
20.8,53.9,13.6,55.6,68.1,1010.9,9.8,2.5,2.0,7.7,Cloudy
20.4,69.3,12.1,222.7,67.2,1016.4,8.3,0.0,2.2,11.8,Cloudy
20.3,59.6,18.4,268.1,20.6,1027.5,14.9,1.9,5.5,6.2,Partly Cloudy
25.5,96.7,55.1,209.2,100.0,997.3,3.0,0.0,1.6,17.8,Thunderstorm
26.8,32.7,11.8,303.1,5.8,1019.6,14.5,0.0,6.8,6.0,Sunny
12.9,90.9,23.2,308.4,86.8,1016.8,2.6,6.6,1.6,12.0,Rainy
10.1,74.7,21.5,147.6,100.0,1005.3,7.2,11.1,1.9,9.6,Rainy
7.9,93.0,4.8,338.0,66.4,1017.1,0.9,0.9,2.6,8.3,Foggy
27.9,53.8,23.0,86.3,52.0,1019.4,14.3,0.0,6.0,8.0,Partly Cloudy
19.4,78.3,40.7,272.1,89.2,1004.4,6.1,10.5,1.8,14.5,Rainy
22.8,82.9,39.0,154.8,92.1,992.0,1.9,21.8,1.4,27.1,Thunderstorm
32.9,76.5,60.3,32.3,100.0,997.3,4.3,0.0,1.3,21.4,Thunderstorm
18.9,92.6,74.7,89.6,94.7,995.3,5.7,12.8,1.0,15.0,Thunderstorm
18.3,62.1,18.4,220.4,82.7,999.0,9.9,0.9,4.3,12.2,Cloudy
15.4,87.1,50.5,308.5,96.8,1001.0,5.7,16.2,1.4,17.0,Thunderstorm
25.8,52.7,12.8,174.0,65.5,1010.6,7.0,2.8,3.8,20.6,Cloudy
24.1,34.5,9.6,85.6,4.6,1023.9,19.5,0.0,8.1,14.9,Sunny
18.3,46.0,16.8,139.8,73.6,1004.8,10.1,3.2,4.2,14.5,Cloudy
15.0,84.7,17.3,188.6,84.7,1008.9,4.6,4.6,2.5,15.1,Rainy
16.1,59.4,18.3,193.5,99.4,1005.3,6.6,1.8,4.5,15.2,Cloudy
15.3,85.6,51.6,70.6,93.7,994.1,5.1,20.0,1.8,16.4,Thunderstorm
29.9,25.7,6.7,320.1,23.4,1012.8,15.2,1.2,10.0,11.6,Sunny
24.8,87.5,34.4,326.8,93.4,1003.8,2.4,8.6,1.1,17.1,Thunderstorm
35.2,33.4,9.5,107.0,2.5,1016.5,14.0,-0.0,7.9,12.6,Sunny
28.4,46.2,14.1,196.8,12.3,1028.0,13.1,0.0,7.6,11.9,Sunny
13.5,88.3,6.8,1.8,75.7,1008.9,3.1,0.4,0.8,14.5,Foggy
13.9,91.9,31.2,209.4,89.9,997.2,4.5,11.6,1.4,13.9,Thunderstorm
18.3,57.8,23.8,231.9,75.0,1009.8,7.5,3.2,1.8,9.2,Cloudy
29.2,41.4,15.3,158.4,12.6,1019.7,17.8,0.0,10.4,5.9,Sunny
22.2,77.5,14.1,111.9,65.1,1015.3,6.7,3.1,3.6,13.1,Cloudy
18.5,69.9,21.8,22.2,92.9,1016.1,5.9,5.3,1.9,11.0,Rainy
15.8,88.9,21.5,203.7,95.3,1009.7,4.0,13.4,4.1,8.0,Rainy
29.4,81.6,50.1,200.1,98.3,1004.5,1.4,4.9,1.7,25.8,Thunderstorm
26.9,85.0,59.7,37.1,91.6,1009.1,5.5,15.3,1.3,24.1,Thunderstorm
32.0,30.4,17.3,277.8,38.0,1018.7,12.9,0.4,4.1,17.2,Partly Cloudy
14.1,65.0,13.4,112.0,87.8,1009.3,9.9,2.9,4.2,10.7,Cloudy
8.9,88.8,6.0,89.7,77.1,1016.4,1.8,0.7,2.0,7.0,Foggy
15.7,84.4,56.2,77.0,100.0,992.7,2.1,11.9,1.8,18.1,Thunderstorm
24.7,39.8,11.8,15.0,17.7,1021.2,17.8,0.0,6.2,7.6,Sunny
27.2,36.8,14.9,160.7,50.8,1014.6,8.1,0.5,3.5,15.2,Partly Cloudy
28.3,38.9,17.3,319.6,48.9,1012.0,12.8,0.0,4.6,16.1,Partly Cloudy
19.5,73.5,23.1,297.0,92.1,1009.6,6.4,12.9,2.2,7.6,Rainy
10.1,77.9,36.4,120.5,94.3,996.6,8.1,5.8,1.6,9.7,Rainy
24.1,46.6,18.1,42.2,49.8,1015.9,10.1,2.3,5.3,5.4,Partly Cloudy
11.2,95.0,8.5,175.1,74.9,1010.7,1.5,0.7,2.7,2.5,Foggy
19.4,89.2,25.1,242.3,82.3,1002.5,8.6,6.7,1.1,16.7,Rainy
23.3,42.2,7.7,146.2,37.1,1013.7,12.2,0.0,6.3,20.9,Partly Cloudy
19.0,48.2,14.8,125.0,48.2,1011.5,9.4,0.3,4.2,8.2,Partly Cloudy
13.1,80.8,19.4,185.0,84.0,1000.4,4.7,6.4,3.0,12.3,Rainy
18.5,91.7,30.7,143.7,92.7,995.9,2.8,5.4,0.9,18.2,Thunderstorm
25.3,31.8,8.5,325.0,21.7,1018.0,14.5,0.0,7.6,13.1,Sunny
20.2,100.0,46.4,150.8,100.0,977.2,6.1,15.4,1.4,17.7,Thunderstorm
24.5,84.7,38.9,180.2,97.5,1003.4,4.7,17.1,2.7,17.5,Thunderstorm
29.0,37.1,2.5,346.4,7.9,1017.2,14.2,0.0,7.4,8.4,Sunny
29.2,70.0,67.6,131.4,91.4,991.5,4.6,13.0,0.7,29.4,Thunderstorm
13.1,92.2,5.6,190.8,85.9,1015.6,1.0,0.3,2.8,6.2,Foggy
17.4,78.6,14.6,181.9,61.6,1007.2,8.0,4.2,4.6,11.4,Cloudy
19.4,82.9,15.0,296.6,85.8,1010.5,6.6,9.2,2.7,4.6,Rainy
11.4,62.9,10.8,313.5,98.9,1002.6,6.9,10.4,2.9,10.6,Rainy
23.5,78.8,53.3,209.7,96.8,1005.2,3.1,3.0,2.4,13.3,Thunderstorm
13.3,77.1,10.7,169.1,62.8,1008.8,2.5,4.2,2.9,5.9,Cloudy
21.2,87.3,38.8,91.2,94.4,1005.1,2.0,6.3,1.5,19.9,Thunderstorm
36.3,6.9,4.9,22.3,26.1,1019.9,15.5,0.8,9.2,14.9,Sunny
17.5,46.0,16.8,210.3,30.5,1018.6,12.2,0.4,4.7,16.6,Partly Cloudy
15.9,50.1,17.2,77.9,64.7,1006.8,5.0,3.7,1.5,18.4,Cloudy
15.8,54.9,20.0,256.5,100.0,1020.3,7.9,5.7,2.4,13.2,Cloudy
26.1,74.7,29.2,281.4,100.0,989.6,3.5,6.8,1.8,29.2,Thunderstorm
21.5,71.1,59.6,355.4,100.0,998.8,4.2,2.1,2.2,15.5,Thunderstorm
22.5,35.0,16.1,75.5,33.0,1018.7,11.7,0.5,4.5,19.0,Partly Cloudy
17.6,73.6,33.9,207.0,100.0,1001.9,3.4,18.3,1.3,13.9,Rainy
11.6,82.7,32.2,232.3,77.5,992.9,4.8,0.9,0.7,13.1,Rainy
13.9,72.6,16.3,99.5,83.7,1011.3,7.4,2.5,2.2,9.9,Cloudy
22.8,65.5,16.1,301.0,26.4,1011.2,10.9,2.0,4.5,15.2,Partly Cloudy
9.8,88.4,2.5,327.3,65.1,1018.8,2.2,0.2,2.9,9.6,Foggy
28.8,90.6,25.1,114.7,100.0,1003.6,2.0,5.0,2.2,19.0,Thunderstorm
21.9,70.4,12.9,317.9,67.3,1020.2,5.2,1.8,3.5,10.4,Cloudy
24.5,80.4,51.3,239.9,91.6,1007.1,4.2,16.8,2.2,22.3,Thunderstorm
23.2,55.7,14.9,238.3,20.6,1019.8,8.2,1.3,6.1,14.2,Partly Cloudy
13.3,77.0,52.2,190.1,83.8,998.5,3.2,7.8,1.3,27.8,Thunderstorm
15.7,70.4,28.5,204.2,81.3,1003.8,8.8,3.0,1.9,8.1,Rainy
13.8,78.6,8.1,164.1,86.2,994.3,6.0,6.3,1.2,16.2,Rainy
15.2,56.6,17.8,11.9,65.1,1011.1,6.4,1.6,2.5,11.6,Cloudy
15.1,72.0,32.7,15.7,100.0,1007.2,6.0,6.9,2.3,14.6,Rainy
20.6,77.0,28.5,181.8,78.9,997.3,7.0,11.8,3.5,11.4,Rainy
23.5,35.4,10.9,247.7,13.2,1022.3,17.9,0.2,9.2,15.0,Sunny
26.8,41.1,10.0,339.2,6.3,1022.1,11.8,0.1,8.0,15.0,Sunny
18.6,79.4,82.2,350.1,100.0,1001.4,9.9,17.0,2.5,21.5,Thunderstorm
12.4,61.2,20.5,116.6,71.1,1020.4,5.6,3.0,1.0,7.9,Cloudy
22.8,80.1,33.1,314.3,96.8,982.2,4.3,12.1,0.3,11.5,Thunderstorm
18.3,76.7,30.7,300.4,80.1,1000.7,5.7,6.2,3.1,12.6,Rainy
30.6,42.2,12.6,52.3,39.1,1008.5,12.7,1.2,3.2,14.9,Partly Cloudy
17.1,52.4,17.4,1.5,64.8,1021.1,6.3,2.3,1.7,6.8,Cloudy
16.7,72.6,7.8,128.3,66.3,1000.1,2.0,1.3,3.7,8.8,Cloudy
25.6,93.3,66.5,91.4,98.3,1003.8,0.1,26.9,1.1,18.5,Thunderstorm
14.2,93.1,5.0,8.1,78.9,1010.8,2.6,1.6,0.6,12.3,Foggy
26.4,45.0,10.1,78.4,13.5,1021.6,17.3,0.9,6.1,10.8,Sunny
32.2,31.9,11.5,348.0,21.6,1018.0,16.2,0.3,7.0,10.0,Sunny
21.9,48.5,10.2,26.0,37.0,1020.1,9.8,1.6,7.1,14.0,Partly Cloudy
13.9,87.2,4.3,272.0,62.3,1011.9,1.7,1.2,2.8,11.4,Foggy
22.1,47.7,6.5,211.7,10.8,1013.6,13.6,-0.0,8.0,15.2,Sunny
24.3,58.2,12.4,340.3,36.8,1019.6,10.0,2.3,4.5,17.9,Partly Cloudy
25.3,27.4,9.7,279.9,13.5,1020.0,17.1,0.7,8.7,10.7,Sunny
19.4,93.7,63.9,335.2,89.2,988.2,4.2,13.0,2.2,14.3,Thunderstorm
17.4,84.8,34.4,65.2,100.0,992.7,5.6,11.1,3.4,13.9,Rainy
9.0,55.8,20.8,2.4,63.3,996.4,8.7,3.5,4.9,12.4,Cloudy
16.3,72.1,24.4,36.0,84.8,996.0,5.6,9.9,2.3,13.6,Rainy
12.0,94.1,22.0,103.6,72.3,1011.1,8.0,4.3,1.4,15.2,Rainy
18.7,93.9,21.7,197.4,82.4,1003.7,6.8,11.9,0.3,12.3,Rainy
28.7,55.8,23.5,116.9,37.8,1009.3,14.1,1.8,4.9,15.5,Partly Cloudy
22.8,71.5,13.1,279.3,56.0,1019.3,5.4,1.7,3.8,16.6,Cloudy
18.8,55.0,12.7,25.9,89.7,1003.3,7.7,1.7,2.8,10.2,Cloudy
13.5,88.5,1.6,342.6,52.0,1005.2,2.2,1.4,0.0,0.9,Foggy
18.1,82.2,29.9,262.4,100.0,1021.0,4.4,20.8,3.5,11.3,Rainy
8.9,72.4,61.7,352.5,93.7,987.2,2.1,13.0,2.7,15.6,Thunderstorm
12.9,73.5,23.9,59.4,94.5,991.6,3.9,12.4,1.5,14.9,Rainy
22.4,35.6,10.3,271.9,11.2,1023.0,18.7,0.4,8.6,4.6,Sunny
22.2,68.4,40.3,53.6,87.1,991.2,1.6,12.7,1.1,18.5,Thunderstorm
21.0,82.5,52.4,290.6,93.4,996.8,3.7,5.9,1.4,22.9,Thunderstorm
9.7,98.5,2.9,124.4,52.3,1006.1,1.3,1.0,2.5,8.2,Foggy
28.8,26.5,8.2,154.8,2.0,1009.7,12.3,0.0,10.6,16.2,Sunny
26.8,28.6,24.7,62.4,34.0,1005.5,13.8,0.3,4.6,13.1,Partly Cloudy
6.2,91.0,4.5,333.2,75.3,1005.5,2.3,0.3,3.1,11.4,Foggy
36.6,37.5,13.7,308.0,7.3,1023.4,16.1,0.1,7.0,19.9,Sunny
16.1,52.9,9.4,135.2,85.2,1006.4,1.6,3.6,3.7,13.6,Cloudy
34.5,30.6,10.4,75.9,5.8,1013.1,15.6,0.1,9.2,9.3,Sunny
13.7,76.6,56.4,140.9,85.8,988.0,3.2,25.8,1.1,21.4,Thunderstorm
13.3,88.4,8.2,90.5,89.1,1002.0,7.8,7.7,2.0,14.7,Rainy
17.3,78.9,40.2,301.1,90.2,1007.8,3.9,16.9,1.2,24.3,Thunderstorm
17.5,74.2,68.8,353.9,95.1,996.0,3.1,8.5,1.8,14.6,Thunderstorm
11.1,92.2,5.9,47.0,67.0,1016.8,0.6,0.1,1.2,13.6,Foggy
17.4,71.0,25.4,261.5,96.0,1006.8,10.5,0.0,3.9,13.2,Cloudy
9.8,79.2,27.0,45.8,96.6,1010.9,4.4,10.9,2.9,13.3,Rainy
19.5,62.6,21.0,29.7,66.0,1026.5,9.0,4.6,2.0,12.7,Cloudy
11.5,83.7,4.7,215.6,85.3,1015.4,2.4,1.1,3.5,11.2,Foggy
20.1,74.5,27.8,313.1,87.0,1012.4,6.9,2.6,5.1,13.6,Cloudy
11.5,65.6,21.5,347.5,82.2,1007.5,7.1,10.6,3.1,19.0,Rainy
28.7,51.1,23.8,266.7,28.9,1015.3,14.6,0.3,3.4,14.1,Partly Cloudy
27.2,52.6,16.7,168.8,16.2,1016.4,10.8,1.8,5.1,11.9,Partly Cloudy
25.9,77.6,43.2,255.1,100.0,987.0,2.8,14.3,1.9,25.2,Thunderstorm
15.8,72.7,14.6,152.7,71.2,1003.6,9.4,1.1,1.6,8.7,Cloudy
35.0,41.4,8.2,137.9,8.1,1020.6,13.0,0.0,10.1,14.5,Sunny
28.4,50.7,21.2,246.2,30.9,1016.0,5.7,0.0,5.6,11.4,Partly Cloudy
5.9,97.9,7.0,300.9,76.2,1008.1,2.1,0.9,1.3,10.1,Foggy
25.2,41.2,8.2,356.5,46.9,1015.8,10.1,1.5,4.5,13.2,Partly Cloudy
25.0,27.0,9.4,357.1,5.2,1016.4,18.4,0.4,9.1,9.6,Sunny
7.4,99.7,4.6,76.6,94.3,1019.8,1.9,0.5,0.7,10.6,Foggy
29.0,69.9,19.4,170.1,46.5,1016.5,9.0,2.5,3.8,11.7,Partly Cloudy
18.8,65.2,20.9,98.5,60.2,1007.9,7.7,3.6,3.8,11.7,Cloudy
24.5,76.7,29.6,258.1,85.8,996.2,2.5,15.9,0.8,19.7,Thunderstorm
28.6,17.1,9.5,101.3,12.5,1016.1,11.6,0.0,7.5,8.3,Sunny
25.3,89.6,59.3,120.3,93.9,992.7,5.1,15.2,2.1,10.0,Thunderstorm
27.3,42.0,18.6,268.1,16.2,1017.9,13.6,0.4,7.0,9.9,Sunny
24.1,55.8,7.7,313.2,12.4,1016.3,8.9,1.5,5.5,12.7,Partly Cloudy
22.5,59.1,29.4,276.1,26.6,1015.9,12.7,0.0,6.3,12.0,Partly Cloudy
15.1,88.5,18.3,76.0,99.5,1004.9,5.7,10.0,2.1,11.5,Rainy
14.0,70.2,21.7,44.5,100.0,987.6,0.1,23.9,1.0,17.1,Thunderstorm
25.9,47.1,17.2,333.7,18.2,1023.7,10.0,0.5,3.1,18.1,Partly Cloudy
6.8,90.0,2.1,332.0,80.9,1006.3,1.8,0.7,1.1,4.8,Foggy
23.1,44.3,9.2,56.9,0.8,1013.2,15.1,0.6,7.2,8.2,Sunny
16.5,79.2,49.1,263.1,87.8,991.5,1.6,21.8,2.2,16.0,Thunderstorm
23.7,45.2,4.2,72.6,6.1,1016.8,13.2,0.0,9.3,18.2,Sunny
21.5,82.3,41.9,346.4,93.8,997.1,0.6,13.5,2.2,12.9,Thunderstorm
10.3,98.9,2.4,143.4,60.8,1009.4,2.9,0.9,1.4,6.0,Foggy
23.4,91.0,19.9,133.8,95.6,1007.4,7.7,10.6,2.6,15.9,Thunderstorm
20.3,77.3,17.2,159.9,66.2,1010.7,9.3,1.2,2.6,12.3,Cloudy
20.7,65.9,15.8,353.3,56.2,1013.3,6.1,2.5,2.7,14.4,Cloudy
15.0,73.9,28.9,114.3,93.4,994.8,5.1,12.5,1.4,14.2,Rainy
37.6,52.9,13.2,22.1,17.4,1010.8,9.6,-0.0,10.7,10.6,Sunny
14.1,81.8,34.0,187.3,85.4,1003.8,6.8,14.0,1.9,14.2,Rainy
11.2,83.8,5.6,17.1,81.7,1009.9,2.6,0.4,1.0,4.5,Foggy
35.6,29.9,3.9,236.2,15.5,1014.6,18.2,0.0,5.6,11.9,Sunny
28.6,46.6,12.4,89.1,15.3,1018.0,9.8,0.0,7.7,14.1,Sunny
21.5,97.8,38.9,350.4,93.9,992.3,0.0,13.3,0.0,15.1,Thunderstorm
17.1,88.5,39.9,319.7,100.0,990.6,0.1,23.0,1.5,17.2,Thunderstorm
21.5,86.5,64.0,115.4,86.1,1003.7,3.1,20.1,2.1,15.5,Thunderstorm
20.3,69.6,26.5,213.8,83.8,1016.3,8.1,3.0,3.4,13.5,Cloudy
25.7,34.0,8.9,115.8,22.1,1019.9,17.1,0.2,8.2,9.9,Sunny
14.7,83.1,13.0,79.3,100.0,1007.7,6.3,4.7,1.7,10.6,Rainy
23.2,79.4,38.9,348.8,93.2,996.8,4.3,18.8,1.8,16.3,Thunderstorm
23.1,88.1,33.2,132.7,98.0,1004.8,6.5,12.6,1.8,21.8,Thunderstorm
22.8,26.4,6.8,216.2,11.8,1011.4,12.2,0.3,6.5,17.2,Sunny
25.9,81.8,29.4,337.7,100.0,1007.6,4.6,13.5,0.1,19.8,Thunderstorm
6.5,96.9,3.9,69.6,62.5,1003.2,2.9,1.0,2.1,2.7,Foggy
28.5,40.3,8.3,17.3,13.3,1021.9,12.4,0.0,10.2,17.8,Sunny
29.7,55.1,25.8,330.1,65.7,1012.2,15.5,0.6,4.8,17.0,Partly Cloudy
27.3,49.3,19.0,36.2,22.3,1006.3,9.3,1.0,4.7,9.3,Partly Cloudy
14.8,74.4,29.2,194.8,73.0,1004.5,11.5,-0.0,3.3,13.9,Cloudy
11.5,85.4,4.6,121.5,74.5,1013.2,2.0,1.7,1.0,10.2,Foggy
22.8,45.3,10.8,36.6,37.1,1014.2,16.8,0.3,7.8,16.2,Partly Cloudy
21.6,71.8,13.1,204.9,64.6,1004.9,10.6,0.0,2.1,16.2,Cloudy
21.3,49.3,9.1,12.7,71.4,1013.8,7.4,0.9,7.5,18.2,Partly Cloudy
31.3,35.8,15.8,91.1,46.2,1000.9,9.1,2.6,9.2,17.6,Partly Cloudy
28.3,18.0,10.8,156.5,18.9,1021.9,16.9,0.4,6.9,11.8,Sunny
10.2,80.1,1.2,69.5,68.9,1007.9,3.9,1.1,1.9,10.3,Foggy
21.1,65.2,27.9,306.5,99.9,1007.8,5.5,13.1,1.5,8.0,Rainy
16.2,77.2,22.3,344.7,86.0,1007.0,8.0,5.8,2.3,8.3,Rainy
10.4,83.6,22.3,28.1,91.8,1003.7,6.4,1.8,1.8,5.2,Rainy
26.4,85.8,42.3,123.5,86.8,990.4,1.0,15.2,1.1,20.5,Thunderstorm
32.0,44.6,10.5,288.0,0.0,1017.3,15.7,0.0,9.2,13.8,Sunny
19.2,73.2,30.7,51.7,87.1,1010.3,11.3,5.5,0.0,6.3,Rainy
9.4,89.0,5.4,215.1,75.5,1016.5,2.6,0.5,1.2,11.5,Foggy
26.9,52.8,9.2,145.2,40.0,1013.3,10.9,0.6,5.4,14.3,Partly Cloudy
18.9,60.2,19.3,274.1,63.0,1020.4,12.5,2.6,3.8,16.7,Cloudy
9.9,89.9,2.4,123.3,85.3,1008.9,0.0,0.5,3.7,8.8,Foggy
36.1,43.4,18.3,22.1,12.5,1015.3,17.1,-0.0,10.2,9.3,Sunny
12.4,79.2,23.0,252.9,100.0,1007.6,3.5,10.2,1.2,14.7,Rainy
8.8,71.3,22.6,38.5,100.0,999.7,7.3,11.6,1.5,9.7,Rainy
11.5,89.4,6.0,231.9,100.0,1012.6,1.1,0.9,0.0,7.8,Foggy
6.7,77.0,24.0,92.3,100.0,988.3,8.5,6.9,2.0,14.6,Rainy
14.8,68.7,25.1,22.4,80.5,1006.2,7.0,3.3,2.3,16.7,Cloudy
13.6,83.0,12.4,253.9,79.3,1015.7,4.4,0.5,3.6,9.1,Cloudy
24.2,54.1,24.1,329.9,23.9,1015.6,14.3,0.0,3.6,9.6,Partly Cloudy
27.6,29.7,11.5,56.5,14.7,1012.5,12.6,1.0,9.9,5.8,Sunny
19.8,57.4,14.7,316.4,77.1,1018.7,6.0,2.4,2.8,8.8,Cloudy
23.6,64.6,18.4,120.1,26.2,1014.3,11.3,1.2,3.6,14.5,Partly Cloudy
24.8,78.0,50.2,4.9,95.2,1004.4,3.7,21.6,2.9,15.9,Thunderstorm
12.0,82.2,28.1,42.2,90.3,1010.2,4.4,10.6,0.0,13.7,Rainy
25.8,27.1,16.7,290.5,38.5,1012.3,15.5,1.6,7.1,8.1,Partly Cloudy
11.1,84.3,27.2,245.9,100.0,992.8,6.7,3.3,1.5,12.0,Rainy
22.5,42.1,17.9,29.5,48.5,1005.5,11.4,1.3,5.2,19.4,Partly Cloudy
27.9,49.2,12.7,183.9,21.0,1014.8,17.4,0.8,6.5,8.3,Partly Cloudy
32.7,44.3,10.4,156.2,21.1,1022.1,15.7,1.1,10.1,16.0,Sunny
18.2,52.7,17.0,116.4,53.3,1015.3,11.1,1.4,5.4,11.6,Partly Cloudy
22.6,92.8,39.9,193.5,90.2,999.0,6.2,23.7,2.4,19.2,Thunderstorm
19.7,70.6,21.7,79.6,75.5,1010.1,11.0,2.8,3.3,11.5,Cloudy
29.7,83.9,28.8,228.9,96.4,994.4,6.0,20.7,2.1,21.4,Thunderstorm
10.9,75.7,4.2,36.7,52.1,1011.9,1.7,1.2,4.0,8.8,Foggy
28.5,39.9,10.8,95.3,4.7,1015.6,18.0,0.0,9.5,10.7,Sunny
30.4,35.2,16.1,0.2,51.4,1011.1,14.9,1.2,3.9,17.7,Partly Cloudy
21.1,43.4,16.9,27.7,47.9,1016.8,8.3,2.2,4.8,15.7,Partly Cloudy
22.5,79.0,57.9,295.0,93.5,997.6,1.3,17.1,2.6,17.4,Thunderstorm
24.3,57.5,23.2,6.9,49.9,1017.5,19.6,0.3,5.2,12.6,Partly Cloudy
34.5,39.4,12.3,291.1,9.3,1019.1,17.8,0.0,7.6,16.1,Sunny
11.4,91.4,37.0,32.3,79.5,1005.8,5.8,10.6,1.1,11.5,Rainy
24.5,47.9,18.1,227.1,41.7,1017.0,11.9,2.8,4.9,19.6,Partly Cloudy
18.7,96.1,88.2,223.1,97.6,1003.4,6.2,19.9,1.7,15.9,Thunderstorm
27.4,26.2,21.3,306.2,7.6,1019.6,16.4,0.0,6.7,14.8,Sunny
16.1,65.8,19.1,179.2,60.7,1017.8,4.9,3.9,2.3,14.6,Cloudy
13.4,87.2,6.3,87.3,81.1,1014.5,0.7,0.0,2.5,13.1,Foggy
20.9,84.5,62.2,343.7,100.0,1003.4,3.7,9.4,2.3,20.3,Thunderstorm
10.0,99.4,5.2,284.3,55.1,1020.1,1.8,0.3,3.2,11.0,Foggy
22.2,61.0,17.1,147.6,32.2,1011.5,8.7,1.4,4.4,16.5,Partly Cloudy
9.5,95.9,7.7,345.7,83.1,1019.1,1.3,0.9,1.4,9.7,Foggy
17.7,69.3,15.5,57.4,85.7,1004.3,4.8,3.8,3.5,10.8,Cloudy
17.1,86.3,50.2,312.3,100.0,1009.7,2.2,26.9,1.1,12.3,Thunderstorm
11.3,66.9,10.7,329.2,48.8,1020.8,6.4,2.0,3.6,14.1,Cloudy
9.8,84.1,9.0,234.7,81.7,1009.3,2.2,0.0,1.5,13.1,Foggy
33.3,32.6,9.4,125.3,0.0,1017.9,12.6,0.4,6.9,8.8,Sunny
9.0,86.4,3.1,133.4,59.6,1011.2,1.4,0.7,2.1,7.5,Foggy
28.7,36.7,8.3,213.7,6.5,1019.7,16.9,0.4,7.1,16.9,Sunny
13.3,94.8,2.5,73.0,87.2,1017.4,1.1,0.0,2.2,11.1,Foggy
13.6,62.5,19.1,308.9,71.4,1013.0,6.8,2.2,3.2,11.2,Cloudy
27.6,78.9,63.9,48.8,92.2,993.4,5.6,16.6,0.8,20.1,Thunderstorm
25.3,44.7,16.0,174.4,47.0,1022.7,7.8,2.9,4.7,18.5,Partly Cloudy
32.9,51.9,12.2,179.3,45.2,1017.5,13.1,0.9,5.7,14.4,Partly Cloudy
29.1,39.5,9.4,141.7,8.8,1016.1,10.6,0.3,8.7,13.1,Sunny
20.1,86.9,46.7,36.4,93.5,1002.7,2.7,22.0,2.0,20.5,Thunderstorm
25.3,43.7,23.8,47.4,46.3,1027.6,12.0,1.3,2.8,18.2,Partly Cloudy
19.1,66.0,19.2,76.7,86.7,1005.8,3.0,2.2,3.7,13.8,Cloudy
25.8,46.3,7.9,207.0,33.6,1007.8,9.0,0.7,2.6,15.1,Partly Cloudy
28.7,48.1,12.9,207.4,21.5,1020.8,12.7,0.4,10.6,9.9,Sunny
28.8,44.2,19.1,111.9,7.9,1024.4,19.2,0.0,9.2,8.6,Sunny
13.8,94.5,8.0,328.4,55.0,1018.3,2.2,0.8,0.5,5.5,Foggy
14.9,91.6,4.9,199.3,100.0,1019.6,3.0,0.6,0.0,7.9,Foggy
16.6,70.0,10.9,38.0,89.3,1009.6,6.0,3.3,3.1,8.8,Cloudy
14.2,83.0,35.6,142.7,100.0,998.1,10.2,4.5,1.8,13.1,Rainy
3.6,91.9,3.5,202.1,57.4,1006.2,2.4,0.6,0.9,4.9,Foggy
26.4,19.2,10.8,131.2,5.9,1020.8,12.3,0.2,4.9,5.0,Sunny
20.4,47.6,17.0,125.3,47.9,1019.1,15.3,0.7,4.9,17.2,Partly Cloudy
24.9,65.7,16.5,102.7,72.9,1012.7,5.9,1.1,3.0,11.6,Cloudy
29.1,100.0,38.4,194.5,88.2,996.9,4.9,8.0,2.0,19.2,Thunderstorm
16.3,76.0,26.0,226.3,89.8,1022.4,8.8,13.3,2.8,11.4,Rainy
10.4,74.5,15.3,285.0,90.3,1014.7,6.8,5.1,3.6,10.0,Cloudy
29.8,52.6,11.7,102.1,17.9,1015.1,10.8,0.0,6.4,18.7,Partly Cloudy
14.1,39.4,18.6,98.3,72.1,1005.5,11.5,3.9,3.5,12.7,Cloudy
17.3,75.3,19.1,265.5,76.2,1007.2,7.4,0.4,4.1,7.1,Cloudy
25.3,66.1,23.4,211.4,34.4,1016.4,9.8,0.2,3.3,20.8,Partly Cloudy
10.9,75.7,19.0,338.8,91.5,1013.9,2.9,9.2,0.4,8.8,Rainy
23.6,86.3,53.4,341.2,98.7,987.9,0.9,19.5,0.1,13.1,Thunderstorm
9.8,88.7,43.8,275.0,97.2,984.4,2.4,23.0,1.9,18.3,Thunderstorm
13.2,88.9,7.2,312.6,77.4,1008.0,0.9,0.1,2.0,7.1,Foggy
23.6,64.4,18.2,145.2,84.3,1010.8,3.9,2.7,3.4,12.1,Cloudy
25.8,71.3,14.6,97.6,67.5,1010.4,8.9,0.7,1.9,9.3,Cloudy
20.2,61.1,9.7,200.8,40.4,1011.0,18.9,1.8,5.6,16.1,Partly Cloudy
16.2,69.6,21.8,123.8,87.0,1010.9,6.1,8.6,2.0,16.1,Rainy
7.6,98.1,8.4,39.7,40.8,1005.9,1.2,0.0,1.2,14.1,Foggy
22.5,31.0,15.4,293.4,55.4,1012.6,14.1,1.2,6.3,14.2,Partly Cloudy
9.4,86.1,8.2,343.5,52.3,1008.3,2.7,0.6,0.0,10.4,Foggy
8.7,92.3,3.4,112.5,49.7,1005.4,2.4,0.0,2.8,6.7,Foggy
19.2,58.2,12.9,273.5,82.6,1009.8,8.1,3.6,2.9,17.1,Cloudy
24.8,61.3,9.4,219.0,47.1,1016.7,10.8,0.0,4.1,13.0,Partly Cloudy
20.6,96.8,17.8,261.5,93.8,1000.2,2.3,14.5,2.0,16.8,Thunderstorm
12.7,54.9,28.9,1.3,55.9,1015.9,14.1,2.2,7.7,6.9,Partly Cloudy
21.2,45.8,14.3,14.5,23.4,1018.3,13.9,1.6,5.5,9.4,Partly Cloudy
36.0,32.1,18.9,65.9,40.2,1016.2,9.0,2.3,6.1,18.8,Partly Cloudy
26.4,38.6,8.9,177.2,16.1,1018.5,13.0,0.4,4.5,15.3,Sunny
22.9,80.4,51.1,275.8,89.2,998.1,3.8,9.0,1.3,13.2,Thunderstorm
14.6,72.8,24.4,192.7,91.4,998.8,3.0,13.9,1.9,11.5,Rainy
9.5,92.0,7.2,319.7,72.4,1011.4,2.4,0.7,3.6,4.4,Foggy
21.9,20.8,17.1,305.5,6.8,1017.6,18.0,0.3,6.5,12.0,Sunny
21.1,74.1,64.0,295.9,95.9,997.6,1.6,28.6,0.4,18.1,Thunderstorm
11.7,83.8,3.7,301.2,86.6,1014.5,1.7,0.8,0.6,4.8,Foggy
6.7,98.1,5.0,273.4,43.8,1010.0,3.9,0.3,1.0,7.9,Foggy
18.8,78.5,22.5,106.5,50.0,1009.9,7.3,3.1,4.3,13.6,Cloudy
27.0,54.8,8.2,14.6,39.1,1003.0,12.1,0.9,5.5,6.0,Partly Cloudy
24.5,87.6,75.0,256.0,100.0,995.1,3.1,11.3,1.8,23.0,Thunderstorm
20.0,55.2,17.2,257.5,53.8,1017.4,12.2,0.0,5.4,12.5,Partly Cloudy
16.1,82.4,17.7,15.9,78.4,1008.8,11.3,3.5,3.4,17.4,Cloudy
25.3,86.7,24.6,229.7,95.9,999.6,4.1,31.5,0.9,21.5,Thunderstorm
19.8,94.7,32.6,255.3,96.9,1004.9,7.5,18.2,1.8,17.5,Thunderstorm
10.3,91.4,6.3,35.9,69.8,1015.9,2.2,0.7,2.2,4.8,Foggy
12.5,75.7,31.3,235.9,82.8,999.7,4.2,7.3,1.1,8.9,Rainy
28.3,25.6,15.0,338.2,8.6,1016.0,17.6,0.6,10.1,11.1,Sunny
36.7,21.9,7.8,269.0,2.1,1020.0,16.1,0.3,8.0,17.7,Sunny
26.4,61.9,22.7,20.8,86.1,1008.2,8.2,1.8,2.7,16.7,Cloudy
6.5,83.7,4.7,350.1,75.0,1009.1,1.5,0.3,1.3,13.7,Foggy
22.4,69.4,17.9,194.2,67.0,1011.4,12.1,2.9,3.1,4.3,Cloudy
24.6,34.3,9.8,137.7,10.0,1018.5,14.8,0.5,11.1,14.7,Sunny
35.1,36.5,7.1,271.2,8.1,1018.2,18.1,0.6,6.3,13.5,Sunny
16.7,80.6,16.1,188.7,86.7,1001.5,9.4,11.2,2.1,15.4,Rainy
19.0,63.5,17.5,203.9,86.9,1006.4,7.3,4.6,5.1,16.4,Cloudy
17.7,62.8,18.1,307.2,87.7,1009.9,12.2,0.0,0.5,15.6,Cloudy
13.9,86.2,35.8,300.7,99.2,1001.3,6.9,2.4,1.3,14.1,Rainy
22.2,85.6,35.9,239.4,98.8,988.2,6.3,20.8,1.3,21.4,Thunderstorm
16.0,87.0,35.6,37.0,93.8,992.1,3.6,25.6,0.8,13.7,Thunderstorm
28.2,49.8,20.7,260.6,70.2,1014.3,11.6,1.4,6.2,18.3,Partly Cloudy
19.4,40.9,24.2,123.9,1.6,1026.1,17.1,0.0,4.4,7.0,Sunny
12.5,78.9,17.6,58.9,83.9,1010.1,9.8,0.0,3.4,11.5,Cloudy
12.4,92.6,7.4,239.6,78.6,1017.3,2.3,0.7,1.4,8.0,Foggy
22.2,76.5,6.4,156.3,68.5,1010.9,9.9,0.7,3.8,18.4,Cloudy
20.8,85.2,54.6,106.5,96.1,996.0,7.3,23.0,1.4,22.4,Thunderstorm
28.8,18.7,9.1,304.6,8.9,1009.3,18.6,0.5,7.7,7.9,Sunny
8.9,80.9,24.5,138.6,99.1,997.4,2.7,7.2,0.9,11.2,Rainy
18.3,83.1,13.0,267.9,66.4,1008.0,7.9,1.1,4.2,10.7,Cloudy
19.1,94.0,16.1,260.5,93.7,988.4,4.9,0.0,1.6,5.2,Thunderstorm
12.8,82.6,22.4,180.9,91.3,1015.6,6.3,7.4,2.1,10.1,Rainy
24.6,88.0,39.8,271.0,91.0,1012.3,3.9,23.0,1.2,26.8,Thunderstorm
18.8,46.9,11.3,298.0,22.3,1020.3,16.4,0.0,6.7,10.6,Sunny
19.1,66.1,18.3,237.7,56.8,1014.6,8.0,1.6,6.3,11.8,Partly Cloudy
17.3,87.1,1.2,275.4,94.5,990.2,6.9,26.9,0.0,14.3,Thunderstorm
24.3,46.5,25.1,205.1,41.9,1007.6,12.7,2.7,0.8,8.3,Partly Cloudy
11.1,94.0,6.2,75.7,75.6,1015.6,3.6,0.8,1.6,14.6,Foggy
36.5,16.2,7.9,291.5,3.1,1015.5,14.4,0.2,6.2,16.0,Sunny
22.8,81.4,47.0,28.5,91.1,977.3,2.7,2.7,2.4,18.5,Thunderstorm
21.4,85.0,33.6,316.0,93.0,984.0,2.9,14.2,1.8,20.1,Thunderstorm
20.0,82.6,31.5,128.5,94.8,997.0,5.8,16.5,1.0,17.8,Thunderstorm
17.4,78.8,31.2,239.3,94.2,1004.5,8.0,8.0,4.1,12.3,Rainy
28.7,27.2,11.4,278.1,4.0,1017.3,14.7,0.4,4.1,10.0,Sunny
14.2,100.0,3.5,56.1,56.6,1008.7,2.4,1.0,2.7,8.9,Foggy
11.6,92.4,5.8,236.4,68.6,1008.9,3.1,0.7,0.6,7.4,Foggy
32.6,60.6,21.0,105.3,14.8,1016.5,11.1,0.7,6.5,9.5,Partly Cloudy
14.3,93.0,40.0,97.6,72.4,997.4,8.1,3.6,2.2,9.0,Rainy
11.7,97.2,3.5,0.1,84.0,1008.0,4.3,-0.0,1.9,10.8,Foggy
15.8,68.6,26.6,343.8,82.0,1011.3,12.5,1.7,1.6,8.8,Cloudy
29.4,47.6,15.9,209.2,20.5,1019.2,14.9,0.0,3.9,14.2,Partly Cloudy
27.5,88.6,63.9,307.1,89.2,995.2,6.7,13.7,1.8,13.4,Thunderstorm
23.2,20.8,6.2,298.4,54.7,1010.2,12.9,0.6,5.7,5.4,Partly Cloudy
21.4,73.4,36.7,16.3,90.3,1002.8,5.8,15.5,1.0,18.2,Rainy
16.3,57.1,10.7,156.4,39.4,1014.5,16.8,0.5,4.4,11.2,Partly Cloudy
25.3,42.5,17.6,337.3,39.2,1012.2,12.6,0.4,5.0,15.1,Partly Cloudy
17.7,92.0,24.1,64.3,84.8,1008.9,7.2,14.1,1.5,11.0,Rainy
21.5,22.9,12.6,357.2,62.5,1010.6,8.3,0.5,4.2,15.7,Partly Cloudy
6.4,93.6,4.4,124.4,80.6,1008.6,3.6,0.0,3.5,13.1,Foggy
13.6,87.4,26.6,345.0,96.8,1006.8,2.4,8.9,3.0,10.2,Rainy
29.0,35.1,11.3,172.7,41.2,1005.2,9.9,0.0,5.0,15.0,Partly Cloudy
23.6,76.1,53.9,62.2,97.5,1006.1,5.1,27.6,3.1,16.8,Thunderstorm
10.4,75.8,24.3,64.5,94.9,1014.4,4.1,11.5,2.7,16.4,Rainy
27.9,70.1,44.7,357.6,100.0,1004.8,6.2,19.2,2.0,15.3,Thunderstorm
8.1,97.2,4.6,104.4,55.6,1009.6,0.8,0.1,2.1,10.0,Foggy
16.6,92.1,44.2,118.9,100.0,994.2,7.0,21.3,2.3,20.8,Thunderstorm
24.2,71.3,61.2,84.0,88.2,997.3,5.4,11.3,2.1,13.9,Thunderstorm
21.6,42.6,14.5,204.0,38.5,1020.1,14.7,1.7,4.7,11.0,Partly Cloudy
13.7,100.0,18.4,128.8,98.4,1013.0,4.7,8.4,1.8,17.4,Rainy
11.1,94.0,5.2,311.5,71.0,1007.1,1.3,0.1,2.3,11.0,Foggy
18.5,88.9,58.2,38.7,100.0,984.3,1.5,11.4,2.6,24.6,Thunderstorm
32.6,42.6,13.2,95.1,11.9,1015.8,15.2,0.0,9.9,9.8,Sunny
15.3,58.8,15.3,282.3,76.6,1015.8,9.3,3.4,3.9,18.5,Cloudy
15.4,42.1,12.0,275.0,78.2,1003.0,11.1,3.0,2.9,20.1,Cloudy
15.9,86.5,26.2,245.7,81.6,1009.3,3.5,15.7,1.9,15.9,Rainy
35.7,36.8,6.6,13.5,9.9,1014.8,15.5,0.0,6.5,9.5,Sunny
12.6,83.3,31.7,312.7,100.0,1018.8,8.2,7.7,2.9,14.4,Rainy
18.2,27.1,14.3,187.9,41.6,1015.2,13.5,0.8,3.3,16.4,Partly Cloudy
9.2,92.2,2.5,17.0,76.0,1017.3,2.1,0.8,1.9,5.0,Foggy
21.5,44.0,20.8,327.4,68.2,1016.1,6.1,1.7,2.7,6.2,Cloudy
26.2,26.6,10.5,47.4,17.6,1019.9,10.9,0.1,8.2,21.4,Sunny
29.6,18.6,26.7,252.6,47.8,1009.1,13.2,1.4,6.6,15.5,Partly Cloudy
14.7,60.0,4.5,8.6,84.7,1009.4,8.2,3.1,2.9,8.2,Cloudy
28.5,28.9,14.0,18.0,15.1,1014.3,14.9,-0.0,10.2,16.9,Sunny
10.3,84.0,22.6,247.9,94.0,1021.7,7.0,2.9,3.1,10.7,Rainy
6.8,85.3,6.2,323.8,56.2,1005.4,0.2,0.2,2.2,9.9,Foggy
13.8,95.5,2.0,261.0,90.9,1016.4,3.2,0.6,2.5,10.6,Foggy
27.9,71.4,30.0,165.8,39.5,1012.5,8.6,0.0,4.8,14.5,Partly Cloudy
18.3,44.2,11.1,59.9,74.6,1009.7,4.7,2.1,3.4,14.2,Cloudy
32.8,29.4,8.4,289.5,10.7,1022.3,13.3,0.1,8.1,16.6,Sunny
36.6,28.8,6.4,220.4,9.9,1020.1,18.3,0.2,6.0,9.9,Sunny
19.5,91.8,20.0,291.3,98.0,1001.0,4.8,5.3,2.3,19.6,Thunderstorm
15.5,80.5,19.8,129.7,93.0,1023.1,6.6,1.0,2.7,11.4,Rainy
32.9,34.0,14.8,89.2,9.8,1020.3,20.6,0.0,6.0,12.3,Sunny
26.1,39.1,10.6,114.5,4.5,1011.5,14.7,0.5,9.4,7.7,Sunny
11.9,80.7,21.0,56.4,91.3,1000.7,6.9,6.6,1.7,15.4,Rainy
29.2,31.7,13.9,228.9,18.0,1018.0,15.4,1.4,6.6,14.4,Sunny
19.4,64.5,22.0,211.3,70.8,1015.0,6.5,1.7,3.0,14.5,Cloudy
11.5,86.2,5.2,237.0,62.7,1014.2,3.3,0.7,2.2,5.6,Foggy
24.6,68.5,18.1,32.9,57.3,1015.2,4.8,1.7,4.1,8.8,Cloudy
26.1,67.7,16.7,226.9,16.7,1024.3,14.3,1.3,4.1,14.7,Partly Cloudy
7.3,78.5,29.1,13.4,83.8,1018.1,7.7,0.9,3.1,11.8,Cloudy
28.9,66.0,18.4,239.8,45.5,1013.0,11.1,2.1,5.4,10.1,Partly Cloudy
20.1,72.0,7.6,228.6,72.7,1005.5,14.9,1.0,3.4,13.1,Cloudy
3.2,94.0,4.2,15.1,95.4,1014.9,2.9,0.3,0.3,13.5,Foggy
18.9,81.8,58.0,217.0,95.1,990.3,4.5,20.3,1.8,25.2,Thunderstorm
15.2,51.9,24.4,133.0,81.9,1010.7,5.1,0.8,2.9,12.8,Cloudy
15.1,71.4,20.3,301.0,87.8,1013.5,5.3,8.0,0.0,17.9,Rainy
17.6,58.0,15.4,352.5,31.5,1013.6,13.4,1.2,7.1,13.9,Partly Cloudy
29.7,40.1,15.6,267.2,15.0,1015.9,21.5,0.8,9.1,9.2,Sunny
11.9,58.9,24.0,115.9,97.1,1006.9,6.6,2.9,2.9,6.2,Cloudy
21.3,73.9,16.9,132.8,93.5,1007.7,9.1,2.9,3.3,10.3,Cloudy
22.5,54.2,13.4,88.0,48.4,1013.3,12.8,0.8,3.3,10.8,Partly Cloudy
31.5,40.0,8.3,356.5,10.9,1010.0,16.3,0.6,8.7,18.0,Sunny
25.8,58.3,18.3,293.3,42.5,1019.6,12.0,1.1,5.4,9.6,Partly Cloudy
12.7,85.2,27.3,305.6,90.4,995.1,4.0,8.8,3.3,10.6,Rainy
17.3,88.3,32.7,255.6,91.6,985.9,4.2,25.4,1.8,12.6,Thunderstorm
12.5,93.1,6.1,216.1,50.9,1014.2,2.2,0.7,1.0,7.3,Foggy
7.1,98.4,3.0,83.3,61.0,1010.0,0.9,0.3,1.3,3.1,Foggy
29.9,49.4,10.2,119.5,13.7,1014.8,13.9,1.8,6.6,14.9,Partly Cloudy
14.4,69.1,32.1,341.0,77.9,994.3,8.3,15.9,1.7,6.5,Rainy
22.7,53.6,11.7,110.2,45.9,1022.0,13.4,1.3,5.1,15.5,Partly Cloudy
10.3,65.9,13.3,300.7,72.8,999.4,5.6,17.5,0.0,14.6,Rainy
23.3,51.3,7.8,213.8,14.5,1008.8,19.4,0.0,10.0,9.4,Sunny
26.9,80.9,59.0,277.8,98.1,996.3,2.9,3.3,1.9,14.2,Thunderstorm
19.5,79.1,8.1,91.2,69.3,1001.6,4.8,15.8,3.4,10.5,Rainy
9.6,73.6,19.1,301.0,91.9,1009.7,4.6,12.9,2.1,8.4,Rainy
27.5,66.6,9.6,100.2,39.5,1010.0,9.7,0.0,5.3,14.8,Partly Cloudy
19.4,66.5,11.4,316.6,77.1,1011.4,10.7,5.7,2.5,12.6,Cloudy
21.0,88.6,36.4,300.1,100.0,1001.1,2.2,9.4,2.2,16.8,Thunderstorm
26.6,26.9,3.1,145.3,14.6,1016.9,16.1,0.0,9.8,16.8,Sunny
17.6,64.5,8.0,345.5,85.4,1016.5,14.1,4.3,5.3,15.0,Cloudy
23.7,84.9,31.7,211.2,91.2,1006.1,2.6,15.5,3.1,16.6,Thunderstorm
21.8,78.5,41.8,32.0,86.4,989.2,4.1,12.9,1.0,19.2,Thunderstorm
11.1,96.0,3.9,335.6,59.8,1013.2,3.2,0.5,1.4,8.5,Foggy
29.8,25.0,6.8,215.1,19.3,1022.9,17.5,0.4,7.6,13.0,Sunny
11.5,89.2,5.6,75.8,68.2,1014.0,2.0,0.2,1.7,4.9,Foggy
6.0,97.7,2.2,176.8,77.6,1014.7,1.9,0.0,0.4,7.6,Foggy
28.4,75.7,53.7,173.8,94.4,982.0,3.1,19.0,0.6,9.4,Thunderstorm
27.7,22.0,8.0,317.3,14.0,1011.9,12.6,0.6,3.7,11.3,Sunny
30.6,86.6,29.9,14.5,89.0,996.8,4.8,10.3,2.1,21.4,Thunderstorm
18.3,68.3,14.0,187.5,66.2,1006.1,8.9,2.2,4.2,9.5,Cloudy
25.0,48.4,8.2,282.0,59.5,1018.9,13.3,2.9,3.9,7.0,Partly Cloudy
14.4,77.0,48.5,67.2,100.0,1004.5,4.9,19.6,2.0,16.9,Thunderstorm
23.1,73.0,14.4,154.1,38.6,1019.1,14.3,0.0,4.6,20.8,Partly Cloudy
31.9,35.3,4.6,245.0,7.8,1018.1,19.1,0.1,11.9,10.2,Sunny
24.6,34.2,21.0,92.5,53.3,1011.7,11.8,1.1,10.0,11.6,Partly Cloudy
30.3,22.8,13.0,157.9,18.7,1023.0,15.2,0.0,7.3,9.1,Sunny
13.4,92.0,41.9,118.0,98.7,1000.9,4.9,8.2,1.2,13.9,Thunderstorm
